id_1,id_2,address_1,url1,address_2,url2,jaccard_similarity,euclidean_similarity,combined_similarity
64544,106294,"قشم, لافت,",https://www.shab.ir/houses/show/64544,"قشم, روستای تاریخی لافت,",https://www.shab.ir/houses/show/106294,1.0,0.7058714646514789,0.7941100252560351
64544,64545,"قشم, لافت,",https://www.shab.ir/houses/show/64544,"قشم, لافت,",https://www.shab.ir/houses/show/64545,1.0,0.9190705363145726,0.9433493754202007
64544,98443,"قشم, لافت,",https://www.shab.ir/houses/show/64544,"قشم, شهر لافت,",https://www.shab.ir/houses/show/98443,0.6153846153846154,0.997163120567376,0.8826295690125477
64544,149351,"قشم, لافت,",https://www.shab.ir/houses/show/64544,"قشم, شهر ساحلی سوزا,",https://www.shab.ir/houses/show/149351,0.6923076923076923,0.6576936260456577,0.668077845924268
64736,77133,"قشم, لافت,",https://www.shab.ir/houses/show/64736,"قشم, لافت,",https://www.shab.ir/houses/show/77133,0.6923076923076923,0.6787677206937881,0.6828297121779593
106294,64545,"قشم, روستای تاریخی لافت,",https://www.shab.ir/houses/show/106294,"قشم, لافت,",https://www.shab.ir/houses/show/64545,1.0,0.7011757488161423,0.7908230241712996
106294,98443,"قشم, روستای تاریخی لافت,",https://www.shab.ir/houses/show/106294,"قشم, شهر لافت,",https://www.shab.ir/houses/show/98443,0.6153846153846154,0.7058811430864218,0.6787321847758798
106294,149351,"قشم, روستای تاریخی لافت,",https://www.shab.ir/houses/show/106294,"قشم, شهر ساحلی سوزا,",https://www.shab.ir/houses/show/149351,0.6923076923076923,0.6812707237411773,0.6845818143111317
64545,98443,"قشم, لافت,",https://www.shab.ir/houses/show/64545,"قشم, شهر لافت,",https://www.shab.ir/houses/show/98443,0.6153846153846154,0.9182604433342941,0.8273976949493905
64545,149351,"قشم, لافت,",https://www.shab.ir/houses/show/64545,"قشم, شهر ساحلی سوزا,",https://www.shab.ir/houses/show/149351,0.6923076923076923,0.6455854487501711,0.6596021218174274
98443,149351,"قشم, شهر لافت,",https://www.shab.ir/houses/show/98443,"قشم, شهر ساحلی سوزا,",https://www.shab.ir/houses/show/149351,0.6153846153846154,0.6586387050380469,0.6456624781420175
