id_1,id_2,address_1,url1,address_2,url2,jaccard_similarity,euclidean_similarity,combined_similarity
68780,68640,"سواد کوه, آلاشت,",https://www.shab.ir/houses/show/68780,"سواد کوه, آلاشت,",https://www.shab.ir/houses/show/68640,1.0,0.4397659431969328,0.6078361602378529
68780,68774,"سواد کوه, آلاشت,",https://www.shab.ir/houses/show/68780,"سواد کوه, آلاشت,",https://www.shab.ir/houses/show/68774,0.9230769230769231,0.9740259740259741,0.9587412587412588
68640,68785,"سواد کوه, آلاشت,",https://www.shab.ir/houses/show/68640,"سواد کوه, آلاشت,",https://www.shab.ir/houses/show/68785,1.0,0.7451887447075162,0.8216321212952613
68640,68782,"سواد کوه, آلاشت,",https://www.shab.ir/houses/show/68640,"سواد کوه, آلاشت,",https://www.shab.ir/houses/show/68782,0.9230769230769231,1.0,0.9769230769230769
68640,68789,"سواد کوه, آلاشت,",https://www.shab.ir/houses/show/68640,"سواد کوه, آلاشت,",https://www.shab.ir/houses/show/68789,0.9230769230769231,0.9868421052631579,0.9677125506072874
68785,68782,"سواد کوه, آلاشت,",https://www.shab.ir/houses/show/68785,"سواد کوه, آلاشت,",https://www.shab.ir/houses/show/68782,0.9230769230769231,0.7451887447075162,0.7985551982183382
68785,68789,"سواد کوه, آلاشت,",https://www.shab.ir/houses/show/68785,"سواد کوه, آلاشت,",https://www.shab.ir/houses/show/68789,0.9230769230769231,0.7456225529769038,0.7988588640069096
82466,81666,"سواد کوه, لفور,",https://www.shab.ir/houses/show/82466,"سواد کوه, لفور,",https://www.shab.ir/houses/show/81666,1.0,1.0,1.0
68774,68789,"سواد کوه, آلاشت,",https://www.shab.ir/houses/show/68774,"سواد کوه, آلاشت,",https://www.shab.ir/houses/show/68789,1.0,0.439402173635228,0.6075815215446596
68782,68789,"سواد کوه, آلاشت,",https://www.shab.ir/houses/show/68782,"سواد کوه, آلاشت,",https://www.shab.ir/houses/show/68789,0.8461538461538461,0.9868421052631579,0.9446356275303643
88131,88132,"سواد کوه, سیدکلا,",https://www.shab.ir/houses/show/88131,"سواد کوه, سیدکلا,",https://www.shab.ir/houses/show/88132,1.0,1.0,1.0
