id_1,id_2,address_1,url1,address_2,url2,jaccard_similarity,euclidean_similarity,combined_similarity
34073,34072,"یزد, شهر یزد,",https://www.shab.ir/houses/show/34073,"یزد,",https://www.shab.ir/houses/show/34072,0.9230769230769231,0.8571428571428572,0.8769230769230769
34073,135631,"یزد, شهر یزد,",https://www.shab.ir/houses/show/34073,"یزد, فهادان,",https://www.shab.ir/houses/show/135631,0.8461538461538461,0.5307763780453683,0.6253896184779115
34068,34070,"یزد, شهر یزد,",https://www.shab.ir/houses/show/34068,"یزد, شهر یزد,",https://www.shab.ir/houses/show/34070,0.8461538461538461,0.7608324470996194,0.7864288668158874
34068,78583,"یزد, شهر یزد,",https://www.shab.ir/houses/show/34068,"یزد, امیر چخماق,",https://www.shab.ir/houses/show/78583,0.7692307692307693,0.7889390580274674,0.7830265713884579
34068,34069,"یزد, شهر یزد,",https://www.shab.ir/houses/show/34068,"یزد, شهر یزد,",https://www.shab.ir/houses/show/34069,0.7692307692307693,0.819355771807203,0.8043182710342729
34068,135629,"یزد, شهر یزد,",https://www.shab.ir/houses/show/34068,"یزد, فهادان,",https://www.shab.ir/houses/show/135629,0.6923076923076923,0.7399402508946193,0.7256504833185411
34068,77300,"یزد, شهر یزد,",https://www.shab.ir/houses/show/34068,"یزد, چهاراه بعثت,",https://www.shab.ir/houses/show/77300,0.7692307692307693,0.6980849122532532,0.719428669346508
34068,103309,"یزد, شهر یزد,",https://www.shab.ir/houses/show/34068,"یزد, محله برخوردار,",https://www.shab.ir/houses/show/103309,0.7692307692307693,0.6677468886550285,0.6981920528277508
34068,149100,"یزد, شهر یزد,",https://www.shab.ir/houses/show/34068,"یزد, حسینیان,",https://www.shab.ir/houses/show/149100,0.6923076923076923,0.6621749614066947,0.6712147806769939
34068,135635,"یزد, شهر یزد,",https://www.shab.ir/houses/show/34068,"یزد, فهادان,",https://www.shab.ir/houses/show/135635,0.6923076923076923,0.6456152837826218,0.6596230063401429
34068,135633,"یزد, شهر یزد,",https://www.shab.ir/houses/show/34068,"یزد, فهادان,",https://www.shab.ir/houses/show/135633,0.6923076923076923,0.7399402508946193,0.7256504833185411
34068,135634,"یزد, شهر یزد,",https://www.shab.ir/houses/show/34068,"یزد, فهادان,",https://www.shab.ir/houses/show/135634,0.6923076923076923,0.7399402508946193,0.7256504833185411
34068,103308,"یزد, شهر یزد,",https://www.shab.ir/houses/show/34068,"یزد, محله برخوردار,",https://www.shab.ir/houses/show/103308,0.7692307692307693,0.725159347901142,0.7383807743000301
34068,135631,"یزد, شهر یزد,",https://www.shab.ir/houses/show/34068,"یزد, فهادان,",https://www.shab.ir/houses/show/135631,0.7692307692307693,0.5360956906213783,0.6060362142041955
34072,135631,"یزد,",https://www.shab.ir/houses/show/34072,"یزد, فهادان,",https://www.shab.ir/houses/show/135631,0.7692307692307693,0.5352804336997514,0.6054655343590567
34070,78583,"یزد, شهر یزد,",https://www.shab.ir/houses/show/34070,"یزد, امیر چخماق,",https://www.shab.ir/houses/show/78583,0.6153846153846154,0.6902612759312637,0.6677982777672692
34070,34069,"یزد, شهر یزد,",https://www.shab.ir/houses/show/34070,"یزد, شهر یزد,",https://www.shab.ir/houses/show/34069,0.7692307692307693,0.6547237102365239,0.6890758279347975
34070,135629,"یزد, شهر یزد,",https://www.shab.ir/houses/show/34070,"یزد, فهادان,",https://www.shab.ir/houses/show/135629,0.6923076923076923,0.6921903436619015,0.6922255482556386
34070,77300,"یزد, شهر یزد,",https://www.shab.ir/houses/show/34070,"یزد, چهاراه بعثت,",https://www.shab.ir/houses/show/77300,0.6153846153846154,0.718510219351105,0.6875725381611582
34070,103309,"یزد, شهر یزد,",https://www.shab.ir/houses/show/34070,"یزد, محله برخوردار,",https://www.shab.ir/houses/show/103309,0.7692307692307693,0.5902208157920963,0.6439238018236981
34070,149100,"یزد, شهر یزد,",https://www.shab.ir/houses/show/34070,"یزد, حسینیان,",https://www.shab.ir/houses/show/149100,0.8461538461538461,0.6982651023895831,0.7426317255188619
34070,135635,"یزد, شهر یزد,",https://www.shab.ir/houses/show/34070,"یزد, فهادان,",https://www.shab.ir/houses/show/135635,0.6923076923076923,0.6067771345839158,0.6324363019010487
34070,135633,"یزد, شهر یزد,",https://www.shab.ir/houses/show/34070,"یزد, فهادان,",https://www.shab.ir/houses/show/135633,0.6923076923076923,0.6921903436619015,0.6922255482556386
34070,135634,"یزد, شهر یزد,",https://www.shab.ir/houses/show/34070,"یزد, فهادان,",https://www.shab.ir/houses/show/135634,0.6923076923076923,0.6921903436619015,0.6922255482556386
34070,103308,"یزد, شهر یزد,",https://www.shab.ir/houses/show/34070,"یزد, محله برخوردار,",https://www.shab.ir/houses/show/103308,0.7692307692307693,0.6515994259587565,0.6868888289403603
68077,114495,"یزد, انقلاب,",https://www.shab.ir/houses/show/68077,"یزد, میدان امیرچخماق,",https://www.shab.ir/houses/show/114495,0.8461538461538461,0.6081899414191643,0.6795791128395687
68077,135635,"یزد, انقلاب,",https://www.shab.ir/houses/show/68077,"یزد, فهادان,",https://www.shab.ir/houses/show/135635,0.7692307692307693,0.5452236249343416,0.6124257682232699
68077,135631,"یزد, انقلاب,",https://www.shab.ir/houses/show/68077,"یزد, فهادان,",https://www.shab.ir/houses/show/135631,0.6923076923076923,0.5702382742343475,0.6068590996563509
78583,34069,"یزد, امیر چخماق,",https://www.shab.ir/houses/show/78583,"یزد, شهر یزد,",https://www.shab.ir/houses/show/34069,0.5384615384615384,0.7535312072427146,0.6890103066083617
78583,114495,"یزد, امیر چخماق,",https://www.shab.ir/houses/show/78583,"یزد, میدان امیرچخماق,",https://www.shab.ir/houses/show/114495,0.8461538461538461,0.5584928613483798,0.6447911567900197
78583,135629,"یزد, امیر چخماق,",https://www.shab.ir/houses/show/78583,"یزد, فهادان,",https://www.shab.ir/houses/show/135629,0.6153846153846154,0.735114752966242,0.699195711691754
78583,77300,"یزد, امیر چخماق,",https://www.shab.ir/houses/show/78583,"یزد, چهاراه بعثت,",https://www.shab.ir/houses/show/77300,0.8461538461538461,0.6627378279527826,0.7177626334131015
78583,103309,"یزد, امیر چخماق,",https://www.shab.ir/houses/show/78583,"یزد, محله برخوردار,",https://www.shab.ir/houses/show/103309,0.8461538461538461,0.6407756583316006,0.7023891146782741
78583,149100,"یزد, امیر چخماق,",https://www.shab.ir/houses/show/78583,"یزد, حسینیان,",https://www.shab.ir/houses/show/149100,0.7692307692307693,0.6830221591773883,0.7088847421934026
78583,135635,"یزد, امیر چخماق,",https://www.shab.ir/houses/show/78583,"یزد, فهادان,",https://www.shab.ir/houses/show/135635,0.6153846153846154,0.735114752966242,0.699195711691754
78583,135633,"یزد, امیر چخماق,",https://www.shab.ir/houses/show/78583,"یزد, فهادان,",https://www.shab.ir/houses/show/135633,0.6153846153846154,0.735114752966242,0.699195711691754
78583,135634,"یزد, امیر چخماق,",https://www.shab.ir/houses/show/78583,"یزد, فهادان,",https://www.shab.ir/houses/show/135634,0.6153846153846154,0.735114752966242,0.699195711691754
78583,103308,"یزد, امیر چخماق,",https://www.shab.ir/houses/show/78583,"یزد, محله برخوردار,",https://www.shab.ir/houses/show/103308,0.8461538461538461,0.7105734538195521,0.7512475715198402
78583,135631,"یزد, امیر چخماق,",https://www.shab.ir/houses/show/78583,"یزد, فهادان,",https://www.shab.ir/houses/show/135631,0.8461538461538461,0.6092077431034143,0.6802915740185438
34069,135629,"یزد, شهر یزد,",https://www.shab.ir/houses/show/34069,"یزد, فهادان,",https://www.shab.ir/houses/show/135629,0.6153846153846154,0.6736742985015236,0.6561873935664511
34069,77300,"یزد, شهر یزد,",https://www.shab.ir/houses/show/34069,"یزد, چهاراه بعثت,",https://www.shab.ir/houses/show/77300,0.6923076923076923,0.623120523978691,0.6438766744773914
34069,103309,"یزد, شهر یزد,",https://www.shab.ir/houses/show/34069,"یزد, محله برخوردار,",https://www.shab.ir/houses/show/103309,0.5384615384615384,0.6797588751482206,0.6373696741422159
34069,149100,"یزد, شهر یزد,",https://www.shab.ir/houses/show/34069,"یزد, حسینیان,",https://www.shab.ir/houses/show/149100,0.6153846153846154,0.5952839682673422,0.6013141624025242
34069,135635,"یزد, شهر یزد,",https://www.shab.ir/houses/show/34069,"یزد, فهادان,",https://www.shab.ir/houses/show/135635,0.6153846153846154,0.6155146919667275,0.6154756689920938
34069,135633,"یزد, شهر یزد,",https://www.shab.ir/houses/show/34069,"یزد, فهادان,",https://www.shab.ir/houses/show/135633,0.6153846153846154,0.6736742985015236,0.6561873935664511
34069,135634,"یزد, شهر یزد,",https://www.shab.ir/houses/show/34069,"یزد, فهادان,",https://www.shab.ir/houses/show/135634,0.6153846153846154,0.6736742985015236,0.6561873935664511
34069,103308,"یزد, شهر یزد,",https://www.shab.ir/houses/show/34069,"یزد, محله برخوردار,",https://www.shab.ir/houses/show/103308,0.5384615384615384,0.6995155493263969,0.6511993460669394
34069,135631,"یزد, شهر یزد,",https://www.shab.ir/houses/show/34069,"یزد, فهادان,",https://www.shab.ir/houses/show/135631,0.6923076923076923,0.5611235450061937,0.6004787891966432
114495,149100,"یزد, میدان امیرچخماق,",https://www.shab.ir/houses/show/114495,"یزد, حسینیان,",https://www.shab.ir/houses/show/149100,0.7692307692307693,0.5582385082903331,0.6215361865724639
114495,135635,"یزد, میدان امیرچخماق,",https://www.shab.ir/houses/show/114495,"یزد, فهادان,",https://www.shab.ir/houses/show/135635,0.6153846153846154,0.6600934639763928,0.6466808093988595
114495,103308,"یزد, میدان امیرچخماق,",https://www.shab.ir/houses/show/114495,"یزد, محله برخوردار,",https://www.shab.ir/houses/show/103308,0.8461538461538461,0.5219004745316672,0.6191764860183209
114495,135631,"یزد, میدان امیرچخماق,",https://www.shab.ir/houses/show/114495,"یزد, فهادان,",https://www.shab.ir/houses/show/135631,0.6923076923076923,0.6340517215506785,0.6515285127777826
135629,77300,"یزد, فهادان,",https://www.shab.ir/houses/show/135629,"یزد, چهاراه بعثت,",https://www.shab.ir/houses/show/77300,0.6153846153846154,0.8173907976613517,0.7567889429783308
135629,103309,"یزد, فهادان,",https://www.shab.ir/houses/show/135629,"یزد, محله برخوردار,",https://www.shab.ir/houses/show/103309,0.6153846153846154,0.6833380838519811,0.6629520433117714
135629,149100,"یزد, فهادان,",https://www.shab.ir/houses/show/135629,"یزد, حسینیان,",https://www.shab.ir/houses/show/149100,0.6923076923076923,0.7648855305559041,0.7431121790814406
135629,135635,"یزد, فهادان,",https://www.shab.ir/houses/show/135629,"یزد, فهادان,",https://www.shab.ir/houses/show/135635,1.0,0.7499999999999999,0.825
135629,135633,"یزد, فهادان,",https://www.shab.ir/houses/show/135629,"یزد, فهادان,",https://www.shab.ir/houses/show/135633,1.0,1.0,1.0
135629,135634,"یزد, فهادان,",https://www.shab.ir/houses/show/135629,"یزد, فهادان,",https://www.shab.ir/houses/show/135634,1.0,1.0,1.0
135629,103308,"یزد, فهادان,",https://www.shab.ir/houses/show/135629,"یزد, محله برخوردار,",https://www.shab.ir/houses/show/103308,0.6153846153846154,0.7746996961492404,0.7269051719198528
135629,135631,"یزد, فهادان,",https://www.shab.ir/houses/show/135629,"یزد, فهادان,",https://www.shab.ir/houses/show/135631,0.7692307692307693,0.5506213353537636,0.6162041655168653
77300,103309,"یزد, چهاراه بعثت,",https://www.shab.ir/houses/show/77300,"یزد, محله برخوردار,",https://www.shab.ir/houses/show/103309,0.8461538461538461,0.6649937805911148,0.7193418002599341
77300,149100,"یزد, چهاراه بعثت,",https://www.shab.ir/houses/show/77300,"یزد, حسینیان,",https://www.shab.ir/houses/show/149100,0.7692307692307693,0.7987836201016402,0.7899177648403788
77300,135635,"یزد, چهاراه بعثت,",https://www.shab.ir/houses/show/77300,"یزد, فهادان,",https://www.shab.ir/houses/show/135635,0.6153846153846154,0.666706761521151,0.6513101176801903
77300,135633,"یزد, چهاراه بعثت,",https://www.shab.ir/houses/show/77300,"یزد, فهادان,",https://www.shab.ir/houses/show/135633,0.6153846153846154,0.8173907976613517,0.7567889429783308
77300,135634,"یزد, چهاراه بعثت,",https://www.shab.ir/houses/show/77300,"یزد, فهادان,",https://www.shab.ir/houses/show/135634,0.6153846153846154,0.8173907976613517,0.7567889429783308
77300,103308,"یزد, چهاراه بعثت,",https://www.shab.ir/houses/show/77300,"یزد, محله برخوردار,",https://www.shab.ir/houses/show/103308,0.8461538461538461,0.7470951925278122,0.7768127886156223
103309,149100,"یزد, محله برخوردار,",https://www.shab.ir/houses/show/103309,"یزد, حسینیان,",https://www.shab.ir/houses/show/149100,0.9230769230769231,0.6193838627461409,0.7104917808453755
103309,135635,"یزد, محله برخوردار,",https://www.shab.ir/houses/show/103309,"یزد, فهادان,",https://www.shab.ir/houses/show/135635,0.6153846153846154,0.6115007949300424,0.6126659410664143
103309,135633,"یزد, محله برخوردار,",https://www.shab.ir/houses/show/103309,"یزد, فهادان,",https://www.shab.ir/houses/show/135633,0.6153846153846154,0.6833380838519811,0.6629520433117714
103309,135634,"یزد, محله برخوردار,",https://www.shab.ir/houses/show/103309,"یزد, فهادان,",https://www.shab.ir/houses/show/135634,0.6153846153846154,0.6833380838519811,0.6629520433117714
103309,103308,"یزد, محله برخوردار,",https://www.shab.ir/houses/show/103309,"یزد, محله برخوردار,",https://www.shab.ir/houses/show/103308,1.0,0.8282873969196977,0.8798011778437884
149100,135635,"یزد, حسینیان,",https://www.shab.ir/houses/show/149100,"یزد, فهادان,",https://www.shab.ir/houses/show/135635,0.6923076923076923,0.7207978560338614,0.7122508069160105
149100,135633,"یزد, حسینیان,",https://www.shab.ir/houses/show/149100,"یزد, فهادان,",https://www.shab.ir/houses/show/135633,0.6923076923076923,0.7648855305559041,0.7431121790814406
149100,135634,"یزد, حسینیان,",https://www.shab.ir/houses/show/149100,"یزد, فهادان,",https://www.shab.ir/houses/show/135634,0.6923076923076923,0.7648855305559041,0.7431121790814406
149100,103308,"یزد, حسینیان,",https://www.shab.ir/houses/show/149100,"یزد, محله برخوردار,",https://www.shab.ir/houses/show/103308,0.9230769230769231,0.7074136852012448,0.7721126565639482
135635,135633,"یزد, فهادان,",https://www.shab.ir/houses/show/135635,"یزد, فهادان,",https://www.shab.ir/houses/show/135633,1.0,0.7499999999999999,0.825
135635,135634,"یزد, فهادان,",https://www.shab.ir/houses/show/135635,"یزد, فهادان,",https://www.shab.ir/houses/show/135634,1.0,0.7499999999999999,0.825
135635,103308,"یزد, فهادان,",https://www.shab.ir/houses/show/135635,"یزد, محله برخوردار,",https://www.shab.ir/houses/show/103308,0.6153846153846154,0.6817517378057029,0.6618416010793766
135635,135631,"یزد, فهادان,",https://www.shab.ir/houses/show/135635,"یزد, فهادان,",https://www.shab.ir/houses/show/135631,0.7692307692307693,0.6341830016886708,0.6746973319513003
135633,135634,"یزد, فهادان,",https://www.shab.ir/houses/show/135633,"یزد, فهادان,",https://www.shab.ir/houses/show/135634,1.0,1.0,1.0
135633,103308,"یزد, فهادان,",https://www.shab.ir/houses/show/135633,"یزد, محله برخوردار,",https://www.shab.ir/houses/show/103308,0.6153846153846154,0.7746996961492404,0.7269051719198528
135633,135631,"یزد, فهادان,",https://www.shab.ir/houses/show/135633,"یزد, فهادان,",https://www.shab.ir/houses/show/135631,0.7692307692307693,0.5506213353537636,0.6162041655168653
135634,103308,"یزد, فهادان,",https://www.shab.ir/houses/show/135634,"یزد, محله برخوردار,",https://www.shab.ir/houses/show/103308,0.6153846153846154,0.7746996961492404,0.7269051719198528
135634,135631,"یزد, فهادان,",https://www.shab.ir/houses/show/135634,"یزد, فهادان,",https://www.shab.ir/houses/show/135631,0.7692307692307693,0.5506213353537636,0.6162041655168653
