id_1,id_2,address_1,url1,address_2,url2,jaccard_similarity,euclidean_similarity,combined_similarity
92675,76499,"رشت, سراوان روستای قاضیان,",https://www.shab.ir/houses/show/92675,"رشت, شهر بیجار,",https://www.shab.ir/houses/show/76499,0.9230769230769231,0.618398045739135,0.7098017089404715
150868,150738,"رشت, جنب دانشکده تربیت بدنی دانشگاه گیلان,",https://www.shab.ir/houses/show/150868,"رشت, جنب دانشکده تربیت بدنی دانشگاه گیلان,",https://www.shab.ir/houses/show/150738,0.9230769230769231,0.536193371539083,0.652258437000435
150868,150835,"رشت, جنب دانشکده تربیت بدنی دانشگاه گیلان,",https://www.shab.ir/houses/show/150868,"رشت, جنب دانشکده تربیت بدنی دانشگاه گیلان,",https://www.shab.ir/houses/show/150835,1.0,1.0,1.0
150868,150731,"رشت, جنب دانشکده تربیت بدنی دانشگاه گیلان,",https://www.shab.ir/houses/show/150868,"رشت, جنب دانشکده تربیت بدنی دانشگاه گیلان,",https://www.shab.ir/houses/show/150731,0.9230769230769231,0.5365971199820486,0.6525410609105109
123039,150738,"رشت, سراوان,",https://www.shab.ir/houses/show/123039,"رشت, جنب دانشکده تربیت بدنی دانشگاه گیلان,",https://www.shab.ir/houses/show/150738,0.7692307692307693,0.8289118554757958,0.8110075296022878
123039,150731,"رشت, سراوان,",https://www.shab.ir/houses/show/123039,"رشت, جنب دانشکده تربیت بدنی دانشگاه گیلان,",https://www.shab.ir/houses/show/150731,0.7692307692307693,0.8322087449003333,0.813315352199464
123039,39710,"رشت, سراوان,",https://www.shab.ir/houses/show/123039,"رشت, روستای ویشکاننک,",https://www.shab.ir/houses/show/39710,0.5384615384615384,0.6302557506041809,0.6027174869613882
123039,123196,"رشت, سراوان,",https://www.shab.ir/houses/show/123039,"رشت, سراوان,",https://www.shab.ir/houses/show/123196,1.0,0.9243259303118845,0.9470281512183192
150738,150835,"رشت, جنب دانشکده تربیت بدنی دانشگاه گیلان,",https://www.shab.ir/houses/show/150738,"رشت, جنب دانشکده تربیت بدنی دانشگاه گیلان,",https://www.shab.ir/houses/show/150835,0.9230769230769231,0.536193371539083,0.652258437000435
150738,150731,"رشت, جنب دانشکده تربیت بدنی دانشگاه گیلان,",https://www.shab.ir/houses/show/150738,"رشت, جنب دانشکده تربیت بدنی دانشگاه گیلان,",https://www.shab.ir/houses/show/150731,0.8461538461538461,0.9931506849315068,0.9490516332982085
150738,39710,"رشت, جنب دانشکده تربیت بدنی دانشگاه گیلان,",https://www.shab.ir/houses/show/150738,"رشت, روستای ویشکاننک,",https://www.shab.ir/houses/show/39710,0.6153846153846154,0.6680359893722728,0.6522405771759756
150738,39714,"رشت, جنب دانشکده تربیت بدنی دانشگاه گیلان,",https://www.shab.ir/houses/show/150738,"رشت, روستای ویشکاننک,",https://www.shab.ir/houses/show/39714,0.5384615384615384,0.6755259255695757,0.6344066094371645
150738,123196,"رشت, جنب دانشکده تربیت بدنی دانشگاه گیلان,",https://www.shab.ir/houses/show/150738,"رشت, سراوان,",https://www.shab.ir/houses/show/123196,0.7692307692307693,0.8294087522670891,0.8113553573561931
150738,39711,"رشت, جنب دانشکده تربیت بدنی دانشگاه گیلان,",https://www.shab.ir/houses/show/150738,"رشت, روستای ویشکاننک,",https://www.shab.ir/houses/show/39711,0.5384615384615384,0.6680359893722728,0.6291636540990524
150835,150731,"رشت, جنب دانشکده تربیت بدنی دانشگاه گیلان,",https://www.shab.ir/houses/show/150835,"رشت, جنب دانشکده تربیت بدنی دانشگاه گیلان,",https://www.shab.ir/houses/show/150731,0.9230769230769231,0.5365971199820486,0.6525410609105109
150731,39710,"رشت, جنب دانشکده تربیت بدنی دانشگاه گیلان,",https://www.shab.ir/houses/show/150731,"رشت, روستای ویشکاننک,",https://www.shab.ir/houses/show/39710,0.46153846153846156,0.6659382275895087,0.6046182977741945
150731,123196,"رشت, جنب دانشکده تربیت بدنی دانشگاه گیلان,",https://www.shab.ir/houses/show/150731,"رشت, سراوان,",https://www.shab.ir/houses/show/123196,0.7692307692307693,0.8310924712667157,0.8125339606559316
39710,39714,"رشت, روستای ویشکاننک,",https://www.shab.ir/houses/show/39710,"رشت, روستای ویشکاننک,",https://www.shab.ir/houses/show/39714,0.9230769230769231,0.9315068493150686,0.9289778714436249
39710,123196,"رشت, روستای ویشکاننک,",https://www.shab.ir/houses/show/39710,"رشت, سراوان,",https://www.shab.ir/houses/show/123196,0.5384615384615384,0.6522386191495001,0.6181054949431115
39710,39711,"رشت, روستای ویشکاننک,",https://www.shab.ir/houses/show/39710,"رشت, روستای ویشکاننک,",https://www.shab.ir/houses/show/39711,0.9230769230769231,1.0,0.9769230769230769
39714,39711,"رشت, روستای ویشکاننک,",https://www.shab.ir/houses/show/39714,"رشت, روستای ویشکاننک,",https://www.shab.ir/houses/show/39711,1.0,0.9315068493150686,0.952054794520548
