id_1,id_2,address_1,url1,address_2,url2,jaccard_similarity,euclidean_similarity,combined_similarity
77677,155227,"اصفهان, خیابان شریف واقفی,",https://www.shab.ir/houses/show/77677,"اصفهان, خیابان شریف واقفی,",https://www.shab.ir/houses/show/155227,0.6923076923076923,0.591868598383743,0.6220003265609277
77677,77685,"اصفهان, خیابان شریف واقفی,",https://www.shab.ir/houses/show/77677,"اصفهان, خیابان شریف واقفی,",https://www.shab.ir/houses/show/77685,0.9230769230769231,0.49021065233221645,0.6200705335556285
77677,146408,"اصفهان, خیابان شریف واقفی,",https://www.shab.ir/houses/show/77677,"اصفهان, خیابان هاتف,",https://www.shab.ir/houses/show/146408,0.6923076923076923,0.5716531392612698,0.6078495051751965
77677,68604,"اصفهان, خیابان شریف واقفی,",https://www.shab.ir/houses/show/77677,"اصفهان, بیدآباد,",https://www.shab.ir/houses/show/68604,0.8461538461538461,0.5245272725664822,0.6210152446426913
155227,77685,"اصفهان, خیابان شریف واقفی,",https://www.shab.ir/houses/show/155227,"اصفهان, خیابان شریف واقفی,",https://www.shab.ir/houses/show/77685,0.7692307692307693,0.7266182878122754,0.7394020322378236
155227,99107,"اصفهان, خیابان شریف واقفی,",https://www.shab.ir/houses/show/155227,"اصفهان, شیخ یوسف,",https://www.shab.ir/houses/show/99107,0.46153846153846156,0.6791728729877405,0.6138825495529567
155227,68604,"اصفهان, خیابان شریف واقفی,",https://www.shab.ir/houses/show/155227,"اصفهان, بیدآباد,",https://www.shab.ir/houses/show/68604,0.8461538461538461,0.5136100063208726,0.6133731582707647
77685,99107,"اصفهان, خیابان شریف واقفی,",https://www.shab.ir/houses/show/77685,"اصفهان, شیخ یوسف,",https://www.shab.ir/houses/show/99107,0.5384615384615384,0.6649045226797086,0.6269716274142575
146408,99107,"اصفهان, خیابان هاتف,",https://www.shab.ir/houses/show/146408,"اصفهان, شیخ یوسف,",https://www.shab.ir/houses/show/99107,0.6153846153846154,0.5996277496293956,0.6043548093559615
146408,68604,"اصفهان, خیابان هاتف,",https://www.shab.ir/houses/show/146408,"اصفهان, بیدآباد,",https://www.shab.ir/houses/show/68604,0.8461538461538461,0.6948556661645189,0.7402451201613169
