id_1,id_2,address_1,url1,address_2,url2,jaccard_similarity,euclidean_similarity,combined_similarity
37575,37582,"خلخال, روستای خمس,",https://www.shab.ir/houses/show/37575,"خلخال, روستای خمس,",https://www.shab.ir/houses/show/37582,1.0,1.0,1.0
37575,37585,"خلخال, روستای خمس,",https://www.shab.ir/houses/show/37575,"خلخال, روستای خمس,",https://www.shab.ir/houses/show/37585,1.0,1.0,1.0
37575,37581,"خلخال, روستای خمس,",https://www.shab.ir/houses/show/37575,"خلخال, روستای خمس,",https://www.shab.ir/houses/show/37581,1.0,1.0,1.0
37575,37586,"خلخال, روستای خمس,",https://www.shab.ir/houses/show/37575,"خلخال, روستای خمس,",https://www.shab.ir/houses/show/37586,1.0,1.0,1.0
37582,37585,"خلخال, روستای خمس,",https://www.shab.ir/houses/show/37582,"خلخال, روستای خمس,",https://www.shab.ir/houses/show/37585,1.0,1.0,1.0
37582,37581,"خلخال, روستای خمس,",https://www.shab.ir/houses/show/37582,"خلخال, روستای خمس,",https://www.shab.ir/houses/show/37581,1.0,1.0,1.0
37582,37586,"خلخال, روستای خمس,",https://www.shab.ir/houses/show/37582,"خلخال, روستای خمس,",https://www.shab.ir/houses/show/37586,1.0,1.0,1.0
37585,37581,"خلخال, روستای خمس,",https://www.shab.ir/houses/show/37585,"خلخال, روستای خمس,",https://www.shab.ir/houses/show/37581,1.0,1.0,1.0
37585,37586,"خلخال, روستای خمس,",https://www.shab.ir/houses/show/37585,"خلخال, روستای خمس,",https://www.shab.ir/houses/show/37586,1.0,1.0,1.0
37581,37586,"خلخال, روستای خمس,",https://www.shab.ir/houses/show/37581,"خلخال, روستای خمس,",https://www.shab.ir/houses/show/37586,1.0,1.0,1.0
