id_1,id_2,address_1,url1,address_2,url2,jaccard_similarity,euclidean_similarity,combined_similarity
67397,67402,"کاشان, روستای کاغذی,",https://www.shab.ir/houses/show/67397,"کاشان, روستای کاغذی,",https://www.shab.ir/houses/show/67402,0.8461538461538461,0.9322033898305084,0.9063885267275097
67397,34984,"کاشان, روستای کاغذی,",https://www.shab.ir/houses/show/67397,"کاشان, روستای کاغذی,",https://www.shab.ir/houses/show/34984,0.7692307692307693,0.5625986156609288,0.624588261731881
67397,34982,"کاشان, روستای کاغذی,",https://www.shab.ir/houses/show/67397,"کاشان, روستای کاغذی,",https://www.shab.ir/houses/show/34982,0.7692307692307693,0.5625986156609288,0.624588261731881
67397,34977,"کاشان, روستای کاغذی,",https://www.shab.ir/houses/show/67397,"کاشان, روستای کاغذی,",https://www.shab.ir/houses/show/34977,0.7692307692307693,0.5625986156609288,0.624588261731881
67397,67616,"کاشان, روستای کاغذی,",https://www.shab.ir/houses/show/67397,"کاشان, روستای محمد آباد,",https://www.shab.ir/houses/show/67616,0.9230769230769231,0.5288259766267959,0.647101260561834
67402,34984,"کاشان, روستای کاغذی,",https://www.shab.ir/houses/show/67402,"کاشان, روستای کاغذی,",https://www.shab.ir/houses/show/34984,0.7692307692307693,0.5726642032992723,0.6316341730787214
67402,34982,"کاشان, روستای کاغذی,",https://www.shab.ir/houses/show/67402,"کاشان, روستای کاغذی,",https://www.shab.ir/houses/show/34982,0.7692307692307693,0.5726642032992723,0.6316341730787214
67402,34977,"کاشان, روستای کاغذی,",https://www.shab.ir/houses/show/67402,"کاشان, روستای کاغذی,",https://www.shab.ir/houses/show/34977,0.7692307692307693,0.5726642032992723,0.6316341730787214
67402,67616,"کاشان, روستای کاغذی,",https://www.shab.ir/houses/show/67402,"کاشان, روستای محمد آباد,",https://www.shab.ir/houses/show/67616,0.7692307692307693,0.5433069829861933,0.611084118859566
34984,34982,"کاشان, روستای کاغذی,",https://www.shab.ir/houses/show/34984,"کاشان, روستای کاغذی,",https://www.shab.ir/houses/show/34982,1.0,1.0,1.0
34984,34977,"کاشان, روستای کاغذی,",https://www.shab.ir/houses/show/34984,"کاشان, روستای کاغذی,",https://www.shab.ir/houses/show/34977,1.0,1.0,1.0
34984,67616,"کاشان, روستای کاغذی,",https://www.shab.ir/houses/show/34984,"کاشان, روستای محمد آباد,",https://www.shab.ir/houses/show/67616,0.8461538461538461,0.7577930132339266,0.7843012631099023
34982,34977,"کاشان, روستای کاغذی,",https://www.shab.ir/houses/show/34982,"کاشان, روستای کاغذی,",https://www.shab.ir/houses/show/34977,1.0,1.0,1.0
34982,67616,"کاشان, روستای کاغذی,",https://www.shab.ir/houses/show/34982,"کاشان, روستای محمد آباد,",https://www.shab.ir/houses/show/67616,0.8461538461538461,0.7577930132339266,0.7843012631099023
34977,67616,"کاشان, روستای کاغذی,",https://www.shab.ir/houses/show/34977,"کاشان, روستای محمد آباد,",https://www.shab.ir/houses/show/67616,0.8461538461538461,0.7577930132339266,0.7843012631099023
