city,row_count,reason
مریوان,1,only 1 rows
شیراز,3,only 3 rows
فومن,4,only 4 rows
لاهیجان,3,only 3 rows
بابل,1,only 1 rows
اراک,1,only 1 rows
تنکابن,4,only 4 rows
چالوس,2,only 2 rows
طبس,2,only 2 rows
محلات,3,only 3 rows
رفسنجان,3,only 3 rows
آباده,3,only 3 rows
ماسوله,1,only 1 rows
عسلویه,1,only 1 rows
نایین,2,only 2 rows
چادگان,2,only 2 rows
گرگان,1,only 1 rows
دیواندره,2,only 2 rows
سنندج,3,only 3 rows
پاسارگاد,1,only 1 rows
خمام,1,only 1 rows
خوانسار,1,only 1 rows
روستای قلعه سرد,1,only 1 rows
اسدآباد,1,only 1 rows
یاسوج,2,only 2 rows
تالش,1,only 1 rows
نیر,1,only 1 rows
