{"id":31979,"title":"اقامتگاه بام های سفالی تالش اتاق VIP","url":"https:\/\/www.shab.ir\/houses\/show\/31979","source":"shab","address":"تالش, روستای شیر اباد,","price":1560000,"area":25,"rating":4.63,"image_links":["https:\/\/s3gw.at.shab.cloud\/production\/houses\/photos\/2019\/9\/8\/12\/31979\/house-31979-2021-02-13-04-49-39-0fd0bcfb44f83e7d5ac7a8922578276b9af48746.jpg","https:\/\/s3gw.at.shab.cloud\/production\/houses\/photos\/2019\/9\/8\/12\/31979\/house-31979-2021-02-13-04-50-24-0fd0bcfb44f83e7d5ac7a8922578276b9af48746.jpg","https:\/\/s3gw.at.shab.cloud\/production\/houses\/photos\/2019\/9\/8\/12\/31979\/house-31979-2021-02-13-04-50-46-0fd0bcfb44f83e7d5ac7a8922578276b9af48746.jpg","https:\/\/s3gw.at.shab.cloud\/production\/houses\/photos\/2019\/9\/8\/12\/31979\/house-31979-2021-02-13-04-56-38-0fd0bcfb44f83e7d5ac7a8922578276b9af48746.jpg","https:\/\/s3gw.at.shab.cloud\/production\/houses\/photos\/2019\/9\/8\/12\/31979\/house-31979-2021-02-13-04-56-47-0fd0bcfb44f83e7d5ac7a8922578276b9af48746.jpg","https:\/\/s3gw.at.shab.cloud\/production\/houses\/photos\/2019\/9\/8\/12\/31979\/house-31979-2021-02-13-04-56-58-0fd0bcfb44f83e7d5ac7a8922578276b9af48746.jpg","https:\/\/s3gw.at.shab.cloud\/production\/houses\/photos\/2019\/9\/8\/12\/31979\/house-31979-2021-02-13-04-57-15-0fd0bcfb44f83e7d5ac7a8922578276b9af48746.jpg","https:\/\/s3gw.at.shab.cloud\/production\/houses\/photos\/2019\/9\/8\/12\/31979\/house-31979-2021-02-13-04-57-23-0fd0bcfb44f83e7d5ac7a8922578276b9af48746.jpg","https:\/\/s3gw.at.shab.cloud\/production\/houses\/photos\/2019\/9\/8\/12\/31979\/house-31979-2021-02-13-04-57-37-0fd0bcfb44f83e7d5ac7a8922578276b9af48746.jpg","https:\/\/s3gw.at.shab.cloud\/production\/houses\/photos\/2019\/9\/8\/12\/31979\/house-31979-2021-02-13-04-59-00-0fd0bcfb44f83e7d5ac7a8922578276b9af48746.jpg","https:\/\/s3gw.at.shab.cloud\/production\/houses\/photos\/2019\/9\/8\/12\/31979\/house-31979-2021-02-13-04-59-14-0fd0bcfb44f83e7d5ac7a8922578276b9af48746.jpg"],"capacity_min":4,"capacity_max":6,"pool":0,"parking":0,"wifi":0,"kitchen":0,"western_toilet":0,"iranian_toilet":0,"bathroom":0,"heating":0,"cooling":0,"jacuzzi":0,"television":0,"furniture":0,"breakfast":0}
