{"id":91882,"title":"مجموعه اقامتی نارنجستان واحد 2 نفرهVIP1","url":"https:\/\/www.shab.ir\/houses\/show\/91882","source":"shab","address":"شیراز, لطفعلی خان زند,","price":1600000,"area":15,"rating":3.97,"image_links":["https:\/\/s3gw.at.shab.cloud\/production\/houses\/photos\/2023\/7\/9\/12\/91882\/house-91882-2025-02-28-01-08-23-eb41b1314cf7714f6bf7710c7e1234bb73ff6077-319453.jpg","https:\/\/s3gw.at.shab.cloud\/production\/houses\/photos\/2023\/7\/9\/12\/91882\/house-91882-2025-02-15-11-17-47-10ed7c20d89a9867945a4b2b5f76f89ca414c38d-49301.jpg","https:\/\/s3gw.at.shab.cloud\/production\/houses\/photos\/2023\/7\/9\/12\/91882\/house-91882-2025-02-15-11-21-15-0e76292794888d4f1fa75fb3aff4ca27c58f56a6-713421.jpg","https:\/\/s3gw.at.shab.cloud\/production\/houses\/photos\/2023\/7\/9\/12\/91882\/house-91882-2025-02-17-10-14-27-0e76292794888d4f1fa75fb3aff4ca27c58f56a6-636465.jpg","https:\/\/s3gw.at.shab.cloud\/production\/houses\/photos\/2023\/7\/9\/12\/91882\/house-91882-2023-07-09-01-51-07-0e76292794888d4f1fa75fb3aff4ca27c58f56a6-805464.jpg","https:\/\/s3gw.at.shab.cloud\/production\/houses\/photos\/2023\/7\/9\/12\/91882\/house-91882-2023-07-09-01-51-24-0e76292794888d4f1fa75fb3aff4ca27c58f56a6-943173.jpg","https:\/\/s3gw.at.shab.cloud\/production\/houses\/photos\/2023\/7\/9\/12\/91882\/house-91882-2023-07-09-01-51-44-0e76292794888d4f1fa75fb3aff4ca27c58f56a6-605343.jpg","https:\/\/s3gw.at.shab.cloud\/production\/houses\/photos\/2023\/7\/9\/12\/91882\/house-91882-2023-07-09-01-51-53-0e76292794888d4f1fa75fb3aff4ca27c58f56a6-941406.jpg","https:\/\/s3gw.at.shab.cloud\/production\/houses\/photos\/2023\/7\/9\/12\/91882\/house-91882-2023-07-09-01-52-06-0e76292794888d4f1fa75fb3aff4ca27c58f56a6-27177.jpg","https:\/\/s3gw.at.shab.cloud\/production\/houses\/photos\/2023\/7\/9\/12\/91882\/house-91882-2023-07-09-01-52-54-0e76292794888d4f1fa75fb3aff4ca27c58f56a6-632889.jpg","https:\/\/s3gw.at.shab.cloud\/production\/houses\/photos\/2023\/7\/9\/12\/91882\/house-91882-2023-07-09-01-53-09-0e76292794888d4f1fa75fb3aff4ca27c58f56a6-127000.jpg","https:\/\/s3gw.at.shab.cloud\/production\/houses\/photos\/2023\/7\/9\/12\/91882\/house-91882-2023-07-09-01-51-34-0e76292794888d4f1fa75fb3aff4ca27c58f56a6-502382.jpg","https:\/\/s3gw.at.shab.cloud\/production\/houses\/photos\/2023\/7\/9\/12\/91882\/house-91882-2025-02-15-11-17-48-34811b303e504348960a32ae669eb505da31ca3b-198175.jpg","https:\/\/s3gw.at.shab.cloud\/production\/houses\/photos\/2023\/7\/9\/12\/91882\/house-91882-2025-02-15-11-17-48-0ee5c51478fcda5f886d633198b1954f5f0da307-884633.jpg","https:\/\/s3gw.at.shab.cloud\/production\/houses\/photos\/2023\/7\/9\/12\/91882\/house-91882-2023-07-09-02-03-06-9ee77cafe9cd3f36a374ef5cc5d7576bcdd3dfe4-829429.jpg","https:\/\/s3gw.at.shab.cloud\/production\/houses\/photos\/2023\/7\/9\/12\/91882\/house-91882-2023-07-09-01-52-13-0e76292794888d4f1fa75fb3aff4ca27c58f56a6-940269.jpg","https:\/\/s3gw.at.shab.cloud\/production\/houses\/photos\/2023\/7\/9\/12\/91882\/house-91882-2023-07-09-01-52-24-0e76292794888d4f1fa75fb3aff4ca27c58f56a6-827385.jpg","https:\/\/s3gw.at.shab.cloud\/production\/houses\/photos\/2023\/7\/9\/12\/91882\/house-91882-2023-07-09-01-52-48-0e76292794888d4f1fa75fb3aff4ca27c58f56a6-82245.jpg","https:\/\/s3gw.at.shab.cloud\/production\/houses\/photos\/2023\/7\/9\/12\/91882\/house-91882-2025-02-15-11-17-50-16d0d918ef4719c668c89004216cb0b4fdfa3ebc-512952.jpg"],"capacity_min":2,"capacity_max":3,"pool":0,"parking":0,"wifi":0,"kitchen":1,"western_toilet":1,"iranian_toilet":1,"bathroom":1,"heating":1,"cooling":1,"jacuzzi":0,"television":1,"furniture":0,"breakfast":0}
{"id":91880,"title":"مجموعه اقامتی نارنجستان واحد 2 نفره2","url":"https:\/\/www.shab.ir\/houses\/show\/91880","source":"shab","address":"شیراز, لطفعلی خان زند,","price":1000000,"area":12,"rating":3.79,"image_links":["https:\/\/s3gw.at.shab.cloud\/production\/houses\/photos\/2023\/7\/9\/12\/91880\/house-91880-2025-02-15-10-26-50-a2eaebca853b01a82ba60eca41e6866e5729f53d-18791.jpg","https:\/\/s3gw.at.shab.cloud\/production\/houses\/photos\/2023\/7\/9\/12\/91880\/house-91880-2025-02-15-10-26-50-c80f4c935b04ac1cb5ba024aacab0ccd4eadc9fd-467871.jpg","https:\/\/s3gw.at.shab.cloud\/production\/houses\/photos\/2023\/7\/9\/12\/91880\/house-91880-2023-07-09-01-16-41-0e76292794888d4f1fa75fb3aff4ca27c58f56a6-609161.jpg","https:\/\/s3gw.at.shab.cloud\/production\/houses\/photos\/2023\/7\/9\/12\/91880\/house-91880-2025-02-15-10-26-51-0e76292794888d4f1fa75fb3aff4ca27c58f56a6-743739.jpg","https:\/\/s3gw.at.shab.cloud\/production\/houses\/photos\/2023\/7\/9\/12\/91880\/house-91880-2024-05-06-12-00-31-25b1fc1adb1e578f19cb16db9d1a08fc9a5aebb6-619396.jpg","https:\/\/s3gw.at.shab.cloud\/production\/houses\/photos\/2023\/7\/9\/12\/91880\/house-91880-2023-07-09-01-17-00-0e76292794888d4f1fa75fb3aff4ca27c58f56a6-199455.jpg","https:\/\/s3gw.at.shab.cloud\/production\/houses\/photos\/2023\/7\/9\/12\/91880\/house-91880-2023-07-09-01-17-23-0e76292794888d4f1fa75fb3aff4ca27c58f56a6-186050.jpg","https:\/\/s3gw.at.shab.cloud\/production\/houses\/photos\/2023\/7\/9\/12\/91880\/house-91880-2023-07-09-01-17-33-0e76292794888d4f1fa75fb3aff4ca27c58f56a6-545979.jpg","https:\/\/s3gw.at.shab.cloud\/production\/houses\/photos\/2023\/7\/9\/12\/91880\/house-91880-2023-07-09-01-26-18-0e76292794888d4f1fa75fb3aff4ca27c58f56a6-100133.jpg","https:\/\/s3gw.at.shab.cloud\/production\/houses\/photos\/2023\/7\/9\/12\/91880\/house-91880-2023-07-09-01-26-33-0e76292794888d4f1fa75fb3aff4ca27c58f56a6-641943.jpg","https:\/\/s3gw.at.shab.cloud\/production\/houses\/photos\/2023\/7\/9\/12\/91880\/house-91880-2023-07-09-01-26-47-0e76292794888d4f1fa75fb3aff4ca27c58f56a6-56305.jpg","https:\/\/s3gw.at.shab.cloud\/production\/houses\/photos\/2023\/7\/9\/12\/91880\/house-91880-2024-05-06-12-00-30-ef8b2f5ba5932a919c4dee5589eaaa08b2c5d558-887695.jpg","https:\/\/s3gw.at.shab.cloud\/production\/houses\/photos\/2023\/7\/9\/12\/91880\/house-91880-2024-05-06-12-00-30-cf49490986fc8873b804b1a4a04e6ef87e3bb843-405994.jpg","https:\/\/s3gw.at.shab.cloud\/production\/houses\/photos\/2023\/7\/9\/12\/91880\/house-91880-2024-05-06-12-00-31-76369eda3795b439c0e7835b2046ce0ff5b2c21d-980694.jpg","https:\/\/s3gw.at.shab.cloud\/production\/houses\/photos\/2023\/7\/9\/12\/91880\/house-91880-2024-05-06-12-00-32-ceab76d12c60ec617f4511f40331f89f188aa691-223841.jpg","https:\/\/s3gw.at.shab.cloud\/production\/houses\/photos\/2023\/7\/9\/12\/91880\/house-91880-2024-05-06-12-00-33-6e77bc6aeac92daf3ab131d39a82c9321a689695-559280.jpg","https:\/\/s3gw.at.shab.cloud\/production\/houses\/photos\/2023\/7\/9\/12\/91880\/house-91880-2024-05-06-12-00-33-9229d023737e56f83ecb45485b36f3c357693d44-630093.jpg","https:\/\/s3gw.at.shab.cloud\/production\/houses\/photos\/2023\/7\/9\/12\/91880\/house-91880-2023-07-09-01-17-08-0e76292794888d4f1fa75fb3aff4ca27c58f56a6-271659.jpg","https:\/\/s3gw.at.shab.cloud\/production\/houses\/photos\/2023\/7\/9\/12\/91880\/house-91880-2025-02-15-10-26-50-27d1c662a0902bddf66c1e9fed7189f63b72fcc1-265850.jpg","https:\/\/s3gw.at.shab.cloud\/production\/houses\/photos\/2023\/7\/9\/12\/91880\/house-91880-2023-07-09-01-18-33-0e76292794888d4f1fa75fb3aff4ca27c58f56a6-27222.jpg","https:\/\/s3gw.at.shab.cloud\/production\/houses\/photos\/2023\/7\/9\/12\/91880\/house-91880-2023-07-09-01-18-27-0e76292794888d4f1fa75fb3aff4ca27c58f56a6-526416.jpg","https:\/\/s3gw.at.shab.cloud\/production\/houses\/photos\/2023\/7\/9\/12\/91880\/house-91880-2025-02-15-10-26-53-16d0d918ef4719c668c89004216cb0b4fdfa3ebc-372768.jpg"],"capacity_min":2,"capacity_max":3,"pool":0,"parking":0,"wifi":0,"kitchen":1,"western_toilet":1,"iranian_toilet":1,"bathroom":1,"heating":1,"cooling":1,"jacuzzi":0,"television":1,"furniture":0,"breakfast":0}
{"id":"traditional-520978","title":"اقامتگاه سنتی سیمرغ واحد 103","url":"https:\/\/www.jabama.com\/stay\/traditional-520978","source":"jabama","address":"شیراز,","price":2240000,"area":18,"rating":4.8,"image_links":["https:\/\/cdn.jabama.com\/image\/383x240\/jabama-images\/931110\/715bbf9e-081b-48a8-ba1b-5b81c400e0c1.jpg","https:\/\/cdn.jabama.com\/image\/383x240\/jabama-images\/931110\/e0ea4463-4607-492d-b381-16a9af8d3240.jpg","https:\/\/cdn.jabama.com\/image\/890x492\/jabama-images\/931110\/3e467389-d032-4130-95e3-2380e3825574.jpg","https:\/\/cdn.jabama.com\/image\/383x240\/jabama-images\/931110\/11013009-d6f0-4dd3-9f78-0623861a5a44.jpg","https:\/\/cdn.jabama.com\/image\/383x240\/jabama-images\/931110\/5e5d0e8b-7e9a-4a5d-885a-6f00ce3b4290.jpg"],"capacity_min":4,"capacity_max":3,"pool":0,"parking":1,"wifi":0,"kitchen":0,"western_toilet":0,"iranian_toilet":0,"bathroom":0,"heating":1,"cooling":1,"jacuzzi":0,"television":0,"furniture":0,"breakfast":0}
