{"id":129625,"title":"اقامتگاه بومگردی منگتاب","url":"https:\/\/www.shab.ir\/houses\/show\/129625","source":"shab","address":"فومن, ماکلوان,","price":795000,"area":20,"rating":4.32,"image_links":["https:\/\/s3gw.at.shab.cloud\/production\/houses\/photos\/2024\/8\/25\/18\/129625\/house-129625-2024-08-25-09-29-14-64299fe858e4fd0e7f774e3b336f6d91b43bb36d-456105.jpg","https:\/\/s3gw.at.shab.cloud\/production\/houses\/photos\/2024\/8\/25\/18\/129625\/house-129625-2024-08-25-09-29-12-b389910e836f401019468f62b52819b5d8012656-242036.jpg","https:\/\/s3gw.at.shab.cloud\/production\/houses\/photos\/2024\/8\/25\/18\/129625\/house-129625-2024-08-25-09-29-12-d9d73d1cb58a748d0436c933251d37548be88aac-223157.jpg","https:\/\/s3gw.at.shab.cloud\/production\/houses\/photos\/2024\/8\/25\/18\/129625\/house-129625-2024-08-25-09-29-15-a1ed7727deb41573359227e0540ebae5ef334e4f-340237.jpg","https:\/\/s3gw.at.shab.cloud\/production\/houses\/photos\/2024\/8\/25\/18\/129625\/house-129625-2024-08-25-09-29-15-8058d4b53b25afd35f25876a28bc2576cd110137-625138.jpg","https:\/\/s3gw.at.shab.cloud\/production\/houses\/photos\/2024\/8\/25\/18\/129625\/house-129625-2024-08-25-09-29-13-7a3aec9a5e6c285d23c2af8e5f2465dece6b8a44-55344.jpg","https:\/\/s3gw.at.shab.cloud\/production\/houses\/photos\/2024\/8\/25\/18\/129625\/house-129625-2024-08-25-09-29-13-1a3af8699c50ee9365bdbc9d6df49b5fd248c886-769618.jpg"],"capacity_min":2,"capacity_max":4,"pool":0,"parking":1,"wifi":0,"kitchen":1,"western_toilet":1,"iranian_toilet":0,"bathroom":1,"heating":1,"cooling":1,"jacuzzi":0,"television":0,"furniture":0,"breakfast":0}
{"id":146271,"title":"اقامتگاه بومگردی جواهر سویت چمی سو","url":"https:\/\/www.shab.ir\/houses\/show\/146271","source":"shab","address":"فومن, ماکلوان,","price":795000,"area":20,"rating":4.87,"image_links":["https:\/\/s3gw.at.shab.cloud\/production\/houses\/photos\/2025\/1\/13\/17\/146271\/house-146271-2025-01-13-05-35-27-f72f2fa67e5da197329cf1102ccf40f1b32911d9-816052.jpg","https:\/\/s3gw.at.shab.cloud\/production\/houses\/photos\/2025\/1\/13\/17\/146271\/house-146271-2025-01-18-04-38-36-0e76292794888d4f1fa75fb3aff4ca27c58f56a6-66625.jpg","https:\/\/s3gw.at.shab.cloud\/production\/houses\/photos\/2025\/1\/13\/17\/146271\/house-146271-2025-01-18-04-38-36-0e76292794888d4f1fa75fb3aff4ca27c58f56a6-836584.jpg","https:\/\/s3gw.at.shab.cloud\/production\/houses\/photos\/2025\/1\/13\/17\/146271\/house-146271-2025-01-18-04-38-36-0e76292794888d4f1fa75fb3aff4ca27c58f56a6-555617.jpg","https:\/\/s3gw.at.shab.cloud\/production\/houses\/photos\/2025\/1\/13\/17\/146271\/house-146271-2025-01-18-04-38-37-0e76292794888d4f1fa75fb3aff4ca27c58f56a6-918853.jpg","https:\/\/s3gw.at.shab.cloud\/production\/houses\/photos\/2025\/1\/13\/17\/146271\/house-146271-2025-01-18-04-38-37-0e76292794888d4f1fa75fb3aff4ca27c58f56a6-745575.jpg","https:\/\/s3gw.at.shab.cloud\/production\/houses\/photos\/2025\/1\/13\/17\/146271\/house-146271-2025-01-18-04-38-37-0e76292794888d4f1fa75fb3aff4ca27c58f56a6-104233.jpg"],"capacity_min":2,"capacity_max":4,"pool":0,"parking":1,"wifi":0,"kitchen":0,"western_toilet":0,"iranian_toilet":0,"bathroom":1,"heating":0,"cooling":0,"jacuzzi":0,"television":0,"furniture":1,"breakfast":1}
{"id":79974,"title":"مجموعه اقامتی گیلاوا اتاق رایکا","url":"https:\/\/www.shab.ir\/houses\/show\/79974","source":"shab","address":"فومن, روستای اشکلن پایین,","price":1100000,"area":20,"rating":4.97,"image_links":["https:\/\/s3gw.at.shab.cloud\/production\/houses\/photos\/2023\/3\/8\/14\/79974\/house-79974-2024-09-04-01-42-48-6d50e66c727e1f9af47aff031140c0241738f308-344250.jpg","https:\/\/s3gw.at.shab.cloud\/production\/houses\/photos\/2023\/3\/8\/14\/79974\/house-79974-2023-03-08-02-56-45-611d1995b824f65020019eabfa6f07e291550f11-510029.jpg","https:\/\/s3gw.at.shab.cloud\/production\/houses\/photos\/2023\/3\/8\/14\/79974\/house-79974-2023-03-08-03-00-32-359aed10da3a64061752e7a43dbe7a3ef55255c0-392226.jpg","https:\/\/s3gw.at.shab.cloud\/production\/houses\/photos\/2023\/3\/8\/14\/79974\/house-79974-2023-03-08-02-56-45-df0bd4fbde0934ee36991d4187c49c5c5bc4b94c-830094.jpg","https:\/\/s3gw.at.shab.cloud\/production\/houses\/photos\/2023\/3\/8\/14\/79974\/house-79974-2024-05-22-03-47-59-bfac95817e2ca865b519ea24ffd705daa73f7081-187986.jpg","https:\/\/s3gw.at.shab.cloud\/production\/houses\/photos\/2023\/3\/8\/14\/79974\/house-79974-2024-05-22-03-47-59-7487ad4cf7ef676766917e6d40d3db639c82105c-204268.jpg","https:\/\/s3gw.at.shab.cloud\/production\/houses\/photos\/2023\/3\/8\/14\/79974\/house-79974-2024-05-22-03-48-00-94c2d72b2e9ceba5d63650980c9dda931f85b5b6-365460.jpg","https:\/\/s3gw.at.shab.cloud\/production\/houses\/photos\/2023\/3\/8\/14\/79974\/house-79974-2024-05-22-03-48-00-a64d81b6b04537ee2350fa1dbfa300d8e8bc1a74-44210.jpg","https:\/\/s3gw.at.shab.cloud\/production\/houses\/photos\/2023\/3\/8\/14\/79974\/house-79974-2024-05-22-03-48-01-6447d20cc6f7a4716b4cf95f887fcf80b3175639-522233.jpg","https:\/\/s3gw.at.shab.cloud\/production\/houses\/photos\/2023\/3\/8\/14\/79974\/house-79974-2024-09-04-01-42-48-980ccf034028cc7db18dabfc4eef1559d697801e-566571.jpg","https:\/\/s3gw.at.shab.cloud\/production\/houses\/photos\/2023\/3\/8\/14\/79974\/house-79974-2024-09-04-01-42-48-bea5ee0c5e5511381750fa15ebc8149c2e5827e5-936158.jpg","https:\/\/s3gw.at.shab.cloud\/production\/houses\/photos\/2023\/3\/8\/14\/79974\/house-79974-2024-09-04-01-42-49-ac3d89faf613f25b04e3a210f6cf533a31738d20-604483.jpg"],"capacity_min":2,"capacity_max":6,"pool":0,"parking":1,"wifi":0,"kitchen":1,"western_toilet":1,"iranian_toilet":0,"bathroom":1,"heating":1,"cooling":1,"jacuzzi":0,"television":1,"furniture":0,"breakfast":0}
{"id":79914,"title":"مجموعه اقامتی گیلاوا اتاق وارش","url":"https:\/\/www.shab.ir\/houses\/show\/79914","source":"shab","address":"فومن, روستای اشکلن پایین,","price":1300000,"area":24,"rating":4.95,"image_links":["https:\/\/s3gw.at.shab.cloud\/production\/houses\/photos\/2023\/3\/7\/20\/79914\/house-79914-2023-03-08-02-38-46-359aed10da3a64061752e7a43dbe7a3ef55255c0-302566.jpg","https:\/\/s3gw.at.shab.cloud\/production\/houses\/photos\/2023\/3\/7\/20\/79914\/house-79914-2023-03-08-02-38-47-359aed10da3a64061752e7a43dbe7a3ef55255c0-296710.jpg","https:\/\/s3gw.at.shab.cloud\/production\/houses\/photos\/2023\/3\/7\/20\/79914\/house-79914-2023-03-08-02-38-47-359aed10da3a64061752e7a43dbe7a3ef55255c0-610431.jpg","https:\/\/s3gw.at.shab.cloud\/production\/houses\/photos\/2023\/3\/7\/20\/79914\/house-79914-2023-03-08-02-38-47-359aed10da3a64061752e7a43dbe7a3ef55255c0-21907.jpg","https:\/\/s3gw.at.shab.cloud\/production\/houses\/photos\/2023\/3\/7\/20\/79914\/house-79914-2024-05-22-04-28-24-0414acb6c0928b09d61c324bf3d921be3a36cc38-380111.jpg","https:\/\/s3gw.at.shab.cloud\/production\/houses\/photos\/2023\/3\/7\/20\/79914\/house-79914-2024-05-22-04-28-25-bfac95817e2ca865b519ea24ffd705daa73f7081-870430.jpg","https:\/\/s3gw.at.shab.cloud\/production\/houses\/photos\/2023\/3\/7\/20\/79914\/house-79914-2024-05-22-04-28-25-92bc7d16bfcb5c9ff73abd15ec7ac63872b55ef6-490721.jpg","https:\/\/s3gw.at.shab.cloud\/production\/houses\/photos\/2023\/3\/7\/20\/79914\/house-79914-2024-05-22-04-28-26-5a4cb8eee8f711b06d07e8e594bae0bbd99b7f27-835024.jpg","https:\/\/s3gw.at.shab.cloud\/production\/houses\/photos\/2023\/3\/7\/20\/79914\/house-79914-2024-09-04-02-05-52-d012a0d2713d7b2e2b8605aff5b8351621865b32-120072.jpg","https:\/\/s3gw.at.shab.cloud\/production\/houses\/photos\/2023\/3\/7\/20\/79914\/house-79914-2024-09-04-02-05-52-ac3d89faf613f25b04e3a210f6cf533a31738d20-367205.jpg","https:\/\/s3gw.at.shab.cloud\/production\/houses\/photos\/2023\/3\/7\/20\/79914\/house-79914-2024-09-04-02-05-52-d57ac748720f1034087bf8330bb1f15c87279cbf-307107.jpg","https:\/\/s3gw.at.shab.cloud\/production\/houses\/photos\/2023\/3\/7\/20\/79914\/house-79914-2024-09-04-02-05-53-76bfeea8b77c1b3342c999b75dd64cdb3ce1838d-272509.jpg","https:\/\/s3gw.at.shab.cloud\/production\/houses\/photos\/2023\/3\/7\/20\/79914\/house-79914-2024-09-04-02-05-53-19180bf79d49be85dff455f71118d3b1ee00d61e-630740.jpg"],"capacity_min":2,"capacity_max":8,"pool":0,"parking":1,"wifi":0,"kitchen":1,"western_toilet":1,"iranian_toilet":0,"bathroom":1,"heating":1,"cooling":1,"jacuzzi":0,"television":1,"furniture":0,"breakfast":0}
