{"id":"ecotourism-540599","title":"اجاره بوم گردی کوهپایه واحد 4 رشت","url":"https:\/\/www.jabama.com\/stay\/ecotourism-540599","source":"jabama","address":"not specified","price":0,"area":0,"rating":0.0,"image_links":[],"capacity_min":0,"capacity_max":0,"pool":0,"parking":0,"wifi":0,"kitchen":0,"western_toilet":0,"iranian_toilet":0,"bathroom":0,"heating":0,"cooling":0,"jacuzzi":0,"television":0,"furniture":0,"breakfast":0}
{"id":"traditional-371196","title":"اقامتگاه سنتی خانه معمار واحد پنج دری پایین","url":"https:\/\/www.jabama.com\/stay\/traditional-371196","source":"jabama","address":"not specified","price":0,"area":0,"rating":0.0,"image_links":[],"capacity_min":0,"capacity_max":0,"pool":0,"parking":0,"wifi":0,"kitchen":0,"western_toilet":0,"iranian_toilet":0,"bathroom":0,"heating":0,"cooling":0,"jacuzzi":0,"television":0,"furniture":0,"breakfast":0}
{"id":"ecotourism-540597","title":"اجاره بوم گردی کوهپایه واحد 2 رشت","url":"https:\/\/www.jabama.com\/stay\/ecotourism-540597","source":"jabama","address":"not specified","price":0,"area":0,"rating":0.0,"image_links":[],"capacity_min":0,"capacity_max":0,"pool":0,"parking":0,"wifi":0,"kitchen":0,"western_toilet":0,"iranian_toilet":0,"bathroom":0,"heating":0,"cooling":0,"jacuzzi":0,"television":0,"furniture":0,"breakfast":0}
{"id":"ecotourism-408236","title":"اجاره بوم گردی پلنگ خیل واحد روح نواز 2 بهشهر","url":"https:\/\/www.jabama.com\/stay\/ecotourism-408236","source":"jabama","address":"not specified","price":0,"area":0,"rating":0.0,"image_links":[],"capacity_min":0,"capacity_max":0,"pool":0,"parking":0,"wifi":0,"kitchen":0,"western_toilet":0,"iranian_toilet":0,"bathroom":0,"heating":0,"cooling":0,"jacuzzi":0,"television":0,"furniture":0,"breakfast":0}
{"id":"ecotourism-84679","title":"اجاره بوم گردی ماه سلطان واحد شه بانو شیراز","url":"https:\/\/www.jabama.com\/stay\/ecotourism-84679","source":"jabama","address":"not specified","price":0,"area":0,"rating":0.0,"image_links":[],"capacity_min":0,"capacity_max":0,"pool":0,"parking":0,"wifi":0,"kitchen":0,"western_toilet":0,"iranian_toilet":0,"bathroom":0,"heating":0,"cooling":0,"jacuzzi":0,"television":0,"furniture":0,"breakfast":0}
{"id":"traditional-402358","title":"اقامتگاه سنتی بوتیک هتل دیمه واحد گوشواره","url":"https:\/\/www.jabama.com\/stay\/traditional-402358","source":"jabama","address":"not specified","price":0,"area":0,"rating":0.0,"image_links":[],"capacity_min":0,"capacity_max":0,"pool":0,"parking":0,"wifi":0,"kitchen":0,"western_toilet":0,"iranian_toilet":0,"bathroom":0,"heating":0,"cooling":0,"jacuzzi":0,"television":0,"furniture":0,"breakfast":0}
{"id":"ecotourism-583499","title":"اجاره بوم گردی ویشه راش واحد 1 شیرگاه","url":"https:\/\/www.jabama.com\/stay\/ecotourism-583499","source":"jabama","address":"not specified","price":0,"area":0,"rating":0.0,"image_links":[],"capacity_min":0,"capacity_max":0,"pool":0,"parking":0,"wifi":0,"kitchen":0,"western_toilet":0,"iranian_toilet":0,"bathroom":0,"heating":0,"cooling":0,"jacuzzi":0,"television":0,"furniture":0,"breakfast":0}
{"id":"ecotourism-426104","title":"اجاره بوم گردی سرای سپنج واحد گنبد یزد","url":"https:\/\/www.jabama.com\/stay\/ecotourism-426104","source":"jabama","address":"not specified","price":0,"area":0,"rating":0.0,"image_links":[],"capacity_min":0,"capacity_max":0,"pool":0,"parking":0,"wifi":0,"kitchen":0,"western_toilet":0,"iranian_toilet":0,"bathroom":0,"heating":0,"cooling":0,"jacuzzi":0,"television":0,"furniture":0,"breakfast":0}
{"id":"ecotourism-516418","title":"اجاره بوم گردی سرای بابا حاجی واحد جهاز بوم دلوار","url":"https:\/\/www.jabama.com\/stay\/ecotourism-516418","source":"jabama","address":"not specified","price":0,"area":0,"rating":0.0,"image_links":[],"capacity_min":0,"capacity_max":0,"pool":0,"parking":0,"wifi":0,"kitchen":0,"western_toilet":0,"iranian_toilet":0,"bathroom":0,"heating":0,"cooling":0,"jacuzzi":0,"television":0,"furniture":0,"breakfast":0}
{"id":"ecotourism-387448","title":"اجاره بوم گردی چمی سو تلارخونه واحد یک چوبر","url":"https:\/\/www.jabama.com\/stay\/ecotourism-387448","source":"jabama","address":"not specified","price":0,"area":0,"rating":0.0,"image_links":[],"capacity_min":0,"capacity_max":0,"pool":0,"parking":0,"wifi":0,"kitchen":0,"western_toilet":0,"iranian_toilet":0,"bathroom":0,"heating":0,"cooling":0,"jacuzzi":0,"television":0,"furniture":0,"breakfast":0}
{"id":"ecotourism-564710","title":"اجاره بوم گردی قنات ابراهیم باد واحد خونه عروس اراک","url":"https:\/\/www.jabama.com\/stay\/ecotourism-564710","source":"jabama","address":"not specified","price":0,"area":0,"rating":0.0,"image_links":[],"capacity_min":0,"capacity_max":0,"pool":0,"parking":0,"wifi":0,"kitchen":0,"western_toilet":0,"iranian_toilet":0,"bathroom":0,"heating":0,"cooling":0,"jacuzzi":0,"television":0,"furniture":0,"breakfast":0}
{"id":"traditional-404625","title":"اقامتگاه سنتی دوخوابه کاکوله","url":"https:\/\/www.jabama.com\/stay\/traditional-404625","source":"jabama","address":"not specified","price":0,"area":0,"rating":0.0,"image_links":[],"capacity_min":0,"capacity_max":0,"pool":0,"parking":0,"wifi":0,"kitchen":0,"western_toilet":0,"iranian_toilet":0,"bathroom":0,"heating":0,"cooling":0,"jacuzzi":0,"television":0,"furniture":0,"breakfast":0}
{"id":"traditional-384577","title":"اقامتگاه سنتی صخره ای کندوان واحد خان","url":"https:\/\/www.jabama.com\/stay\/traditional-384577","source":"jabama","address":"not specified","price":0,"area":0,"rating":0.0,"image_links":[],"capacity_min":0,"capacity_max":0,"pool":0,"parking":0,"wifi":0,"kitchen":0,"western_toilet":0,"iranian_toilet":0,"bathroom":0,"heating":0,"cooling":0,"jacuzzi":0,"television":0,"furniture":0,"breakfast":0}
{"id":"traditional-675606","title":"اقامتگاه سنتی رُباب واحد بَربط","url":"https:\/\/www.jabama.com\/stay\/traditional-675606","source":"jabama","address":"not specified","price":0,"area":0,"rating":0.0,"image_links":[],"capacity_min":0,"capacity_max":0,"pool":0,"parking":0,"wifi":0,"kitchen":0,"western_toilet":0,"iranian_toilet":0,"bathroom":0,"heating":0,"cooling":0,"jacuzzi":0,"television":0,"furniture":0,"breakfast":0}
{"id":"ecotourism-80792","title":"اجاره بوم گردی سرای اساس واحد 3 سوادکوه","url":"https:\/\/www.jabama.com\/stay\/ecotourism-80792","source":"jabama","address":"not specified","price":0,"area":0,"rating":0.0,"image_links":[],"capacity_min":0,"capacity_max":0,"pool":0,"parking":0,"wifi":0,"kitchen":0,"western_toilet":0,"iranian_toilet":0,"bathroom":0,"heating":0,"cooling":0,"jacuzzi":0,"television":0,"furniture":0,"breakfast":0}
{"id":"ecotourism-92158","title":"اجاره بوم گردی دوخوابه صخره ای تورال کندوان اسکو","url":"https:\/\/www.jabama.com\/stay\/ecotourism-92158","source":"jabama","address":"not specified","price":0,"area":0,"rating":0.0,"image_links":[],"capacity_min":0,"capacity_max":0,"pool":0,"parking":0,"wifi":0,"kitchen":0,"western_toilet":0,"iranian_toilet":0,"bathroom":0,"heating":0,"cooling":0,"jacuzzi":0,"television":0,"furniture":0,"breakfast":0}
{"id":"ecotourism-80797","title":"اجاره بوم گردی سرای اساس واحد 1 سوادکوه","url":"https:\/\/www.jabama.com\/stay\/ecotourism-80797","source":"jabama","address":"not specified","price":0,"area":0,"rating":0.0,"image_links":[],"capacity_min":0,"capacity_max":0,"pool":0,"parking":0,"wifi":0,"kitchen":0,"western_toilet":0,"iranian_toilet":0,"bathroom":0,"heating":0,"cooling":0,"jacuzzi":0,"television":0,"furniture":0,"breakfast":0}
{"id":"ecotourism-488267","title":"اجاره بوم گردی دنیز واحد 40 سوادکوه","url":"https:\/\/www.jabama.com\/stay\/ecotourism-488267","source":"jabama","address":"not specified","price":0,"area":0,"rating":0.0,"image_links":[],"capacity_min":0,"capacity_max":0,"pool":0,"parking":0,"wifi":0,"kitchen":0,"western_toilet":0,"iranian_toilet":0,"bathroom":0,"heating":0,"cooling":0,"jacuzzi":0,"television":0,"furniture":0,"breakfast":0}
{"id":"ecotourism-360649","title":"اجاره بوم گردی الهه واحد ترمه یزد","url":"https:\/\/www.jabama.com\/stay\/ecotourism-360649","source":"jabama","address":"not specified","price":0,"area":0,"rating":0.0,"image_links":[],"capacity_min":0,"capacity_max":0,"pool":0,"parking":0,"wifi":0,"kitchen":0,"western_toilet":0,"iranian_toilet":0,"bathroom":0,"heating":0,"cooling":0,"jacuzzi":0,"television":0,"furniture":0,"breakfast":0}
{"id":"ecotourism-659827","title":"اجاره بوم گردی حورا واحد جبیر قشم","url":"https:\/\/www.jabama.com\/stay\/ecotourism-659827","source":"jabama","address":"not specified","price":0,"area":0,"rating":0.0,"image_links":[],"capacity_min":0,"capacity_max":0,"pool":0,"parking":0,"wifi":0,"kitchen":0,"western_toilet":0,"iranian_toilet":0,"bathroom":0,"heating":0,"cooling":0,"jacuzzi":0,"television":0,"furniture":0,"breakfast":0}
{"id":"ecotourism-659824","title":"اجاره بوم گردی حورا واحد هانیل قشم","url":"https:\/\/www.jabama.com\/stay\/ecotourism-659824","source":"jabama","address":"not specified","price":0,"area":0,"rating":0.0,"image_links":[],"capacity_min":0,"capacity_max":0,"pool":0,"parking":0,"wifi":0,"kitchen":0,"western_toilet":0,"iranian_toilet":0,"bathroom":0,"heating":0,"cooling":0,"jacuzzi":0,"television":0,"furniture":0,"breakfast":0}
{"id":"traditional-393771","title":"اقامتگاه سنتی ب واحد کچا","url":"https:\/\/www.jabama.com\/stay\/traditional-393771","source":"jabama","address":"not specified","price":0,"area":0,"rating":0.0,"image_links":[],"capacity_min":0,"capacity_max":0,"pool":0,"parking":0,"wifi":0,"kitchen":0,"western_toilet":0,"iranian_toilet":0,"bathroom":0,"heating":0,"cooling":0,"jacuzzi":0,"television":0,"furniture":0,"breakfast":0}
{"id":"ecotourism-384175","title":"اجاره بوم گردی تلار سر واحد چیچینی رشت","url":"https:\/\/www.jabama.com\/stay\/ecotourism-384175","source":"jabama","address":"not specified","price":0,"area":0,"rating":0.0,"image_links":[],"capacity_min":0,"capacity_max":0,"pool":0,"parking":0,"wifi":0,"kitchen":0,"western_toilet":0,"iranian_toilet":0,"bathroom":0,"heating":0,"cooling":0,"jacuzzi":0,"television":0,"furniture":0,"breakfast":0}
{"id":"traditional-484763","title":"اقامتگاه سنتی استارسو واحد عمارت درختان تل تلی","url":"https:\/\/www.jabama.com\/stay\/traditional-484763","source":"jabama","address":"not specified","price":0,"area":0,"rating":0.0,"image_links":[],"capacity_min":0,"capacity_max":0,"pool":0,"parking":0,"wifi":0,"kitchen":0,"western_toilet":0,"iranian_toilet":0,"bathroom":0,"heating":0,"cooling":0,"jacuzzi":0,"television":0,"furniture":0,"breakfast":0}
{"id":"ecotourism-477125","title":"اجاره بوم گردی وای باران واحد رضوانشهر","url":"https:\/\/www.jabama.com\/stay\/ecotourism-477125","source":"jabama","address":"not specified","price":0,"area":0,"rating":0.0,"image_links":[],"capacity_min":0,"capacity_max":0,"pool":0,"parking":0,"wifi":0,"kitchen":0,"western_toilet":0,"iranian_toilet":0,"bathroom":0,"heating":0,"cooling":0,"jacuzzi":0,"television":0,"furniture":0,"breakfast":0}
{"id":"ecotourism-500119","title":"اجاره بوم گردی کوهپایه واحد 1 رشت","url":"https:\/\/www.jabama.com\/stay\/ecotourism-500119","source":"jabama","address":"not specified","price":0,"area":0,"rating":0.0,"image_links":[],"capacity_min":0,"capacity_max":0,"pool":0,"parking":0,"wifi":0,"kitchen":0,"western_toilet":0,"iranian_toilet":0,"bathroom":0,"heating":0,"cooling":0,"jacuzzi":0,"television":0,"furniture":0,"breakfast":0}
{"id":"ecotourism-682341","title":"اجاره بوم گردی یک خوابه استخردار نخل سفید واحد ماج هرمز","url":"https:\/\/www.jabama.com\/stay\/ecotourism-682341","source":"jabama","address":"not specified","price":0,"area":0,"rating":0.0,"image_links":[],"capacity_min":0,"capacity_max":0,"pool":0,"parking":0,"wifi":0,"kitchen":0,"western_toilet":0,"iranian_toilet":0,"bathroom":0,"heating":0,"cooling":0,"jacuzzi":0,"television":0,"furniture":0,"breakfast":0}
{"id":"traditional-534870","title":"اقامتگاه سنتی توراندخت واحد سرداب","url":"https:\/\/www.jabama.com\/stay\/traditional-534870","source":"jabama","address":"not specified","price":0,"area":0,"rating":0.0,"image_links":[],"capacity_min":0,"capacity_max":0,"pool":0,"parking":0,"wifi":0,"kitchen":0,"western_toilet":0,"iranian_toilet":0,"bathroom":0,"heating":0,"cooling":0,"jacuzzi":0,"television":0,"furniture":0,"breakfast":0}
{"id":"ecotourism-91440","title":"اجاره بوم گردی شهرزاد واحد یک تخته یزد","url":"https:\/\/www.jabama.com\/stay\/ecotourism-91440","source":"jabama","address":"not specified","price":0,"area":0,"rating":0.0,"image_links":[],"capacity_min":0,"capacity_max":0,"pool":0,"parking":0,"wifi":0,"kitchen":0,"western_toilet":0,"iranian_toilet":0,"bathroom":0,"heating":0,"cooling":0,"jacuzzi":0,"television":0,"furniture":0,"breakfast":0}
{"id":"ecotourism-339142","title":"اجاره بوم گردی ناخدا علی واحد گل محمدی قشم","url":"https:\/\/www.jabama.com\/stay\/ecotourism-339142","source":"jabama","address":"not specified","price":0,"area":0,"rating":0.0,"image_links":[],"capacity_min":0,"capacity_max":0,"pool":0,"parking":0,"wifi":0,"kitchen":0,"western_toilet":0,"iranian_toilet":0,"bathroom":0,"heating":0,"cooling":0,"jacuzzi":0,"television":0,"furniture":0,"breakfast":0}
{"id":"ecotourism-549486","title":"اجاره بوم گردی میرزا واحد 5 VIP قشم","url":"https:\/\/www.jabama.com\/stay\/ecotourism-549486","source":"jabama","address":"not specified","price":0,"area":0,"rating":0.0,"image_links":[],"capacity_min":0,"capacity_max":0,"pool":0,"parking":0,"wifi":0,"kitchen":0,"western_toilet":0,"iranian_toilet":0,"bathroom":0,"heating":0,"cooling":0,"jacuzzi":0,"television":0,"furniture":0,"breakfast":0}
{"id":"traditional-613779","title":"اقامتگاه سنتی نارنج واحد سرو","url":"https:\/\/www.jabama.com\/stay\/traditional-613779","source":"jabama","address":"not specified","price":0,"area":0,"rating":0.0,"image_links":[],"capacity_min":0,"capacity_max":0,"pool":0,"parking":0,"wifi":0,"kitchen":0,"western_toilet":0,"iranian_toilet":0,"bathroom":0,"heating":0,"cooling":0,"jacuzzi":0,"television":0,"furniture":0,"breakfast":0}
{"id":"traditional-540916","title":"اقامتگاه سنتی گیلدا واحد 1","url":"https:\/\/www.jabama.com\/stay\/traditional-540916","source":"jabama","address":"not specified","price":0,"area":0,"rating":0.0,"image_links":[],"capacity_min":0,"capacity_max":0,"pool":0,"parking":0,"wifi":0,"kitchen":0,"western_toilet":0,"iranian_toilet":0,"bathroom":0,"heating":0,"cooling":0,"jacuzzi":0,"television":0,"furniture":0,"breakfast":0}
{"id":"traditional-454551","title":"اقامتگاه سنتی یک خوابه دم زنون اساس","url":"https:\/\/www.jabama.com\/stay\/traditional-454551","source":"jabama","address":"not specified","price":0,"area":0,"rating":0.0,"image_links":[],"capacity_min":0,"capacity_max":0,"pool":0,"parking":0,"wifi":0,"kitchen":0,"western_toilet":0,"iranian_toilet":0,"bathroom":0,"heating":0,"cooling":0,"jacuzzi":0,"television":0,"furniture":0,"breakfast":0}
{"id":"ecotourism-521073","title":"اجاره بوم گردی الوند جنوب بندر مقام واحد 1 پارسیان","url":"https:\/\/www.jabama.com\/stay\/ecotourism-521073","source":"jabama","address":"not specified","price":0,"area":0,"rating":0.0,"image_links":[],"capacity_min":0,"capacity_max":0,"pool":0,"parking":0,"wifi":0,"kitchen":0,"western_toilet":0,"iranian_toilet":0,"bathroom":0,"heating":0,"cooling":0,"jacuzzi":0,"television":0,"furniture":0,"breakfast":0}
{"id":"ecotourism-90312","title":"اجاره بوم گردی محلی قلعه سه تخته الموت","url":"https:\/\/www.jabama.com\/stay\/ecotourism-90312","source":"jabama","address":"not specified","price":0,"area":0,"rating":0.0,"image_links":[],"capacity_min":0,"capacity_max":0,"pool":0,"parking":0,"wifi":0,"kitchen":0,"western_toilet":0,"iranian_toilet":0,"bathroom":0,"heating":0,"cooling":0,"jacuzzi":0,"television":0,"furniture":0,"breakfast":0}
{"id":"traditional-91008","title":"اقامتگاه سنتی ثنا واحد 3","url":"https:\/\/www.jabama.com\/stay\/traditional-91008","source":"jabama","address":"not specified","price":0,"area":0,"rating":0.0,"image_links":[],"capacity_min":0,"capacity_max":0,"pool":0,"parking":0,"wifi":0,"kitchen":0,"western_toilet":0,"iranian_toilet":0,"bathroom":0,"heating":0,"cooling":0,"jacuzzi":0,"television":0,"furniture":0,"breakfast":0}
{"id":"ecotourism-501510","title":"اجاره بوم گردی یک خوابه ریا مهر برفی ساری","url":"https:\/\/www.jabama.com\/stay\/ecotourism-501510","source":"jabama","address":"not specified","price":0,"area":0,"rating":0.0,"image_links":[],"capacity_min":0,"capacity_max":0,"pool":0,"parking":0,"wifi":0,"kitchen":0,"western_toilet":0,"iranian_toilet":0,"bathroom":0,"heating":0,"cooling":0,"jacuzzi":0,"television":0,"furniture":0,"breakfast":0}
{"id":"traditional-449258","title":"اقامتگاه سنتی نیایش سوته دلان واحد 7","url":"https:\/\/www.jabama.com\/stay\/traditional-449258","source":"jabama","address":"not specified","price":0,"area":0,"rating":0.0,"image_links":[],"capacity_min":0,"capacity_max":0,"pool":0,"parking":0,"wifi":0,"kitchen":0,"western_toilet":0,"iranian_toilet":0,"bathroom":0,"heating":0,"cooling":0,"jacuzzi":0,"television":0,"furniture":0,"breakfast":0}
{"id":"ecotourism-626767","title":"اجاره بوم گردی بیجار کنار واحد 3 رشت","url":"https:\/\/www.jabama.com\/stay\/ecotourism-626767","source":"jabama","address":"not specified","price":0,"area":0,"rating":0.0,"image_links":[],"capacity_min":0,"capacity_max":0,"pool":0,"parking":0,"wifi":0,"kitchen":0,"western_toilet":0,"iranian_toilet":0,"bathroom":0,"heating":0,"cooling":0,"jacuzzi":0,"television":0,"furniture":0,"breakfast":0}
{"id":"ecotourism-456734","title":"اجاره بوم گردی سرای کربلایی فریدون واحد سایه نشین 4 گلپایگان","url":"https:\/\/www.jabama.com\/stay\/ecotourism-456734","source":"jabama","address":"not specified","price":0,"area":0,"rating":0.0,"image_links":[],"capacity_min":0,"capacity_max":0,"pool":0,"parking":0,"wifi":0,"kitchen":0,"western_toilet":0,"iranian_toilet":0,"bathroom":0,"heating":0,"cooling":0,"jacuzzi":0,"television":0,"furniture":0,"breakfast":0}
{"id":"ecotourism-659825","title":"اجاره بوم گردی حورا واحد جهله قشم","url":"https:\/\/www.jabama.com\/stay\/ecotourism-659825","source":"jabama","address":"not specified","price":0,"area":0,"rating":0.0,"image_links":[],"capacity_min":0,"capacity_max":0,"pool":0,"parking":0,"wifi":0,"kitchen":0,"western_toilet":0,"iranian_toilet":0,"bathroom":0,"heating":0,"cooling":0,"jacuzzi":0,"television":0,"furniture":0,"breakfast":0}
{"id":"ecotourism-397658","title":"اجاره بوم گردی ستاره گیلان واحد ستاره رودبار","url":"https:\/\/www.jabama.com\/stay\/ecotourism-397658","source":"jabama","address":"not specified","price":0,"area":0,"rating":0.0,"image_links":[],"capacity_min":0,"capacity_max":0,"pool":0,"parking":0,"wifi":0,"kitchen":0,"western_toilet":0,"iranian_toilet":0,"bathroom":0,"heating":0,"cooling":0,"jacuzzi":0,"television":0,"furniture":0,"breakfast":0}
{"id":"ecotourism-449709","title":"اجاره بوم گردی دوکاج واحد دوتخته 9 یزد","url":"https:\/\/www.jabama.com\/stay\/ecotourism-449709","source":"jabama","address":"not specified","price":0,"area":0,"rating":0.0,"image_links":[],"capacity_min":0,"capacity_max":0,"pool":0,"parking":0,"wifi":0,"kitchen":0,"western_toilet":0,"iranian_toilet":0,"bathroom":0,"heating":0,"cooling":0,"jacuzzi":0,"television":0,"furniture":0,"breakfast":0}
{"id":"traditional-593050","title":"اقامتگاه سنتی نیما و نیکان واحد ارغوان","url":"https:\/\/www.jabama.com\/stay\/traditional-593050","source":"jabama","address":"not specified","price":0,"area":0,"rating":0.0,"image_links":[],"capacity_min":0,"capacity_max":0,"pool":0,"parking":0,"wifi":0,"kitchen":0,"western_toilet":0,"iranian_toilet":0,"bathroom":0,"heating":0,"cooling":0,"jacuzzi":0,"television":0,"furniture":0,"breakfast":0}
{"id":"ecotourism-561412","title":"اجاره بوم گردی بانوی گیلان واحد پامچال رشت","url":"https:\/\/www.jabama.com\/stay\/ecotourism-561412","source":"jabama","address":"not specified","price":0,"area":0,"rating":0.0,"image_links":[],"capacity_min":0,"capacity_max":0,"pool":0,"parking":0,"wifi":0,"kitchen":0,"western_toilet":0,"iranian_toilet":0,"bathroom":0,"heating":0,"cooling":0,"jacuzzi":0,"television":0,"furniture":0,"breakfast":0}
{"id":"traditional-540914","title":"اقامتگاه سنتی گیلدا واحد 4","url":"https:\/\/www.jabama.com\/stay\/traditional-540914","source":"jabama","address":"not specified","price":0,"area":0,"rating":0.0,"image_links":[],"capacity_min":0,"capacity_max":0,"pool":0,"parking":0,"wifi":0,"kitchen":0,"western_toilet":0,"iranian_toilet":0,"bathroom":0,"heating":0,"cooling":0,"jacuzzi":0,"television":0,"furniture":0,"breakfast":0}
{"id":"ecotourism-449682","title":"اجاره بوم گردی سنتی دوکاج واحد دوتخته 8 یزد","url":"https:\/\/www.jabama.com\/stay\/ecotourism-449682","source":"jabama","address":"not specified","price":0,"area":0,"rating":0.0,"image_links":[],"capacity_min":0,"capacity_max":0,"pool":0,"parking":0,"wifi":0,"kitchen":0,"western_toilet":0,"iranian_toilet":0,"bathroom":0,"heating":0,"cooling":0,"jacuzzi":0,"television":0,"furniture":0,"breakfast":0}
{"id":"ecotourism-91476","title":"اجاره بوم گردی فروردین واحد رِمس یزد","url":"https:\/\/www.jabama.com\/stay\/ecotourism-91476","source":"jabama","address":"not specified","price":0,"area":0,"rating":0.0,"image_links":[],"capacity_min":0,"capacity_max":0,"pool":0,"parking":0,"wifi":0,"kitchen":0,"western_toilet":0,"iranian_toilet":0,"bathroom":0,"heating":0,"cooling":0,"jacuzzi":0,"television":0,"furniture":0,"breakfast":0}
{"id":"ecotourism-327639","title":"اجاره بوم گردی حاج علی واحد 4 بندر گز","url":"https:\/\/www.jabama.com\/stay\/ecotourism-327639","source":"jabama","address":"not specified","price":0,"area":0,"rating":0.0,"image_links":[],"capacity_min":0,"capacity_max":0,"pool":0,"parking":0,"wifi":0,"kitchen":0,"western_toilet":0,"iranian_toilet":0,"bathroom":0,"heating":0,"cooling":0,"jacuzzi":0,"television":0,"furniture":0,"breakfast":0}
{"id":"traditional-91012","title":"اقامتگاه سنتی ثنا واحد دوتخته همکف","url":"https:\/\/www.jabama.com\/stay\/traditional-91012","source":"jabama","address":"not specified","price":0,"area":0,"rating":0.0,"image_links":[],"capacity_min":0,"capacity_max":0,"pool":0,"parking":0,"wifi":0,"kitchen":0,"western_toilet":0,"iranian_toilet":0,"bathroom":0,"heating":0,"cooling":0,"jacuzzi":0,"television":0,"furniture":0,"breakfast":0}
{"id":"ecotourism-607593","title":"اجاره بوم گردی فلت باغ خورشید 1 سامان","url":"https:\/\/www.jabama.com\/stay\/ecotourism-607593","source":"jabama","address":"not specified","price":0,"area":0,"rating":0.0,"image_links":[],"capacity_min":0,"capacity_max":0,"pool":0,"parking":0,"wifi":0,"kitchen":0,"western_toilet":0,"iranian_toilet":0,"bathroom":0,"heating":0,"cooling":0,"jacuzzi":0,"television":0,"furniture":0,"breakfast":0}
{"id":"traditional-705398","title":"اقامتگاه سنتی خانه خورشید حصار واحد سرو","url":"https:\/\/www.jabama.com\/stay\/traditional-705398","source":"jabama","address":"not specified","price":0,"area":0,"rating":0.0,"image_links":[],"capacity_min":0,"capacity_max":0,"pool":0,"parking":0,"wifi":0,"kitchen":0,"western_toilet":0,"iranian_toilet":0,"bathroom":0,"heating":0,"cooling":0,"jacuzzi":0,"television":0,"furniture":0,"breakfast":0}
{"id":"ecotourism-665491","title":"اجاره بوم گردی سه خوابه ساحلی خانه مرجان قشم","url":"https:\/\/www.jabama.com\/stay\/ecotourism-665491","source":"jabama","address":"not specified","price":0,"area":0,"rating":0.0,"image_links":[],"capacity_min":0,"capacity_max":0,"pool":0,"parking":0,"wifi":0,"kitchen":0,"western_toilet":0,"iranian_toilet":0,"bathroom":0,"heating":0,"cooling":0,"jacuzzi":0,"television":0,"furniture":0,"breakfast":0}
{"id":"ecotourism-80631","title":"اجاره بوم گردی شب های کاغذی واحد 5 ابوزیدباد","url":"https:\/\/www.jabama.com\/stay\/ecotourism-80631","source":"jabama","address":"not specified","price":0,"area":0,"rating":0.0,"image_links":[],"capacity_min":0,"capacity_max":0,"pool":0,"parking":0,"wifi":0,"kitchen":0,"western_toilet":0,"iranian_toilet":0,"bathroom":0,"heating":0,"cooling":0,"jacuzzi":0,"television":0,"furniture":0,"breakfast":0}
{"id":"ecotourism-665485","title":"اجاره بوم گردی دوخوابه ساحلی لافت 17 قشم","url":"https:\/\/www.jabama.com\/stay\/ecotourism-665485","source":"jabama","address":"not specified","price":0,"area":0,"rating":0.0,"image_links":[],"capacity_min":0,"capacity_max":0,"pool":0,"parking":0,"wifi":0,"kitchen":0,"western_toilet":0,"iranian_toilet":0,"bathroom":0,"heating":0,"cooling":0,"jacuzzi":0,"television":0,"furniture":0,"breakfast":0}
{"id":"ecotourism-545281","title":"اجاره بوم گردی باغ طاها واحد 4 کنارک","url":"https:\/\/www.jabama.com\/stay\/ecotourism-545281","source":"jabama","address":"not specified","price":0,"area":0,"rating":0.0,"image_links":[],"capacity_min":0,"capacity_max":0,"pool":0,"parking":0,"wifi":0,"kitchen":0,"western_toilet":0,"iranian_toilet":0,"bathroom":0,"heating":0,"cooling":0,"jacuzzi":0,"television":0,"furniture":0,"breakfast":0}
{"id":"ecotourism-665487","title":"اجاره بوم گردی دوخوابه ساحلی خانه سعدی قشم","url":"https:\/\/www.jabama.com\/stay\/ecotourism-665487","source":"jabama","address":"not specified","price":0,"area":0,"rating":0.0,"image_links":[],"capacity_min":0,"capacity_max":0,"pool":0,"parking":0,"wifi":0,"kitchen":0,"western_toilet":0,"iranian_toilet":0,"bathroom":0,"heating":0,"cooling":0,"jacuzzi":0,"television":0,"furniture":0,"breakfast":0}
{"id":"ecotourism-324538","title":"اجاره بوم گردی دوخوابه سنتی گلبند رودبار","url":"https:\/\/www.jabama.com\/stay\/ecotourism-324538","source":"jabama","address":"not specified","price":0,"area":0,"rating":0.0,"image_links":[],"capacity_min":0,"capacity_max":0,"pool":0,"parking":0,"wifi":0,"kitchen":0,"western_toilet":0,"iranian_toilet":0,"bathroom":0,"heating":0,"cooling":0,"jacuzzi":0,"television":0,"furniture":0,"breakfast":0}
{"id":"ecotourism-595936","title":"اجاره بوم گردی رودخانه کوهستان واحد 6 رستم باد","url":"https:\/\/www.jabama.com\/stay\/ecotourism-595936","source":"jabama","address":"not specified","price":0,"area":0,"rating":0.0,"image_links":[],"capacity_min":0,"capacity_max":0,"pool":0,"parking":0,"wifi":0,"kitchen":0,"western_toilet":0,"iranian_toilet":0,"bathroom":0,"heating":0,"cooling":0,"jacuzzi":0,"television":0,"furniture":0,"breakfast":0}
{"id":"ecotourism-678925","title":"اجاره بوم گردی حصیر واحد فلت نور و نمک قشم","url":"https:\/\/www.jabama.com\/stay\/ecotourism-678925","source":"jabama","address":"not specified","price":0,"area":0,"rating":0.0,"image_links":[],"capacity_min":0,"capacity_max":0,"pool":0,"parking":0,"wifi":0,"kitchen":0,"western_toilet":0,"iranian_toilet":0,"bathroom":0,"heating":0,"cooling":0,"jacuzzi":0,"television":0,"furniture":0,"breakfast":0}
{"id":"traditional-492293","title":"اقامتگاه سنتی ملک التجار واحد حوض خانه","url":"https:\/\/www.jabama.com\/stay\/traditional-492293","source":"jabama","address":"not specified","price":0,"area":0,"rating":0.0,"image_links":[],"capacity_min":0,"capacity_max":0,"pool":0,"parking":0,"wifi":0,"kitchen":0,"western_toilet":0,"iranian_toilet":0,"bathroom":0,"heating":0,"cooling":0,"jacuzzi":0,"television":0,"furniture":0,"breakfast":0}
{"id":"ecotourism-432817","title":"اجاره بوم گردی پرچین نومل واحد پنج افرا گرگان","url":"https:\/\/www.jabama.com\/stay\/ecotourism-432817","source":"jabama","address":"not specified","price":0,"area":0,"rating":0.0,"image_links":[],"capacity_min":0,"capacity_max":0,"pool":0,"parking":0,"wifi":0,"kitchen":0,"western_toilet":0,"iranian_toilet":0,"bathroom":0,"heating":0,"cooling":0,"jacuzzi":0,"television":0,"furniture":0,"breakfast":0}
{"id":"ecotourism-665493","title":"اجاره بوم گردی دوخوابه ساحلی استخردار خانه روشن قشم","url":"https:\/\/www.jabama.com\/stay\/ecotourism-665493","source":"jabama","address":"not specified","price":0,"area":0,"rating":0.0,"image_links":[],"capacity_min":0,"capacity_max":0,"pool":0,"parking":0,"wifi":0,"kitchen":0,"western_toilet":0,"iranian_toilet":0,"bathroom":0,"heating":0,"cooling":0,"jacuzzi":0,"television":0,"furniture":0,"breakfast":0}
{"id":"ecotourism-516415","title":"اجاره بوم گردی سرای بابا حاجی واحد ناخدا دلوار","url":"https:\/\/www.jabama.com\/stay\/ecotourism-516415","source":"jabama","address":"not specified","price":0,"area":0,"rating":0.0,"image_links":[],"capacity_min":0,"capacity_max":0,"pool":0,"parking":0,"wifi":0,"kitchen":0,"western_toilet":0,"iranian_toilet":0,"bathroom":0,"heating":0,"cooling":0,"jacuzzi":0,"television":0,"furniture":0,"breakfast":0}
{"id":"traditional-675612","title":"اقامتگاه سنتی رُباب واحد تار","url":"https:\/\/www.jabama.com\/stay\/traditional-675612","source":"jabama","address":"not specified","price":0,"area":0,"rating":0.0,"image_links":[],"capacity_min":0,"capacity_max":0,"pool":0,"parking":0,"wifi":0,"kitchen":0,"western_toilet":0,"iranian_toilet":0,"bathroom":0,"heating":0,"cooling":0,"jacuzzi":0,"television":0,"furniture":0,"breakfast":0}
{"id":"traditional-534871","title":"اقامتگاه سنتی توراندخت واحد پنج دری","url":"https:\/\/www.jabama.com\/stay\/traditional-534871","source":"jabama","address":"not specified","price":0,"area":0,"rating":0.0,"image_links":[],"capacity_min":0,"capacity_max":0,"pool":0,"parking":0,"wifi":0,"kitchen":0,"western_toilet":0,"iranian_toilet":0,"bathroom":0,"heating":0,"cooling":0,"jacuzzi":0,"television":0,"furniture":0,"breakfast":0}
{"id":"traditional-714700","title":"اقامتگاه سنتی سرای ریواس واحد 3","url":"https:\/\/www.jabama.com\/stay\/traditional-714700","source":"jabama","address":"not specified","price":0,"area":0,"rating":0.0,"image_links":[],"capacity_min":0,"capacity_max":0,"pool":0,"parking":0,"wifi":0,"kitchen":0,"western_toilet":0,"iranian_toilet":0,"bathroom":0,"heating":0,"cooling":0,"jacuzzi":0,"television":0,"furniture":0,"breakfast":0}
{"id":"traditional-600741","title":"اقامتگاه سنتی بالی واحد 7","url":"https:\/\/www.jabama.com\/stay\/traditional-600741","source":"jabama","address":"not specified","price":0,"area":0,"rating":0.0,"image_links":[],"capacity_min":0,"capacity_max":0,"pool":0,"parking":0,"wifi":0,"kitchen":0,"western_toilet":0,"iranian_toilet":0,"bathroom":0,"heating":0,"cooling":0,"jacuzzi":0,"television":0,"furniture":0,"breakfast":0}
{"id":"ecotourism-662499","title":"اجاره بوم گردی الوندجنوب بندر مقام واحد پارسیان","url":"https:\/\/www.jabama.com\/stay\/ecotourism-662499","source":"jabama","address":"not specified","price":0,"area":0,"rating":0.0,"image_links":[],"capacity_min":0,"capacity_max":0,"pool":0,"parking":0,"wifi":0,"kitchen":0,"western_toilet":0,"iranian_toilet":0,"bathroom":0,"heating":0,"cooling":0,"jacuzzi":0,"television":0,"furniture":0,"breakfast":0}
{"id":"traditional-484759","title":"اقامتگاه سنتی استارسو واحد عمارت پرندگان زيک","url":"https:\/\/www.jabama.com\/stay\/traditional-484759","source":"jabama","address":"not specified","price":0,"area":0,"rating":0.0,"image_links":[],"capacity_min":0,"capacity_max":0,"pool":0,"parking":0,"wifi":0,"kitchen":0,"western_toilet":0,"iranian_toilet":0,"bathroom":0,"heating":0,"cooling":0,"jacuzzi":0,"television":0,"furniture":0,"breakfast":0}
{"id":"traditional-593051","title":"اقامتگاه سنتی نیما و نیکان واحد کلاه فرنگی","url":"https:\/\/www.jabama.com\/stay\/traditional-593051","source":"jabama","address":"not specified","price":0,"area":0,"rating":0.0,"image_links":[],"capacity_min":0,"capacity_max":0,"pool":0,"parking":0,"wifi":0,"kitchen":0,"western_toilet":0,"iranian_toilet":0,"bathroom":0,"heating":0,"cooling":0,"jacuzzi":0,"television":0,"furniture":0,"breakfast":0}
{"id":"traditional-484760","title":"اقامتگاه سنتی استارسو واحد عمارت پرندگان داركتن","url":"https:\/\/www.jabama.com\/stay\/traditional-484760","source":"jabama","address":"not specified","price":0,"area":0,"rating":0.0,"image_links":[],"capacity_min":0,"capacity_max":0,"pool":0,"parking":0,"wifi":0,"kitchen":0,"western_toilet":0,"iranian_toilet":0,"bathroom":0,"heating":0,"cooling":0,"jacuzzi":0,"television":0,"furniture":0,"breakfast":0}
{"id":"ecotourism-659826","title":"اجاره بوم گردی حورا واحد هاف قشم","url":"https:\/\/www.jabama.com\/stay\/ecotourism-659826","source":"jabama","address":"not specified","price":0,"area":0,"rating":0.0,"image_links":[],"capacity_min":0,"capacity_max":0,"pool":0,"parking":0,"wifi":0,"kitchen":0,"western_toilet":0,"iranian_toilet":0,"bathroom":0,"heating":0,"cooling":0,"jacuzzi":0,"television":0,"furniture":0,"breakfast":0}
{"id":"traditional-673197","title":"اقامتگاه سنتی رُباب واحد دَمام","url":"https:\/\/www.jabama.com\/stay\/traditional-673197","source":"jabama","address":"not specified","price":0,"area":0,"rating":0.0,"image_links":[],"capacity_min":0,"capacity_max":0,"pool":0,"parking":0,"wifi":0,"kitchen":0,"western_toilet":0,"iranian_toilet":0,"bathroom":0,"heating":0,"cooling":0,"jacuzzi":0,"television":0,"furniture":0,"breakfast":0}
{"id":"ecotourism-372747","title":"اجاره بوم گردی الهه واحد یاس یزد","url":"https:\/\/www.jabama.com\/stay\/ecotourism-372747","source":"jabama","address":"not specified","price":0,"area":0,"rating":0.0,"image_links":[],"capacity_min":0,"capacity_max":0,"pool":0,"parking":0,"wifi":0,"kitchen":0,"western_toilet":0,"iranian_toilet":0,"bathroom":0,"heating":0,"cooling":0,"jacuzzi":0,"television":0,"furniture":0,"breakfast":0}
{"id":"traditional-670048","title":"اقامتگاه سنتی طلوع واحد 2","url":"https:\/\/www.jabama.com\/stay\/traditional-670048","source":"jabama","address":"not specified","price":0,"area":0,"rating":0.0,"image_links":[],"capacity_min":0,"capacity_max":0,"pool":0,"parking":0,"wifi":0,"kitchen":0,"western_toilet":0,"iranian_toilet":0,"bathroom":0,"heating":0,"cooling":0,"jacuzzi":0,"television":0,"furniture":0,"breakfast":0}
{"id":"ecotourism-489047","title":"اجاره بوم گردی نوررر نور واحد 1 هرمز","url":"https:\/\/www.jabama.com\/stay\/ecotourism-489047","source":"jabama","address":"not specified","price":0,"area":0,"rating":0.0,"image_links":[],"capacity_min":0,"capacity_max":0,"pool":0,"parking":0,"wifi":0,"kitchen":0,"western_toilet":0,"iranian_toilet":0,"bathroom":0,"heating":0,"cooling":0,"jacuzzi":0,"television":0,"furniture":0,"breakfast":0}
{"id":"ecotourism-611746","title":"اجاره بوم گردی زربانو واحد 1 رامسر","url":"https:\/\/www.jabama.com\/stay\/ecotourism-611746","source":"jabama","address":"not specified","price":0,"area":0,"rating":0.0,"image_links":[],"capacity_min":0,"capacity_max":0,"pool":0,"parking":0,"wifi":0,"kitchen":0,"western_toilet":0,"iranian_toilet":0,"bathroom":0,"heating":0,"cooling":0,"jacuzzi":0,"television":0,"furniture":0,"breakfast":0}
