{"id":77023,"title":"اقامتگاه بومگردی راد اتاق 7","url":"https:\/\/www.shab.ir\/houses\/show\/77023","source":"shab","address":"طبس, احمدیه,","price":2445000,"area":12,"rating":5.0,"image_links":["https:\/\/s3gw.at.shab.cloud\/production\/houses\/photos\/2023\/1\/12\/15\/77023\/house-77023-2023-01-12-03-51-14-359aed10da3a64061752e7a43dbe7a3ef55255c0-591366.jpg","https:\/\/s3gw.at.shab.cloud\/production\/houses\/photos\/2023\/1\/12\/15\/77023\/house-77023-2023-01-12-03-26-22-980e282ac25e6a1f717cd4f8ccb089fcadf7b956-478420.jpg","https:\/\/s3gw.at.shab.cloud\/production\/houses\/photos\/2023\/1\/12\/15\/77023\/house-77023-2023-01-12-03-26-22-ece54c0f56217b1d214caeb1cbe52294cf2be97f-22745.jpg","https:\/\/s3gw.at.shab.cloud\/production\/houses\/photos\/2023\/1\/12\/15\/77023\/house-77023-2023-01-12-03-26-22-672c0a37dd6d04d47a9e357b548c5b57dd4dbf55-81581.jpg","https:\/\/s3gw.at.shab.cloud\/production\/houses\/photos\/2023\/1\/12\/15\/77023\/house-77023-2023-01-12-03-26-23-976c0f203f19be23b2768fc5b373deafaf220160-279863.jpg","https:\/\/s3gw.at.shab.cloud\/production\/houses\/photos\/2023\/1\/12\/15\/77023\/house-77023-2023-01-12-03-26-23-803c21a8301e9e1a480dd2bbc8edd5d10d5e8950-888305.jpg"],"capacity_min":5,"capacity_max":5,"pool":0,"parking":0,"wifi":0,"kitchen":0,"western_toilet":1,"iranian_toilet":1,"bathroom":1,"heating":1,"cooling":0,"jacuzzi":0,"television":0,"furniture":0,"breakfast":0}
{"id":77020,"title":"اقامتگاه بومگردی راد اتاق 10","url":"https:\/\/www.shab.ir\/houses\/show\/77020","source":"shab","address":"طبس, احمدیه,","price":2934000,"area":15,"rating":5.0,"image_links":["https:\/\/s3gw.at.shab.cloud\/production\/houses\/photos\/2023\/1\/12\/15\/77020\/house-77020-2023-01-12-04-19-27-359aed10da3a64061752e7a43dbe7a3ef55255c0-773245.jpg","https:\/\/s3gw.at.shab.cloud\/production\/houses\/photos\/2023\/1\/12\/15\/77020\/house-77020-2023-01-12-03-25-49-980e282ac25e6a1f717cd4f8ccb089fcadf7b956-131174.jpg","https:\/\/s3gw.at.shab.cloud\/production\/houses\/photos\/2023\/1\/12\/15\/77020\/house-77020-2023-01-12-03-25-50-ece54c0f56217b1d214caeb1cbe52294cf2be97f-608544.jpg","https:\/\/s3gw.at.shab.cloud\/production\/houses\/photos\/2023\/1\/12\/15\/77020\/house-77020-2023-01-12-03-25-50-672c0a37dd6d04d47a9e357b548c5b57dd4dbf55-500506.jpg","https:\/\/s3gw.at.shab.cloud\/production\/houses\/photos\/2023\/1\/12\/15\/77020\/house-77020-2023-01-12-03-25-50-976c0f203f19be23b2768fc5b373deafaf220160-606533.jpg","https:\/\/s3gw.at.shab.cloud\/production\/houses\/photos\/2023\/1\/12\/15\/77020\/house-77020-2023-01-12-03-25-50-803c21a8301e9e1a480dd2bbc8edd5d10d5e8950-106605.jpg"],"capacity_min":6,"capacity_max":6,"pool":0,"parking":0,"wifi":0,"kitchen":0,"western_toilet":1,"iranian_toilet":1,"bathroom":1,"heating":1,"cooling":0,"jacuzzi":0,"television":0,"furniture":0,"breakfast":0}
