{"id":34033,"title":"اقامتگاه بومگردی سر قنات اتاق غربی","url":"https:\/\/www.shab.ir\/houses\/show\/34033","source":"shab","address":"آباده, شهری,","price":650000,"area":10,"rating":4.76,"image_links":["https:\/\/s3gw.at.shab.cloud\/production\/houses\/photos\/2019\/10\/16\/12\/34033\/house-34033-2024-02-07-10-03-21-177594be066cccadbe1effeaa5114c3a86c4b014-341928.jpg","https:\/\/s3gw.at.shab.cloud\/production\/houses\/photos\/2019\/10\/16\/12\/34033\/house-34033-2024-02-07-10-03-21-8e7f4fdb1d45c5f14a960242977f480fe8d62afb-819545.jpg","https:\/\/s3gw.at.shab.cloud\/production\/houses\/photos\/2019\/10\/16\/12\/34033\/house-34033-2024-02-07-10-03-22-3193ecd90c321adf0650ab022810e7011bfe9b08-27523.jpg","https:\/\/s3gw.at.shab.cloud\/production\/houses\/photos\/2019\/10\/16\/12\/34033\/house-34033-2024-02-07-10-03-22-2f07e8558038d17fc0826e328c0281f7fae11438-909732.jpg","https:\/\/s3gw.at.shab.cloud\/production\/houses\/photos\/2019\/10\/16\/12\/34033\/house-34033-2024-02-07-10-03-23-fbfe88e1afb3eaf34a3b818faf9c25961991b26b-690789.jpg"],"capacity_min":2,"capacity_max":2,"pool":0,"parking":1,"wifi":0,"kitchen":1,"western_toilet":0,"iranian_toilet":0,"bathroom":0,"heating":0,"cooling":0,"jacuzzi":0,"television":0,"furniture":0,"breakfast":0}
{"id":85561,"title":"اقامتگاه ماه صنم دربست","url":"https:\/\/www.shab.ir\/houses\/show\/85561","source":"shab","address":"آباده, سیدان,","price":630000,"area":50,"rating":4.8,"image_links":["https:\/\/s3gw.at.shab.cloud\/production\/houses\/photos\/2023\/4\/22\/16\/85561\/house-85561-2024-07-12-02-40-28-277f750dc10e420a812b80000395d2a0fd07e1b9-416816.jpg","https:\/\/s3gw.at.shab.cloud\/production\/houses\/photos\/2023\/4\/22\/16\/85561\/house-85561-2023-06-19-11-03-54-4ad4dd48b7d30b2cc471b6677b86353090acbeb8-502999.jpg","https:\/\/s3gw.at.shab.cloud\/production\/houses\/photos\/2023\/4\/22\/16\/85561\/house-85561-2024-02-09-06-18-04-155b29017d0a692f7caef8be4c254125ed84bdfb-578775.jpg","https:\/\/s3gw.at.shab.cloud\/production\/houses\/photos\/2023\/4\/22\/16\/85561\/house-85561-2024-12-16-03-09-19-2045690c30f5fcdd420b39535d2a7da7ee53e5d8-689782.jpg","https:\/\/s3gw.at.shab.cloud\/production\/houses\/photos\/2023\/4\/22\/16\/85561\/house-85561-2023-07-08-03-09-30-6f612ea8b532c22a5d575c1cc201268077f0c1a9-440909.jpg","https:\/\/s3gw.at.shab.cloud\/production\/houses\/photos\/2023\/4\/22\/16\/85561\/house-85561-2023-07-08-03-09-31-62527833a7ab749468d621a75514abd08912b962-728587.jpg","https:\/\/s3gw.at.shab.cloud\/production\/houses\/photos\/2023\/4\/22\/16\/85561\/house-85561-2023-05-22-04-52-50-359aed10da3a64061752e7a43dbe7a3ef55255c0-684422.jpg","https:\/\/s3gw.at.shab.cloud\/production\/houses\/photos\/2023\/4\/22\/16\/85561\/house-85561-2023-06-19-11-03-53-014195300970543a4ed599f21b9a7b44706792e4-959536.jpg","https:\/\/s3gw.at.shab.cloud\/production\/houses\/photos\/2023\/4\/22\/16\/85561\/house-85561-2023-06-19-11-03-53-ecb8891c45d8411bcd89613d7dbee36a817a8a7d-688294.jpg","https:\/\/s3gw.at.shab.cloud\/production\/houses\/photos\/2023\/4\/22\/16\/85561\/house-85561-2024-02-09-06-18-03-ea1002d890ce8f7fe6c183d2c53d30e009315e16-762145.jpg","https:\/\/s3gw.at.shab.cloud\/production\/houses\/photos\/2023\/4\/22\/16\/85561\/house-85561-2023-05-09-11-13-30-359aed10da3a64061752e7a43dbe7a3ef55255c0-919123.jpg"],"capacity_min":2,"capacity_max":10,"pool":0,"parking":1,"wifi":0,"kitchen":1,"western_toilet":1,"iranian_toilet":1,"bathroom":1,"heating":1,"cooling":1,"jacuzzi":0,"television":1,"furniture":0,"breakfast":0}
{"id":34034,"title":"اقامتگاه بومگردی سر قنات اتاق چارسو","url":"https:\/\/www.shab.ir\/houses\/show\/34034","source":"shab","address":"آباده, شهری,","price":950000,"area":15,"rating":4.57,"image_links":["https:\/\/s3gw.at.shab.cloud\/production\/houses\/photos\/2019\/10\/16\/12\/34034\/house-34034-2024-02-07-09-30-52-ef6288b3ae164381dbe731c21d54a5b2cddf8712-529905.jpg","https:\/\/s3gw.at.shab.cloud\/production\/houses\/photos\/2019\/10\/16\/12\/34034\/house-34034-2024-02-07-09-30-52-8e7f4fdb1d45c5f14a960242977f480fe8d62afb-551997.jpg","https:\/\/s3gw.at.shab.cloud\/production\/houses\/photos\/2019\/10\/16\/12\/34034\/house-34034-2024-02-07-09-30-53-3193ecd90c321adf0650ab022810e7011bfe9b08-710213.jpg","https:\/\/s3gw.at.shab.cloud\/production\/houses\/photos\/2019\/10\/16\/12\/34034\/house-34034-2024-02-07-09-30-53-46d9231525bd1a425455d48a74fb9abf7ac82afb-511364.jpg","https:\/\/s3gw.at.shab.cloud\/production\/houses\/photos\/2019\/10\/16\/12\/34034\/house-34034-2024-02-07-09-30-54-e9da0a2a8c5fc7b69500e0d4e38aca404d5fabdc-237436.jpg","https:\/\/s3gw.at.shab.cloud\/production\/houses\/photos\/2019\/10\/16\/12\/34034\/house-34034-2024-02-07-09-30-55-bc86943c63aad7cc1b3d7c6d1d0a78a3eb46fd59-810551.jpg","https:\/\/s3gw.at.shab.cloud\/production\/houses\/photos\/2019\/10\/16\/12\/34034\/house-34034-2024-02-07-09-30-56-fbfe88e1afb3eaf34a3b818faf9c25961991b26b-873244.jpg"],"capacity_min":3,"capacity_max":3,"pool":0,"parking":1,"wifi":0,"kitchen":0,"western_toilet":0,"iranian_toilet":0,"bathroom":1,"heating":1,"cooling":1,"jacuzzi":0,"television":0,"furniture":0,"breakfast":0}
