{"id":46339,"title":"اقامتگاه بومگردی خورزن واحد تیرچوبی","url":"https:\/\/www.shab.ir\/houses\/show\/46339","source":"shab","address":"محلات, دهستان تاریخی خورهه,","price":1350000,"area":65,"rating":4.76,"image_links":["https:\/\/s3gw.at.shab.cloud\/production\/houses\/photos\/2020\/7\/10\/9\/46339\/house-46339-2022-10-17-02-48-36-359aed10da3a64061752e7a43dbe7a3ef55255c0-677730.jpg","https:\/\/s3gw.at.shab.cloud\/production\/houses\/photos\/2020\/7\/10\/9\/46339\/house-46339-2022-10-17-02-43-41-359aed10da3a64061752e7a43dbe7a3ef55255c0-974826.jpg","https:\/\/s3gw.at.shab.cloud\/production\/houses\/photos\/2020\/7\/10\/9\/46339\/house-46339-2022-10-17-02-43-42-359aed10da3a64061752e7a43dbe7a3ef55255c0-262660.jpg","https:\/\/s3gw.at.shab.cloud\/production\/houses\/photos\/2020\/7\/10\/9\/46339\/house-46339-2022-10-17-02-48-34-359aed10da3a64061752e7a43dbe7a3ef55255c0-179209.jpg","https:\/\/s3gw.at.shab.cloud\/production\/houses\/photos\/2020\/7\/10\/9\/46339\/house-46339-2022-10-17-02-48-35-359aed10da3a64061752e7a43dbe7a3ef55255c0-46056.jpg","https:\/\/s3gw.at.shab.cloud\/production\/houses\/photos\/2020\/7\/10\/9\/46339\/house-46339-2022-10-17-02-48-35-359aed10da3a64061752e7a43dbe7a3ef55255c0-32937.jpg","https:\/\/s3gw.at.shab.cloud\/production\/houses\/photos\/2020\/7\/10\/9\/46339\/house-46339-2022-10-17-02-48-36-359aed10da3a64061752e7a43dbe7a3ef55255c0-827152.jpg","https:\/\/s3gw.at.shab.cloud\/production\/houses\/photos\/2020\/7\/10\/9\/46339\/house-46339-2022-10-17-02-48-36-359aed10da3a64061752e7a43dbe7a3ef55255c0-589815.jpg","https:\/\/s3gw.at.shab.cloud\/production\/houses\/photos\/2020\/7\/10\/9\/46339\/house-46339-2022-10-17-02-48-37-359aed10da3a64061752e7a43dbe7a3ef55255c0-818281.jpg","https:\/\/s3gw.at.shab.cloud\/production\/houses\/photos\/2020\/7\/10\/9\/46339\/house-46339-2022-10-17-02-48-37-359aed10da3a64061752e7a43dbe7a3ef55255c0-987848.jpg","https:\/\/s3gw.at.shab.cloud\/production\/houses\/photos\/2020\/7\/10\/9\/46339\/house-46339-2022-10-17-02-48-38-359aed10da3a64061752e7a43dbe7a3ef55255c0-816291.jpg","https:\/\/s3gw.at.shab.cloud\/production\/houses\/photos\/2020\/7\/10\/9\/46339\/house-46339-2022-10-17-02-48-38-359aed10da3a64061752e7a43dbe7a3ef55255c0-504148.jpg","https:\/\/s3gw.at.shab.cloud\/production\/houses\/photos\/2020\/7\/10\/9\/46339\/house-46339-2022-10-17-02-48-39-359aed10da3a64061752e7a43dbe7a3ef55255c0-655018.jpg","https:\/\/s3gw.at.shab.cloud\/production\/houses\/photos\/2020\/7\/10\/9\/46339\/house-46339-2022-10-17-02-48-39-359aed10da3a64061752e7a43dbe7a3ef55255c0-102965.jpg","https:\/\/s3gw.at.shab.cloud\/production\/houses\/photos\/2020\/7\/10\/9\/46339\/house-46339-2022-10-17-02-48-40-359aed10da3a64061752e7a43dbe7a3ef55255c0-83177.jpg","https:\/\/s3gw.at.shab.cloud\/production\/houses\/photos\/2020\/7\/10\/9\/46339\/house-46339-2022-10-17-02-43-41-359aed10da3a64061752e7a43dbe7a3ef55255c0-113785.jpg"],"capacity_min":4,"capacity_max":6,"pool":0,"parking":1,"wifi":0,"kitchen":1,"western_toilet":1,"iranian_toilet":0,"bathroom":1,"heating":1,"cooling":1,"jacuzzi":0,"television":0,"furniture":1,"breakfast":0}
{"id":46340,"title":"اقامتگاه بومگردی خورزن واحد سرسرا","url":"https:\/\/www.shab.ir\/houses\/show\/46340","source":"shab","address":"محلات, دهستان تاریخی خورهه,","price":2050000,"area":95,"rating":4.61,"image_links":["https:\/\/s3gw.at.shab.cloud\/production\/houses\/photos\/2020\/7\/10\/9\/46340\/house-46340-2022-10-17-02-21-34-359aed10da3a64061752e7a43dbe7a3ef55255c0-405201.jpg","https:\/\/s3gw.at.shab.cloud\/production\/houses\/photos\/2020\/7\/10\/9\/46340\/house-46340-2022-10-17-02-21-34-359aed10da3a64061752e7a43dbe7a3ef55255c0-710407.jpg","https:\/\/s3gw.at.shab.cloud\/production\/houses\/photos\/2020\/7\/10\/9\/46340\/house-46340-2022-10-17-02-21-35-359aed10da3a64061752e7a43dbe7a3ef55255c0-860937.jpg","https:\/\/s3gw.at.shab.cloud\/production\/houses\/photos\/2020\/7\/10\/9\/46340\/house-46340-2022-10-17-02-21-35-359aed10da3a64061752e7a43dbe7a3ef55255c0-48150.jpg","https:\/\/s3gw.at.shab.cloud\/production\/houses\/photos\/2020\/7\/10\/9\/46340\/house-46340-2022-10-17-02-21-36-359aed10da3a64061752e7a43dbe7a3ef55255c0-945307.jpg","https:\/\/s3gw.at.shab.cloud\/production\/houses\/photos\/2020\/7\/10\/9\/46340\/house-46340-2022-10-17-02-21-36-359aed10da3a64061752e7a43dbe7a3ef55255c0-830414.jpg","https:\/\/s3gw.at.shab.cloud\/production\/houses\/photos\/2020\/7\/10\/9\/46340\/house-46340-2022-10-17-02-21-36-359aed10da3a64061752e7a43dbe7a3ef55255c0-188217.jpg","https:\/\/s3gw.at.shab.cloud\/production\/houses\/photos\/2020\/7\/10\/9\/46340\/house-46340-2022-10-17-02-21-37-359aed10da3a64061752e7a43dbe7a3ef55255c0-450990.jpg","https:\/\/s3gw.at.shab.cloud\/production\/houses\/photos\/2020\/7\/10\/9\/46340\/house-46340-2022-10-17-02-21-37-359aed10da3a64061752e7a43dbe7a3ef55255c0-774635.jpg","https:\/\/s3gw.at.shab.cloud\/production\/houses\/photos\/2020\/7\/10\/9\/46340\/house-46340-2022-10-17-02-21-38-359aed10da3a64061752e7a43dbe7a3ef55255c0-535710.jpg","https:\/\/s3gw.at.shab.cloud\/production\/houses\/photos\/2020\/7\/10\/9\/46340\/house-46340-2022-10-17-02-21-38-359aed10da3a64061752e7a43dbe7a3ef55255c0-731803.jpg","https:\/\/s3gw.at.shab.cloud\/production\/houses\/photos\/2020\/7\/10\/9\/46340\/house-46340-2022-10-17-02-21-39-359aed10da3a64061752e7a43dbe7a3ef55255c0-333661.jpg","https:\/\/s3gw.at.shab.cloud\/production\/houses\/photos\/2020\/7\/10\/9\/46340\/house-46340-2024-06-10-07-22-05-6326909a8c3e5853d5ed28484fc0bf36c4804077-851990.jpg"],"capacity_min":6,"capacity_max":9,"pool":0,"parking":1,"wifi":0,"kitchen":1,"western_toilet":1,"iranian_toilet":0,"bathroom":1,"heating":1,"cooling":1,"jacuzzi":0,"television":0,"furniture":1,"breakfast":0}
{"id":39928,"title":"اقامتگاه بومگردی اهورا اتاق 3","url":"https:\/\/www.shab.ir\/houses\/show\/39928","source":"shab","address":"محلات, آتشکوه,","price":880000,"area":30,"rating":4.46,"image_links":["https:\/\/s3gw.at.shab.cloud\/production\/houses\/photos\/2020\/2\/23\/12\/39928\/house-39928-2023-04-25-09-41-31-359aed10da3a64061752e7a43dbe7a3ef55255c0-628554.jpg","https:\/\/s3gw.at.shab.cloud\/production\/houses\/photos\/2020\/2\/23\/12\/39928\/house-39928-2020-02-23-12-05-30-0fd0bcfb44f83e7d5ac7a8922578276b9af48746.jpg","https:\/\/s3gw.at.shab.cloud\/production\/houses\/photos\/2020\/2\/23\/12\/39928\/house-39928-2020-02-23-12-05-39-0fd0bcfb44f83e7d5ac7a8922578276b9af48746.jpg","https:\/\/s3gw.at.shab.cloud\/production\/houses\/photos\/2020\/2\/23\/12\/39928\/house-39928-2020-02-23-12-05-47-0fd0bcfb44f83e7d5ac7a8922578276b9af48746.jpg","https:\/\/s3gw.at.shab.cloud\/production\/houses\/photos\/2020\/2\/23\/12\/39928\/house-39928-2020-02-23-12-05-55-0fd0bcfb44f83e7d5ac7a8922578276b9af48746.jpg","https:\/\/s3gw.at.shab.cloud\/production\/houses\/photos\/2020\/2\/23\/12\/39928\/house-39928-2020-02-23-12-05-58-0fd0bcfb44f83e7d5ac7a8922578276b9af48746.jpg","https:\/\/s3gw.at.shab.cloud\/production\/houses\/photos\/2020\/2\/23\/12\/39928\/house-39928-2023-04-25-09-41-31-359aed10da3a64061752e7a43dbe7a3ef55255c0-221748.jpg","https:\/\/s3gw.at.shab.cloud\/production\/houses\/photos\/2020\/2\/23\/12\/39928\/house-39928-2023-04-25-09-41-31-359aed10da3a64061752e7a43dbe7a3ef55255c0-882407.jpg"],"capacity_min":4,"capacity_max":7,"pool":0,"parking":0,"wifi":0,"kitchen":0,"western_toilet":1,"iranian_toilet":1,"bathroom":1,"heating":0,"cooling":0,"jacuzzi":0,"television":0,"furniture":0,"breakfast":0}
