{"id":24688,"title":"بومگردی خاطرهطاق چشمه ای","url":"https:\/\/www.shab.ir\/houses\/show\/24688","source":"shab","address":"نایین, خیابان دکتر طبا,","price":850000,"area":250,"rating":4.54,"image_links":["https:\/\/s3gw.at.shab.cloud\/production\/houses\/photos\/2019\/6\/12\/12\/24688\/house-24688-2022-09-03-08-06-05-359aed10da3a64061752e7a43dbe7a3ef55255c0-586020.jpg","https:\/\/s3gw.at.shab.cloud\/production\/houses\/photos\/2019\/6\/12\/12\/24688\/house-24688-2022-09-03-08-06-06-359aed10da3a64061752e7a43dbe7a3ef55255c0-154659.jpg","https:\/\/s3gw.at.shab.cloud\/production\/houses\/photos\/2019\/6\/12\/12\/24688\/house-24688-2022-09-03-08-06-06-359aed10da3a64061752e7a43dbe7a3ef55255c0-497163.jpg","https:\/\/s3gw.at.shab.cloud\/production\/houses\/photos\/2019\/6\/12\/12\/24688\/house-24688-2022-09-03-08-06-06-359aed10da3a64061752e7a43dbe7a3ef55255c0-874537.jpg","https:\/\/s3gw.at.shab.cloud\/production\/houses\/photos\/2019\/6\/12\/12\/24688\/house-24688-2022-09-03-08-06-06-359aed10da3a64061752e7a43dbe7a3ef55255c0-949553.jpg","https:\/\/s3gw.at.shab.cloud\/production\/houses\/photos\/2019\/6\/12\/12\/24688\/house-24688-2022-09-03-08-06-06-359aed10da3a64061752e7a43dbe7a3ef55255c0-598082.jpg","https:\/\/s3gw.at.shab.cloud\/production\/houses\/photos\/2019\/6\/12\/12\/24688\/house-24688-2022-09-03-08-06-06-359aed10da3a64061752e7a43dbe7a3ef55255c0-365695.jpg","https:\/\/s3gw.at.shab.cloud\/production\/houses\/photos\/2019\/6\/12\/12\/24688\/house-24688-2022-09-03-08-06-06-359aed10da3a64061752e7a43dbe7a3ef55255c0-249398.jpg","https:\/\/s3gw.at.shab.cloud\/production\/houses\/photos\/2019\/6\/12\/12\/24688\/house-24688-2022-09-03-08-06-06-359aed10da3a64061752e7a43dbe7a3ef55255c0-687558.jpg","https:\/\/s3gw.at.shab.cloud\/production\/houses\/photos\/2019\/6\/12\/12\/24688\/house-24688-2021-03-19-06-30-48-0fd0bcfb44f83e7d5ac7a8922578276b9af48746.jpg","https:\/\/s3gw.at.shab.cloud\/production\/houses\/photos\/2019\/6\/12\/12\/24688\/house-24688-2022-09-03-08-06-07-359aed10da3a64061752e7a43dbe7a3ef55255c0-639255.jpg","https:\/\/s3gw.at.shab.cloud\/production\/houses\/photos\/2019\/6\/12\/12\/24688\/house-24688-2022-01-17-09-03-33-0fd0bcfb44f83e7d5ac7a8922578276b9af48746.jpg","https:\/\/s3gw.at.shab.cloud\/production\/houses\/photos\/2019\/6\/12\/12\/24688\/house-24688-2022-09-03-08-06-07-359aed10da3a64061752e7a43dbe7a3ef55255c0-682816.jpg","https:\/\/s3gw.at.shab.cloud\/production\/houses\/photos\/2019\/6\/12\/12\/24688\/house-24688-2022-09-03-08-06-07-359aed10da3a64061752e7a43dbe7a3ef55255c0-401550.jpg","https:\/\/s3gw.at.shab.cloud\/production\/houses\/photos\/2019\/6\/12\/12\/24688\/house-24688-2022-09-03-08-06-07-359aed10da3a64061752e7a43dbe7a3ef55255c0-264623.jpg"],"capacity_min":3,"capacity_max":8,"pool":0,"parking":1,"wifi":1,"kitchen":1,"western_toilet":0,"iranian_toilet":1,"bathroom":1,"heating":1,"cooling":1,"jacuzzi":0,"television":0,"furniture":0,"breakfast":0}
{"id":24742,"title":"اقامتگاه بومگردی خاطره اتاق ترمه","url":"https:\/\/www.shab.ir\/houses\/show\/24742","source":"shab","address":"نایین,","price":850000,"area":250,"rating":4.49,"image_links":["https:\/\/s3gw.at.shab.cloud\/production\/houses\/photos\/2019\/6\/13\/12\/24742\/house-24742-2024-12-22-08-49-08-5e2ac3b0f3c7a3ea61f99de5dcb2f5942696e9a4-472213.jpg","https:\/\/s3gw.at.shab.cloud\/production\/houses\/photos\/2019\/6\/13\/12\/24742\/house-24742-2024-12-22-08-49-10-976acf6e288a19e1fc666b1b129411eb977b6a05-234339.jpg","https:\/\/s3gw.at.shab.cloud\/production\/houses\/photos\/2019\/6\/13\/12\/24742\/house-24742-2022-09-01-01-35-16-359aed10da3a64061752e7a43dbe7a3ef55255c0-902581.jpg","https:\/\/s3gw.at.shab.cloud\/production\/houses\/photos\/2019\/6\/13\/12\/24742\/house-24742-2022-09-01-01-35-16-359aed10da3a64061752e7a43dbe7a3ef55255c0-822800.jpg","https:\/\/s3gw.at.shab.cloud\/production\/houses\/photos\/2019\/6\/13\/12\/24742\/house-24742-2022-09-01-01-35-17-359aed10da3a64061752e7a43dbe7a3ef55255c0-936439.jpg","https:\/\/s3gw.at.shab.cloud\/production\/houses\/photos\/2019\/6\/13\/12\/24742\/house-24742-2024-12-22-08-49-11-5e543b96d9676b7e7c276612fdbd4117b7e48845-103202.jpg","https:\/\/s3gw.at.shab.cloud\/production\/houses\/photos\/2019\/6\/13\/12\/24742\/house-24742-2024-12-22-08-49-11-9a3499ee45dff461c02c490119b8227e8dd484c8-741907.jpg","https:\/\/s3gw.at.shab.cloud\/production\/houses\/photos\/2019\/6\/13\/12\/24742\/house-24742-2022-09-01-01-35-17-359aed10da3a64061752e7a43dbe7a3ef55255c0-818220.jpg","https:\/\/s3gw.at.shab.cloud\/production\/houses\/photos\/2019\/6\/13\/12\/24742\/house-24742-2024-12-22-08-49-12-42bc367408d2b4213a0b94dfdbfc9c24db08572b-52782.jpg","https:\/\/s3gw.at.shab.cloud\/production\/houses\/photos\/2019\/6\/13\/12\/24742\/house-24742-2024-12-22-08-49-13-9b1466722fb3c0911ce8e701621e3007f132d5c0-552574.jpg","https:\/\/s3gw.at.shab.cloud\/production\/houses\/photos\/2019\/6\/13\/12\/24742\/house-24742-2022-09-01-01-35-17-359aed10da3a64061752e7a43dbe7a3ef55255c0-960564.jpg","https:\/\/s3gw.at.shab.cloud\/production\/houses\/photos\/2019\/6\/13\/12\/24742\/house-24742-2022-09-01-01-35-18-359aed10da3a64061752e7a43dbe7a3ef55255c0-249727.jpg","https:\/\/s3gw.at.shab.cloud\/production\/houses\/photos\/2019\/6\/13\/12\/24742\/house-24742-2024-12-22-08-49-14-cd9b5db9ac6f92b9d5e2877e5e9c98207a5a114e-161937.jpg"],"capacity_min":2,"capacity_max":6,"pool":0,"parking":1,"wifi":1,"kitchen":1,"western_toilet":1,"iranian_toilet":1,"bathroom":1,"heating":1,"cooling":1,"jacuzzi":0,"television":1,"furniture":0,"breakfast":0}
