{"id":108029,"title":"اقامت سنتی پارسه گاد واحد 4","url":"https:\/\/www.shab.ir\/houses\/show\/108029","source":"shab","address":"پاسارگاد, مادرسلیمان,","price":1300000,"area":20,"rating":4.83,"image_links":["https:\/\/s3gw.at.shab.cloud\/production\/houses\/photos\/2024\/3\/1\/16\/108029\/house-108029-2024-03-01-04-58-17-4068023c92696417729e583796868041c3bb17e8-801086.jpg","https:\/\/s3gw.at.shab.cloud\/production\/houses\/photos\/2024\/3\/1\/16\/108029\/house-108029-2024-03-01-04-26-01-0e76292794888d4f1fa75fb3aff4ca27c58f56a6-580117.jpg","https:\/\/s3gw.at.shab.cloud\/production\/houses\/photos\/2024\/3\/1\/16\/108029\/house-108029-2024-03-01-04-25-53-0e76292794888d4f1fa75fb3aff4ca27c58f56a6-505963.jpg","https:\/\/s3gw.at.shab.cloud\/production\/houses\/photos\/2024\/3\/1\/16\/108029\/house-108029-2024-03-01-04-26-13-0e76292794888d4f1fa75fb3aff4ca27c58f56a6-619724.jpg","https:\/\/s3gw.at.shab.cloud\/production\/houses\/photos\/2024\/3\/1\/16\/108029\/house-108029-2024-03-01-04-26-21-0e76292794888d4f1fa75fb3aff4ca27c58f56a6-720380.jpg","https:\/\/s3gw.at.shab.cloud\/production\/houses\/photos\/2024\/3\/1\/16\/108029\/house-108029-2024-03-01-04-26-28-0e76292794888d4f1fa75fb3aff4ca27c58f56a6-530607.jpg"],"capacity_min":2,"capacity_max":3,"pool":0,"parking":0,"wifi":0,"kitchen":0,"western_toilet":0,"iranian_toilet":1,"bathroom":1,"heating":1,"cooling":1,"jacuzzi":0,"television":0,"furniture":0,"breakfast":0}
