{"id":37575,"title":"مجتمع اقامتی و بومگردی کوروش اتاق 1","url":"https:\/\/www.shab.ir\/houses\/show\/37575","source":"shab","address":"خلخال, روستای خمس,","price":1150000,"area":35,"rating":4.63,"image_links":["https:\/\/s3gw.at.shab.cloud\/production\/houses\/photos\/2020\/1\/4\/14\/37575\/house-37575-2022-12-05-03-27-16-359aed10da3a64061752e7a43dbe7a3ef55255c0-315672.jpg","https:\/\/s3gw.at.shab.cloud\/production\/houses\/photos\/2020\/1\/4\/14\/37575\/house-37575-2020-01-04-02-20-45-0fd0bcfb44f83e7d5ac7a8922578276b9af48746.jpg","https:\/\/s3gw.at.shab.cloud\/production\/houses\/photos\/2020\/1\/4\/14\/37575\/house-37575-2020-01-04-02-21-06-0fd0bcfb44f83e7d5ac7a8922578276b9af48746.jpg","https:\/\/s3gw.at.shab.cloud\/production\/houses\/photos\/2020\/1\/4\/14\/37575\/house-37575-2020-01-04-02-21-26-0fd0bcfb44f83e7d5ac7a8922578276b9af48746.jpg","https:\/\/s3gw.at.shab.cloud\/production\/houses\/photos\/2020\/1\/4\/14\/37575\/house-37575-2020-01-04-02-22-02-0fd0bcfb44f83e7d5ac7a8922578276b9af48746.jpg","https:\/\/s3gw.at.shab.cloud\/production\/houses\/photos\/2020\/1\/4\/14\/37575\/house-37575-2020-01-04-02-20-55-0fd0bcfb44f83e7d5ac7a8922578276b9af48746.jpg","https:\/\/s3gw.at.shab.cloud\/production\/houses\/photos\/2020\/1\/4\/14\/37575\/house-37575-2020-01-04-02-21-02-0fd0bcfb44f83e7d5ac7a8922578276b9af48746.jpg","https:\/\/s3gw.at.shab.cloud\/production\/houses\/photos\/2020\/1\/4\/14\/37575\/house-37575-2020-01-04-03-27-34-0fd0bcfb44f83e7d5ac7a8922578276b9af48746.jpg","https:\/\/s3gw.at.shab.cloud\/production\/houses\/photos\/2020\/1\/4\/14\/37575\/house-37575-2020-01-04-03-27-46-0fd0bcfb44f83e7d5ac7a8922578276b9af48746.jpg","https:\/\/s3gw.at.shab.cloud\/production\/houses\/photos\/2020\/1\/4\/14\/37575\/house-37575-2020-01-04-03-27-52-0fd0bcfb44f83e7d5ac7a8922578276b9af48746.jpg","https:\/\/s3gw.at.shab.cloud\/production\/houses\/photos\/2020\/1\/4\/14\/37575\/house-37575-2020-01-04-02-21-28-0fd0bcfb44f83e7d5ac7a8922578276b9af48746.jpg"],"capacity_min":3,"capacity_max":4,"pool":0,"parking":1,"wifi":0,"kitchen":1,"western_toilet":0,"iranian_toilet":1,"bathroom":1,"heating":1,"cooling":0,"jacuzzi":0,"television":1,"furniture":1,"breakfast":0}
{"id":37582,"title":"مجتمع اقامتی و بومگردی کوروش اتاق 3","url":"https:\/\/www.shab.ir\/houses\/show\/37582","source":"shab","address":"خلخال, روستای خمس,","price":1150000,"area":35,"rating":4.68,"image_links":["https:\/\/s3gw.at.shab.cloud\/production\/houses\/photos\/2020\/1\/4\/16\/37582\/house-37582-2024-07-28-09-47-12-b91b80924c731759390d987421deafdf3289dd4f-47366.jpg","https:\/\/s3gw.at.shab.cloud\/production\/houses\/photos\/2020\/1\/4\/16\/37582\/house-37582-2020-01-04-04-18-34-0fd0bcfb44f83e7d5ac7a8922578276b9af48746.jpg","https:\/\/s3gw.at.shab.cloud\/production\/houses\/photos\/2020\/1\/4\/16\/37582\/house-37582-2020-01-04-04-18-41-0fd0bcfb44f83e7d5ac7a8922578276b9af48746.jpg","https:\/\/s3gw.at.shab.cloud\/production\/houses\/photos\/2020\/1\/4\/16\/37582\/house-37582-2020-01-04-04-18-49-0fd0bcfb44f83e7d5ac7a8922578276b9af48746.jpg","https:\/\/s3gw.at.shab.cloud\/production\/houses\/photos\/2020\/1\/4\/16\/37582\/house-37582-2020-01-04-04-18-53-0fd0bcfb44f83e7d5ac7a8922578276b9af48746.jpg","https:\/\/s3gw.at.shab.cloud\/production\/houses\/photos\/2020\/1\/4\/16\/37582\/house-37582-2020-01-04-04-19-01-0fd0bcfb44f83e7d5ac7a8922578276b9af48746.jpg","https:\/\/s3gw.at.shab.cloud\/production\/houses\/photos\/2020\/1\/4\/16\/37582\/house-37582-2020-01-04-04-19-05-0fd0bcfb44f83e7d5ac7a8922578276b9af48746.jpg","https:\/\/s3gw.at.shab.cloud\/production\/houses\/photos\/2020\/1\/4\/16\/37582\/house-37582-2020-01-04-04-19-10-0fd0bcfb44f83e7d5ac7a8922578276b9af48746.jpg","https:\/\/s3gw.at.shab.cloud\/production\/houses\/photos\/2020\/1\/4\/16\/37582\/house-37582-2020-01-04-04-19-13-0fd0bcfb44f83e7d5ac7a8922578276b9af48746.jpg","https:\/\/s3gw.at.shab.cloud\/production\/houses\/photos\/2020\/1\/4\/16\/37582\/house-37582-2020-01-04-04-19-17-0fd0bcfb44f83e7d5ac7a8922578276b9af48746.jpg","https:\/\/s3gw.at.shab.cloud\/production\/houses\/photos\/2020\/1\/4\/16\/37582\/house-37582-2020-01-04-04-19-29-0fd0bcfb44f83e7d5ac7a8922578276b9af48746.jpg","https:\/\/s3gw.at.shab.cloud\/production\/houses\/photos\/2020\/1\/4\/16\/37582\/house-37582-2020-01-04-04-19-33-0fd0bcfb44f83e7d5ac7a8922578276b9af48746.jpg","https:\/\/s3gw.at.shab.cloud\/production\/houses\/photos\/2020\/1\/4\/16\/37582\/house-37582-2020-01-04-04-19-45-0fd0bcfb44f83e7d5ac7a8922578276b9af48746.jpg"],"capacity_min":3,"capacity_max":4,"pool":0,"parking":1,"wifi":0,"kitchen":1,"western_toilet":0,"iranian_toilet":1,"bathroom":1,"heating":1,"cooling":0,"jacuzzi":0,"television":1,"furniture":1,"breakfast":0}
{"id":37585,"title":"مجتمع اقامتی و بومگردی کوروش اتاق 4","url":"https:\/\/www.shab.ir\/houses\/show\/37585","source":"shab","address":"خلخال, روستای خمس,","price":1150000,"area":35,"rating":4.62,"image_links":["https:\/\/s3gw.at.shab.cloud\/production\/houses\/photos\/2020\/1\/4\/16\/37585\/house-37585-2020-01-04-04-23-12-0fd0bcfb44f83e7d5ac7a8922578276b9af48746.jpg","https:\/\/s3gw.at.shab.cloud\/production\/houses\/photos\/2020\/1\/4\/16\/37585\/house-37585-2020-01-04-04-23-21-0fd0bcfb44f83e7d5ac7a8922578276b9af48746.jpg","https:\/\/s3gw.at.shab.cloud\/production\/houses\/photos\/2020\/1\/4\/16\/37585\/house-37585-2020-01-04-04-23-24-0fd0bcfb44f83e7d5ac7a8922578276b9af48746.jpg","https:\/\/s3gw.at.shab.cloud\/production\/houses\/photos\/2020\/1\/4\/16\/37585\/house-37585-2020-01-04-04-23-28-0fd0bcfb44f83e7d5ac7a8922578276b9af48746.jpg","https:\/\/s3gw.at.shab.cloud\/production\/houses\/photos\/2020\/1\/4\/16\/37585\/house-37585-2020-01-04-04-23-35-0fd0bcfb44f83e7d5ac7a8922578276b9af48746.jpg","https:\/\/s3gw.at.shab.cloud\/production\/houses\/photos\/2020\/1\/4\/16\/37585\/house-37585-2020-01-04-04-23-38-0fd0bcfb44f83e7d5ac7a8922578276b9af48746.jpg","https:\/\/s3gw.at.shab.cloud\/production\/houses\/photos\/2020\/1\/4\/16\/37585\/house-37585-2020-01-04-04-23-43-0fd0bcfb44f83e7d5ac7a8922578276b9af48746.jpg","https:\/\/s3gw.at.shab.cloud\/production\/houses\/photos\/2020\/1\/4\/16\/37585\/house-37585-2020-01-04-04-23-47-0fd0bcfb44f83e7d5ac7a8922578276b9af48746.jpg","https:\/\/s3gw.at.shab.cloud\/production\/houses\/photos\/2020\/1\/4\/16\/37585\/house-37585-2020-01-04-04-23-51-0fd0bcfb44f83e7d5ac7a8922578276b9af48746.jpg","https:\/\/s3gw.at.shab.cloud\/production\/houses\/photos\/2020\/1\/4\/16\/37585\/house-37585-2020-01-04-04-23-55-0fd0bcfb44f83e7d5ac7a8922578276b9af48746.jpg","https:\/\/s3gw.at.shab.cloud\/production\/houses\/photos\/2020\/1\/4\/16\/37585\/house-37585-2020-01-04-04-24-02-0fd0bcfb44f83e7d5ac7a8922578276b9af48746.jpg","https:\/\/s3gw.at.shab.cloud\/production\/houses\/photos\/2020\/1\/4\/16\/37585\/house-37585-2020-01-04-04-24-08-0fd0bcfb44f83e7d5ac7a8922578276b9af48746.jpg","https:\/\/s3gw.at.shab.cloud\/production\/houses\/photos\/2020\/1\/4\/16\/37585\/house-37585-2020-01-04-04-24-19-0fd0bcfb44f83e7d5ac7a8922578276b9af48746.jpg","https:\/\/s3gw.at.shab.cloud\/production\/houses\/photos\/2020\/1\/4\/16\/37585\/house-37585-2020-01-04-04-24-31-0fd0bcfb44f83e7d5ac7a8922578276b9af48746.jpg"],"capacity_min":3,"capacity_max":4,"pool":0,"parking":1,"wifi":0,"kitchen":1,"western_toilet":0,"iranian_toilet":1,"bathroom":1,"heating":1,"cooling":0,"jacuzzi":0,"television":1,"furniture":1,"breakfast":0}
{"id":37581,"title":"مجتمع اقامتی و بومگردی کوروش اتاق 2","url":"https:\/\/www.shab.ir\/houses\/show\/37581","source":"shab","address":"خلخال, روستای خمس,","price":1150000,"area":35,"rating":4.69,"image_links":["https:\/\/s3gw.at.shab.cloud\/production\/houses\/photos\/2020\/1\/4\/16\/37581\/house-37581-2020-01-04-04-10-39-0fd0bcfb44f83e7d5ac7a8922578276b9af48746.jpg","https:\/\/s3gw.at.shab.cloud\/production\/houses\/photos\/2020\/1\/4\/16\/37581\/house-37581-2020-01-04-04-10-46-0fd0bcfb44f83e7d5ac7a8922578276b9af48746.jpg","https:\/\/s3gw.at.shab.cloud\/production\/houses\/photos\/2020\/1\/4\/16\/37581\/house-37581-2020-01-04-04-10-49-0fd0bcfb44f83e7d5ac7a8922578276b9af48746.jpg","https:\/\/s3gw.at.shab.cloud\/production\/houses\/photos\/2020\/1\/4\/16\/37581\/house-37581-2020-01-04-04-11-08-0fd0bcfb44f83e7d5ac7a8922578276b9af48746.jpg","https:\/\/s3gw.at.shab.cloud\/production\/houses\/photos\/2020\/1\/4\/16\/37581\/house-37581-2020-01-04-04-11-01-0fd0bcfb44f83e7d5ac7a8922578276b9af48746.jpg","https:\/\/s3gw.at.shab.cloud\/production\/houses\/photos\/2020\/1\/4\/16\/37581\/house-37581-2020-01-04-04-11-12-0fd0bcfb44f83e7d5ac7a8922578276b9af48746.jpg","https:\/\/s3gw.at.shab.cloud\/production\/houses\/photos\/2020\/1\/4\/16\/37581\/house-37581-2020-01-04-04-11-18-0fd0bcfb44f83e7d5ac7a8922578276b9af48746.jpg","https:\/\/s3gw.at.shab.cloud\/production\/houses\/photos\/2020\/1\/4\/16\/37581\/house-37581-2020-01-04-04-11-36-0fd0bcfb44f83e7d5ac7a8922578276b9af48746.jpg","https:\/\/s3gw.at.shab.cloud\/production\/houses\/photos\/2020\/1\/4\/16\/37581\/house-37581-2024-07-28-09-41-15-2c4a8d7006305091a3790da13b2061ff53cc9d53-618835.jpg"],"capacity_min":3,"capacity_max":4,"pool":0,"parking":1,"wifi":0,"kitchen":1,"western_toilet":0,"iranian_toilet":1,"bathroom":1,"heating":1,"cooling":0,"jacuzzi":0,"television":1,"furniture":1,"breakfast":0}
{"id":37586,"title":"مجتمع اقامتی و بومگردی کوروش اتاق 5","url":"https:\/\/www.shab.ir\/houses\/show\/37586","source":"shab","address":"خلخال, روستای خمس,","price":1150000,"area":35,"rating":4.63,"image_links":["https:\/\/s3gw.at.shab.cloud\/production\/houses\/photos\/2020\/1\/4\/16\/37586\/house-37586-2020-01-04-04-27-48-0fd0bcfb44f83e7d5ac7a8922578276b9af48746.jpg","https:\/\/s3gw.at.shab.cloud\/production\/houses\/photos\/2020\/1\/4\/16\/37586\/house-37586-2020-01-04-04-27-58-0fd0bcfb44f83e7d5ac7a8922578276b9af48746.jpg","https:\/\/s3gw.at.shab.cloud\/production\/houses\/photos\/2020\/1\/4\/16\/37586\/house-37586-2020-01-04-04-28-01-0fd0bcfb44f83e7d5ac7a8922578276b9af48746.jpg","https:\/\/s3gw.at.shab.cloud\/production\/houses\/photos\/2020\/1\/4\/16\/37586\/house-37586-2020-01-04-04-28-07-0fd0bcfb44f83e7d5ac7a8922578276b9af48746.jpg","https:\/\/s3gw.at.shab.cloud\/production\/houses\/photos\/2020\/1\/4\/16\/37586\/house-37586-2020-01-04-04-28-10-0fd0bcfb44f83e7d5ac7a8922578276b9af48746.jpg","https:\/\/s3gw.at.shab.cloud\/production\/houses\/photos\/2020\/1\/4\/16\/37586\/house-37586-2020-01-04-04-28-14-0fd0bcfb44f83e7d5ac7a8922578276b9af48746.jpg","https:\/\/s3gw.at.shab.cloud\/production\/houses\/photos\/2020\/1\/4\/16\/37586\/house-37586-2020-01-04-04-28-21-0fd0bcfb44f83e7d5ac7a8922578276b9af48746.jpg","https:\/\/s3gw.at.shab.cloud\/production\/houses\/photos\/2020\/1\/4\/16\/37586\/house-37586-2020-01-04-04-28-22-0fd0bcfb44f83e7d5ac7a8922578276b9af48746.jpg","https:\/\/s3gw.at.shab.cloud\/production\/houses\/photos\/2020\/1\/4\/16\/37586\/house-37586-2020-01-04-04-28-26-0fd0bcfb44f83e7d5ac7a8922578276b9af48746.jpg","https:\/\/s3gw.at.shab.cloud\/production\/houses\/photos\/2020\/1\/4\/16\/37586\/house-37586-2020-01-04-04-28-30-0fd0bcfb44f83e7d5ac7a8922578276b9af48746.jpg","https:\/\/s3gw.at.shab.cloud\/production\/houses\/photos\/2020\/1\/4\/16\/37586\/house-37586-2020-01-04-04-28-34-0fd0bcfb44f83e7d5ac7a8922578276b9af48746.jpg","https:\/\/s3gw.at.shab.cloud\/production\/houses\/photos\/2020\/1\/4\/16\/37586\/house-37586-2020-01-04-04-28-45-0fd0bcfb44f83e7d5ac7a8922578276b9af48746.jpg"],"capacity_min":3,"capacity_max":4,"pool":0,"parking":1,"wifi":0,"kitchen":1,"western_toilet":0,"iranian_toilet":1,"bathroom":1,"heating":1,"cooling":0,"jacuzzi":0,"television":1,"furniture":1,"breakfast":0}
