{"id":126827,"title":"مجموعه بوم گردی کاژههه وار","url":"https:\/\/www.shab.ir\/houses\/show\/126827","source":"shab","address":"دیواندره, علی آباد یاپل,","price":1200000,"area":20,"rating":5.0,"image_links":["https:\/\/s3gw.at.shab.cloud\/production\/houses\/photos\/2024\/8\/4\/15\/126827\/house-126827-2024-08-04-04-14-04-dc7264c3b308e8c452aa66181e1030dfd70c8224-115038.jpg","https:\/\/s3gw.at.shab.cloud\/production\/houses\/photos\/2024\/8\/4\/15\/126827\/house-126827-2024-08-04-04-28-25-5ec6099c9509b1ad5d37f82fff12f4e36dd08f19-734315.jpg","https:\/\/s3gw.at.shab.cloud\/production\/houses\/photos\/2024\/8\/4\/15\/126827\/house-126827-2024-08-04-03-55-08-bd16e3eb9b6b505cf8b71568a915e9ea6a7f1571-627275.jpg","https:\/\/s3gw.at.shab.cloud\/production\/houses\/photos\/2024\/8\/4\/15\/126827\/house-126827-2024-08-04-03-55-07-fcfa25a1ce01e10deaf721549f21e47c810292cd-591223.jpg","https:\/\/s3gw.at.shab.cloud\/production\/houses\/photos\/2024\/8\/4\/15\/126827\/house-126827-2024-08-04-03-55-08-a2b668cbe0dec4b38ce65d9fd41e1c7c8ef754e9-906998.jpg","https:\/\/s3gw.at.shab.cloud\/production\/houses\/photos\/2024\/8\/4\/15\/126827\/house-126827-2024-08-04-04-10-23-0e76292794888d4f1fa75fb3aff4ca27c58f56a6-238641.jpg","https:\/\/s3gw.at.shab.cloud\/production\/houses\/photos\/2024\/8\/4\/15\/126827\/house-126827-2024-08-04-04-10-54-0e76292794888d4f1fa75fb3aff4ca27c58f56a6-389901.jpg","https:\/\/s3gw.at.shab.cloud\/production\/houses\/photos\/2024\/8\/4\/15\/126827\/house-126827-2025-02-22-01-21-04-9c60b6c8d66c07fbdc8eb548eb35db7eb5e24ebf-357662.jpg","https:\/\/s3gw.at.shab.cloud\/production\/houses\/photos\/2024\/8\/4\/15\/126827\/house-126827-2025-02-22-01-21-06-22aa6c632da0c3a1930aa494c9343dc333d36879-617495.jpg","https:\/\/s3gw.at.shab.cloud\/production\/houses\/photos\/2024\/8\/4\/15\/126827\/house-126827-2025-02-22-01-21-06-6a345a8564b2890ac67a159c1dab60d8cdcffb28-469232.jpg"],"capacity_min":4,"capacity_max":6,"pool":0,"parking":1,"wifi":0,"kitchen":1,"western_toilet":0,"iranian_toilet":1,"bathroom":1,"heating":1,"cooling":1,"jacuzzi":0,"television":1,"furniture":0,"breakfast":0}
{"id":126830,"title":"مجموعه بوم گردی کاژهکانی","url":"https:\/\/www.shab.ir\/houses\/show\/126830","source":"shab","address":"دیواندره, علی آباد یاپل,","price":1200000,"area":20,"rating":4.84,"image_links":["https:\/\/s3gw.at.shab.cloud\/production\/houses\/photos\/2024\/8\/4\/16\/126830\/house-126830-2024-08-04-04-29-49-63509bf3ddf4e5595d58ba9cb33e66f7472d812d-475035.jpg","https:\/\/s3gw.at.shab.cloud\/production\/houses\/photos\/2024\/8\/4\/16\/126830\/house-126830-2024-08-04-04-29-49-b855e988913ba6e5f7ae74917ba12d68b5dd7a90-184649.jpg","https:\/\/s3gw.at.shab.cloud\/production\/houses\/photos\/2024\/8\/4\/16\/126830\/house-126830-2024-08-04-04-15-48-ce45e5fc2645f8631fb65fb57da897dc9d23ce1b-759992.jpg","https:\/\/s3gw.at.shab.cloud\/production\/houses\/photos\/2024\/8\/4\/16\/126830\/house-126830-2024-08-04-04-15-48-76874facdeaba29eb1b353fad771e98e4a0d19c6-924777.jpg","https:\/\/s3gw.at.shab.cloud\/production\/houses\/photos\/2024\/8\/4\/16\/126830\/house-126830-2024-08-04-04-15-48-e889497f407086553a1b266a8f33cf491bdda7a8-630527.jpg","https:\/\/s3gw.at.shab.cloud\/production\/houses\/photos\/2024\/8\/4\/16\/126830\/house-126830-2024-08-04-04-29-50-f961c076c67a7f10832a4085846d5574a126a9a2-115767.jpg","https:\/\/s3gw.at.shab.cloud\/production\/houses\/photos\/2024\/8\/4\/16\/126830\/house-126830-2024-08-04-04-29-50-a3ece3c61945717e58de7eb361a54beeb555f98d-325750.jpg","https:\/\/s3gw.at.shab.cloud\/production\/houses\/photos\/2024\/8\/4\/16\/126830\/house-126830-2025-01-20-10-58-57-d6768168958710e88bb1aa84ac8576f1ed435fbc-687692.jpg","https:\/\/s3gw.at.shab.cloud\/production\/houses\/photos\/2024\/8\/4\/16\/126830\/house-126830-2025-01-20-10-58-58-29b84b79a5ddedaa23be76d818b65c5016655a9d-919344.jpg","https:\/\/s3gw.at.shab.cloud\/production\/houses\/photos\/2024\/8\/4\/16\/126830\/house-126830-2025-01-20-10-58-59-d6768168958710e88bb1aa84ac8576f1ed435fbc-13785.jpg"],"capacity_min":6,"capacity_max":8,"pool":1,"parking":1,"wifi":0,"kitchen":1,"western_toilet":0,"iranian_toilet":1,"bathroom":1,"heating":1,"cooling":1,"jacuzzi":1,"television":1,"furniture":0,"breakfast":0}
