{"id":99112,"title":"خانه بوم گردی ماه بیبی تخت در خوابگاه قایان","url":"https:\/\/www.shab.ir\/houses\/show\/99112","source":"shab","address":"اصفهان, شیخ یوسف,","price":550000,"area":30,"rating":4.9,"image_links":["https:\/\/s3gw.at.shab.cloud\/production\/houses\/photos\/2023\/9\/26\/16\/99112\/house-99112-2025-04-22-12-55-56-0e76292794888d4f1fa75fb3aff4ca27c58f56a6-88752.jpg","https:\/\/s3gw.at.shab.cloud\/production\/houses\/photos\/2023\/9\/26\/16\/99112\/house-99112-2025-04-22-12-55-56-213b4e2dbb133f0beb1e3b1b9c002567ddbe32dd-815507.jpg","https:\/\/s3gw.at.shab.cloud\/production\/houses\/photos\/2023\/9\/26\/16\/99112\/house-99112-2023-09-26-04-37-04-7dd481c94664506a2a393f88cd6e680c12cd7c55-401865.jpg","https:\/\/s3gw.at.shab.cloud\/production\/houses\/photos\/2023\/9\/26\/16\/99112\/house-99112-2025-04-22-12-55-58-cf8bb3d235fa00ed300aa366c4306b4583102740-346153.jpg","https:\/\/s3gw.at.shab.cloud\/production\/houses\/photos\/2023\/9\/26\/16\/99112\/house-99112-2025-04-22-12-55-59-4fd62b08840de30d17d35bbf194407c03f282f47-21164.jpg","https:\/\/s3gw.at.shab.cloud\/production\/houses\/photos\/2023\/9\/26\/16\/99112\/house-99112-2025-04-22-12-56-00-8b0e62386180ff9c79cdf588c700cb3e5a59773c-781228.jpg","https:\/\/s3gw.at.shab.cloud\/production\/houses\/photos\/2023\/9\/26\/16\/99112\/house-99112-2025-04-22-12-57-50-0e76292794888d4f1fa75fb3aff4ca27c58f56a6-372655.jpg"],"capacity_min":1,"capacity_max":8,"pool":0,"parking":0,"wifi":1,"kitchen":1,"western_toilet":0,"iranian_toilet":0,"bathroom":0,"heating":1,"cooling":1,"jacuzzi":0,"television":0,"furniture":1,"breakfast":1}
{"id":77677,"title":"بنفشه اقامتگاه سنتی بیتوته","url":"https:\/\/www.shab.ir\/houses\/show\/77677","source":"shab","address":"اصفهان, خیابان شریف واقفی,","price":1457000,"area":25,"rating":4.1,"image_links":["https:\/\/s3gw.at.shab.cloud\/production\/houses\/photos\/2023\/1\/28\/14\/77677\/house-77677-2023-01-28-03-17-53-c2ca448d931523f898d4b4a229dc0f3833b087fe-99485.jpg","https:\/\/s3gw.at.shab.cloud\/production\/houses\/photos\/2023\/1\/28\/14\/77677\/house-77677-2023-01-28-03-17-53-359aed10da3a64061752e7a43dbe7a3ef55255c0-599342.jpg","https:\/\/s3gw.at.shab.cloud\/production\/houses\/photos\/2023\/1\/28\/14\/77677\/house-77677-2023-01-28-03-17-53-359aed10da3a64061752e7a43dbe7a3ef55255c0-849424.jpg","https:\/\/s3gw.at.shab.cloud\/production\/houses\/photos\/2023\/1\/28\/14\/77677\/house-77677-2023-01-28-03-17-54-359aed10da3a64061752e7a43dbe7a3ef55255c0-363002.jpg","https:\/\/s3gw.at.shab.cloud\/production\/houses\/photos\/2023\/1\/28\/14\/77677\/house-77677-2023-01-28-03-17-54-359aed10da3a64061752e7a43dbe7a3ef55255c0-484265.jpg","https:\/\/s3gw.at.shab.cloud\/production\/houses\/photos\/2023\/1\/28\/14\/77677\/house-77677-2023-01-28-03-17-54-359aed10da3a64061752e7a43dbe7a3ef55255c0-799213.jpg","https:\/\/s3gw.at.shab.cloud\/production\/houses\/photos\/2023\/1\/28\/14\/77677\/house-77677-2023-01-28-03-17-54-359aed10da3a64061752e7a43dbe7a3ef55255c0-223639.jpg","https:\/\/s3gw.at.shab.cloud\/production\/houses\/photos\/2023\/1\/28\/14\/77677\/house-77677-2023-01-28-03-17-54-359aed10da3a64061752e7a43dbe7a3ef55255c0-649440.jpg","https:\/\/s3gw.at.shab.cloud\/production\/houses\/photos\/2023\/1\/28\/14\/77677\/house-77677-2023-01-28-03-17-54-359aed10da3a64061752e7a43dbe7a3ef55255c0-924410.jpg","https:\/\/s3gw.at.shab.cloud\/production\/houses\/photos\/2023\/1\/28\/14\/77677\/house-77677-2023-01-28-03-17-55-359aed10da3a64061752e7a43dbe7a3ef55255c0-944321.jpg"],"capacity_min":1,"capacity_max":3,"pool":0,"parking":0,"wifi":0,"kitchen":1,"western_toilet":1,"iranian_toilet":1,"bathroom":1,"heating":1,"cooling":1,"jacuzzi":0,"television":0,"furniture":1,"breakfast":1}
{"id":155227,"title":"اقامتگاه بیتوته سوسن 5","url":"https:\/\/www.shab.ir\/houses\/show\/155227","source":"shab","address":"اصفهان, خیابان شریف واقفی,","price":1540000,"area":25,"rating":4.1,"image_links":["https:\/\/s3gw.at.shab.cloud\/production\/houses\/photos\/2025\/3\/31\/16\/155227\/house-155227-2025-03-31-04-31-57-6f9537f0f646ccf96f6ca24c9f37c7b5c953899f-247662.jpg","https:\/\/s3gw.at.shab.cloud\/production\/houses\/photos\/2025\/3\/31\/16\/155227\/house-155227-2025-03-31-04-31-58-1ebb727da70870b0e4ab5ff30f57f90db994be00-897016.jpg","https:\/\/s3gw.at.shab.cloud\/production\/houses\/photos\/2025\/3\/31\/16\/155227\/house-155227-2025-03-31-04-31-58-aeca8bc1aa74863724b272ffca8f3cd3b7ea1acf-288491.jpg","https:\/\/s3gw.at.shab.cloud\/production\/houses\/photos\/2025\/3\/31\/16\/155227\/house-155227-2025-03-31-04-31-58-58003a8a11ed4b83a33340852f45d288847eb281-1876.jpg","https:\/\/s3gw.at.shab.cloud\/production\/houses\/photos\/2025\/3\/31\/16\/155227\/house-155227-2025-03-31-04-31-58-932648e2165a8ec8193b2c740fb62aca6192c4aa-676123.jpg","https:\/\/s3gw.at.shab.cloud\/production\/houses\/photos\/2025\/3\/31\/16\/155227\/house-155227-2025-03-31-04-31-58-749180245a7de316e8f7bb06951c6a0977fb75d1-222110.jpg","https:\/\/s3gw.at.shab.cloud\/production\/houses\/photos\/2025\/3\/31\/16\/155227\/house-155227-2025-03-31-04-31-58-ca486dfe5e8f36eba5c6ff83ff95b4fe0dae4821-984101.jpg","https:\/\/s3gw.at.shab.cloud\/production\/houses\/photos\/2025\/3\/31\/16\/155227\/house-155227-2025-03-31-04-31-58-636ccf238d914765895a73833286adb59e155d15-814853.jpg"],"capacity_min":3,"capacity_max":4,"pool":0,"parking":0,"wifi":0,"kitchen":0,"western_toilet":1,"iranian_toilet":0,"bathroom":1,"heating":1,"cooling":1,"jacuzzi":0,"television":1,"furniture":0,"breakfast":1}
{"id":77685,"title":"اتاق شقایق اقامتگاه سنتی بیتوته","url":"https:\/\/www.shab.ir\/houses\/show\/77685","source":"shab","address":"اصفهان, خیابان شریف واقفی,","price":1793000,"area":25,"rating":3.8,"image_links":["https:\/\/s3gw.at.shab.cloud\/production\/houses\/photos\/2023\/1\/28\/15\/77685\/house-77685-2023-01-28-03-37-23-6a8405352bb7b9de047f641250a24700324615e6-275555.jpg","https:\/\/s3gw.at.shab.cloud\/production\/houses\/photos\/2023\/1\/28\/15\/77685\/house-77685-2023-01-28-03-37-22-c7697e27db8c25743ad0130900dd8459e77f7dd7-436609.jpg","https:\/\/s3gw.at.shab.cloud\/production\/houses\/photos\/2023\/1\/28\/15\/77685\/house-77685-2023-01-28-03-37-22-0d85c522129f6e50fbb23a050cff314b4d8e59ac-756589.jpg","https:\/\/s3gw.at.shab.cloud\/production\/houses\/photos\/2023\/1\/28\/15\/77685\/house-77685-2023-01-28-03-37-22-76c206a8d315d699478feea8b6ff35a43bf1c0a5-390442.jpg","https:\/\/s3gw.at.shab.cloud\/production\/houses\/photos\/2023\/1\/28\/15\/77685\/house-77685-2023-01-28-04-22-20-359aed10da3a64061752e7a43dbe7a3ef55255c0-933786.jpg","https:\/\/s3gw.at.shab.cloud\/production\/houses\/photos\/2023\/1\/28\/15\/77685\/house-77685-2023-01-28-04-22-20-359aed10da3a64061752e7a43dbe7a3ef55255c0-661070.jpg","https:\/\/s3gw.at.shab.cloud\/production\/houses\/photos\/2023\/1\/28\/15\/77685\/house-77685-2023-01-28-04-22-21-359aed10da3a64061752e7a43dbe7a3ef55255c0-387352.jpg"],"capacity_min":4,"capacity_max":4,"pool":0,"parking":0,"wifi":0,"kitchen":1,"western_toilet":1,"iranian_toilet":1,"bathroom":1,"heating":1,"cooling":1,"jacuzzi":0,"television":1,"furniture":1,"breakfast":1}
{"id":146408,"title":"بومگردی گلبهار 8","url":"https:\/\/www.shab.ir\/houses\/show\/146408","source":"shab","address":"اصفهان, خیابان هاتف,","price":1470000,"area":12,"rating":4.76,"image_links":["https:\/\/s3gw.at.shab.cloud\/production\/houses\/photos\/2025\/1\/15\/11\/146408\/house-146408-2025-01-15-11-21-19-9016bfa117bba4c133c4712e894f1a509f64f3a1-876078.jpg","https:\/\/s3gw.at.shab.cloud\/production\/houses\/photos\/2025\/1\/15\/11\/146408\/house-146408-2025-01-15-11-21-19-7ca306070c146f7b556db63f4457ad07533f9634-581764.jpg","https:\/\/s3gw.at.shab.cloud\/production\/houses\/photos\/2025\/1\/15\/11\/146408\/house-146408-2025-01-15-11-21-20-587040b5ecafc18e4c985a369178a5fbac03ab62-507645.jpg","https:\/\/s3gw.at.shab.cloud\/production\/houses\/photos\/2025\/1\/15\/11\/146408\/house-146408-2025-01-15-11-21-20-87229dba132b0b5b720d552456bf7332dab03283-173242.jpg","https:\/\/s3gw.at.shab.cloud\/production\/houses\/photos\/2025\/1\/15\/11\/146408\/house-146408-2025-01-15-11-21-20-c26288a32171435e43b59f82dac74a4d60b92ba4-650651.jpg","https:\/\/s3gw.at.shab.cloud\/production\/houses\/photos\/2025\/1\/15\/11\/146408\/house-146408-2025-01-15-11-21-21-a591d1620b211d25857e71b88052d11846f60473-183671.jpg","https:\/\/s3gw.at.shab.cloud\/production\/houses\/photos\/2025\/1\/15\/11\/146408\/house-146408-2025-01-15-03-09-08-b99e2cdbdcdec3eba25bea1a99f9cc6a0c574a12-600942.jpg","https:\/\/s3gw.at.shab.cloud\/production\/houses\/photos\/2025\/1\/15\/11\/146408\/house-146408-2025-01-18-10-05-20-0e76292794888d4f1fa75fb3aff4ca27c58f56a6-20286.jpg","https:\/\/s3gw.at.shab.cloud\/production\/houses\/photos\/2025\/1\/15\/11\/146408\/house-146408-2025-01-18-10-05-20-0e76292794888d4f1fa75fb3aff4ca27c58f56a6-329252.jpg","https:\/\/s3gw.at.shab.cloud\/production\/houses\/photos\/2025\/1\/15\/11\/146408\/house-146408-2025-02-04-07-29-48-f0083d6a51919472a32876f9b9367693e86572a9-485665.jpg","https:\/\/s3gw.at.shab.cloud\/production\/houses\/photos\/2025\/1\/15\/11\/146408\/house-146408-2025-02-04-07-29-48-be4a2f08f9853cffa3ecd4082ff422c1a25a61ee-604946.jpg","https:\/\/s3gw.at.shab.cloud\/production\/houses\/photos\/2025\/1\/15\/11\/146408\/house-146408-2025-02-04-07-29-49-c5691c424ef6c988282bea26db3e9f40632ee251-243874.jpg","https:\/\/s3gw.at.shab.cloud\/production\/houses\/photos\/2025\/1\/15\/11\/146408\/house-146408-2025-02-04-07-29-49-21ce3263b721fbf53e55d59c9baa7451cdcefb5b-979154.jpg"],"capacity_min":2,"capacity_max":2,"pool":0,"parking":1,"wifi":0,"kitchen":1,"western_toilet":0,"iranian_toilet":0,"bathroom":1,"heating":1,"cooling":1,"jacuzzi":0,"television":0,"furniture":0,"breakfast":1}
{"id":99107,"title":"خانه بوم گردی ماه بیبی اتاق 3","url":"https:\/\/www.shab.ir\/houses\/show\/99107","source":"shab","address":"اصفهان, شیخ یوسف,","price":2000000,"area":18,"rating":4.65,"image_links":["https:\/\/s3gw.at.shab.cloud\/production\/houses\/photos\/2023\/9\/26\/15\/99107\/house-99107-2025-04-20-04-32-38-0e76292794888d4f1fa75fb3aff4ca27c58f56a6-712049.jpg","https:\/\/s3gw.at.shab.cloud\/production\/houses\/photos\/2023\/9\/26\/15\/99107\/house-99107-2025-04-20-04-32-39-0e76292794888d4f1fa75fb3aff4ca27c58f56a6-131937.jpg","https:\/\/s3gw.at.shab.cloud\/production\/houses\/photos\/2023\/9\/26\/15\/99107\/house-99107-2025-04-20-04-32-40-0e76292794888d4f1fa75fb3aff4ca27c58f56a6-423374.jpg","https:\/\/s3gw.at.shab.cloud\/production\/houses\/photos\/2023\/9\/26\/15\/99107\/house-99107-2025-04-20-04-32-41-cf8bb3d235fa00ed300aa366c4306b4583102740-385400.jpg","https:\/\/s3gw.at.shab.cloud\/production\/houses\/photos\/2023\/9\/26\/15\/99107\/house-99107-2023-09-26-04-03-13-e0d7d92d9b34f7b8bd4686708ac41eb9d6b029d4-497165.jpg","https:\/\/s3gw.at.shab.cloud\/production\/houses\/photos\/2023\/9\/26\/15\/99107\/house-99107-2023-09-26-04-03-16-7dd481c94664506a2a393f88cd6e680c12cd7c55-603594.jpg","https:\/\/s3gw.at.shab.cloud\/production\/houses\/photos\/2023\/9\/26\/15\/99107\/house-99107-2023-09-26-04-03-14-80d9ab3fe632486a5e64753a5c5576e8e96510a8-158218.jpg","https:\/\/s3gw.at.shab.cloud\/production\/houses\/photos\/2023\/9\/26\/15\/99107\/house-99107-2025-04-20-04-32-42-8b0e62386180ff9c79cdf588c700cb3e5a59773c-865698.jpg","https:\/\/s3gw.at.shab.cloud\/production\/houses\/photos\/2023\/9\/26\/15\/99107\/house-99107-2025-04-20-04-32-43-4fd62b08840de30d17d35bbf194407c03f282f47-822824.jpg"],"capacity_min":3,"capacity_max":4,"pool":0,"parking":0,"wifi":1,"kitchen":1,"western_toilet":0,"iranian_toilet":0,"bathroom":0,"heating":0,"cooling":1,"jacuzzi":0,"television":0,"furniture":1,"breakfast":1}
{"id":68604,"title":"اقامتگاه بومگردی دو تخته همکف دابل","url":"https:\/\/www.shab.ir\/houses\/show\/68604","source":"shab","address":"اصفهان, بیدآباد,","price":899000,"area":10,"rating":4.55,"image_links":["https:\/\/s3gw.at.shab.cloud\/production\/houses\/photos\/2022\/7\/19\/14\/68604\/house-68604-2022-07-19-03-52-20-359aed10da3a64061752e7a43dbe7a3ef55255c0-189411.jpg","https:\/\/s3gw.at.shab.cloud\/production\/houses\/photos\/2022\/7\/19\/14\/68604\/house-68604-2022-07-19-03-28-45-359aed10da3a64061752e7a43dbe7a3ef55255c0-155825.jpg","https:\/\/s3gw.at.shab.cloud\/production\/houses\/photos\/2022\/7\/19\/14\/68604\/house-68604-2022-07-19-03-52-21-359aed10da3a64061752e7a43dbe7a3ef55255c0-718002.jpg","https:\/\/s3gw.at.shab.cloud\/production\/houses\/photos\/2022\/7\/19\/14\/68604\/house-68604-2022-07-19-03-28-46-359aed10da3a64061752e7a43dbe7a3ef55255c0-538761.jpg","https:\/\/s3gw.at.shab.cloud\/production\/houses\/photos\/2022\/7\/19\/14\/68604\/house-68604-2023-12-22-10-33-00-bc80d943bc099db80d95d64b5b1a28037863d773-837394.jpg","https:\/\/s3gw.at.shab.cloud\/production\/houses\/photos\/2022\/7\/19\/14\/68604\/house-68604-2023-12-22-10-33-00-964014dd77574641c7d8d7fc0d71b8786cc84522-46997.jpg","https:\/\/s3gw.at.shab.cloud\/production\/houses\/photos\/2022\/7\/19\/14\/68604\/house-68604-2023-12-22-10-33-00-09250bbee02b3705721d20e30b78439aa66ca717-550544.jpg","https:\/\/s3gw.at.shab.cloud\/production\/houses\/photos\/2022\/7\/19\/14\/68604\/house-68604-2024-12-27-06-22-28-3666bda990965725666f5eb1bb4ebfd28ec1cad5-458037.jpg","https:\/\/s3gw.at.shab.cloud\/production\/houses\/photos\/2022\/7\/19\/14\/68604\/house-68604-2024-12-27-06-26-40-0e76292794888d4f1fa75fb3aff4ca27c58f56a6-465437.jpg","https:\/\/s3gw.at.shab.cloud\/production\/houses\/photos\/2022\/7\/19\/14\/68604\/house-68604-2024-12-27-06-26-46-0e76292794888d4f1fa75fb3aff4ca27c58f56a6-92547.jpg","https:\/\/s3gw.at.shab.cloud\/production\/houses\/photos\/2022\/7\/19\/14\/68604\/house-68604-2024-12-27-06-26-53-0e76292794888d4f1fa75fb3aff4ca27c58f56a6-748500.jpg","https:\/\/s3gw.at.shab.cloud\/production\/houses\/photos\/2022\/7\/19\/14\/68604\/house-68604-2024-12-27-06-26-59-0e76292794888d4f1fa75fb3aff4ca27c58f56a6-325421.jpg"],"capacity_min":2,"capacity_max":3,"pool":0,"parking":0,"wifi":0,"kitchen":1,"western_toilet":1,"iranian_toilet":0,"bathroom":1,"heating":1,"cooling":1,"jacuzzi":0,"television":0,"furniture":0,"breakfast":1}
