{"id":32423,"title":"اقامتگاه بومگردی راگه اتاق 24 متری 5","url":"https:\/\/www.shab.ir\/houses\/show\/32423","source":"shab","address":"رفسنجان, روستای ناصریه,","price":3960000,"area":24,"rating":5.0,"image_links":["https:\/\/s3gw.at.shab.cloud\/production\/houses\/photos\/2019\/9\/14\/15\/32423\/house-32423-2020-03-02-05-49-45-0e76292794888d4f1fa75fb3aff4ca27c58f56a6.jpg","https:\/\/s3gw.at.shab.cloud\/production\/houses\/photos\/2019\/9\/14\/15\/32423\/house-32423-2020-03-02-05-49-53-0e76292794888d4f1fa75fb3aff4ca27c58f56a6.jpg","https:\/\/s3gw.at.shab.cloud\/production\/houses\/photos\/2019\/9\/14\/15\/32423\/house-32423-2020-03-02-05-50-12-0e76292794888d4f1fa75fb3aff4ca27c58f56a6.jpg","https:\/\/s3gw.at.shab.cloud\/production\/houses\/photos\/2019\/9\/14\/15\/32423\/house-32423-2020-03-02-05-50-24-0e76292794888d4f1fa75fb3aff4ca27c58f56a6.jpg","https:\/\/s3gw.at.shab.cloud\/production\/houses\/photos\/2019\/9\/14\/15\/32423\/house-32423-2025-02-05-01-56-36-596bdaf499565a57b2ec4847db18a97ce9709104-677128.jpg","https:\/\/s3gw.at.shab.cloud\/production\/houses\/photos\/2019\/9\/14\/15\/32423\/house-32423-2025-02-05-01-56-36-e972f63e52cab71fabbdc54138a8e57e0f032cac-534451.jpg","https:\/\/s3gw.at.shab.cloud\/production\/houses\/photos\/2019\/9\/14\/15\/32423\/house-32423-2025-02-05-01-56-37-ed541b93b3268cf285bc4052e50f737e3a48becc-26974.jpg","https:\/\/s3gw.at.shab.cloud\/production\/houses\/photos\/2019\/9\/14\/15\/32423\/house-32423-2025-02-05-01-56-38-3f2861f52823f0d68e4945d0b3a031043b228638-409759.jpg","https:\/\/s3gw.at.shab.cloud\/production\/houses\/photos\/2019\/9\/14\/15\/32423\/house-32423-2025-02-05-01-56-38-db07fb16e0e55c6a3f55bf277399a8aa0999b965-944253.jpg","https:\/\/s3gw.at.shab.cloud\/production\/houses\/photos\/2019\/9\/14\/15\/32423\/house-32423-2025-02-05-01-56-38-7e152e9830d24f4abe13a1ca082db6e3d303ecae-927101.jpg","https:\/\/s3gw.at.shab.cloud\/production\/houses\/photos\/2019\/9\/14\/15\/32423\/house-32423-2025-02-05-01-56-39-b598ea7eb009a82577c41c3694f5e646de25a1c9-777672.jpg","https:\/\/s3gw.at.shab.cloud\/production\/houses\/photos\/2019\/9\/14\/15\/32423\/house-32423-2025-02-05-02-02-09-df757b3e4e29f1c2750fef08c3972dc9de8e019c-951758.jpg","https:\/\/s3gw.at.shab.cloud\/production\/houses\/photos\/2019\/9\/14\/15\/32423\/house-32423-2025-02-05-02-02-09-7e4da6a3d792c3803ae3b6f703ed487917fdd713-619963.jpg","https:\/\/s3gw.at.shab.cloud\/production\/houses\/photos\/2019\/9\/14\/15\/32423\/house-32423-2025-02-05-02-02-10-bae0558f6075f9924e45723cd15ac16767358247-576351.jpg"],"capacity_min":6,"capacity_max":45,"pool":0,"parking":1,"wifi":0,"kitchen":1,"western_toilet":1,"iranian_toilet":1,"bathroom":1,"heating":1,"cooling":1,"jacuzzi":0,"television":1,"furniture":1,"breakfast":1}
{"id":32422,"title":"اقامتگاه بومگردی راگه اتاق 18 متری 4","url":"https:\/\/www.shab.ir\/houses\/show\/32422","source":"shab","address":"رفسنجان, روستای ناصریه,","price":1200000,"area":18,"rating":5.0,"image_links":["https:\/\/s3gw.at.shab.cloud\/production\/houses\/photos\/2019\/9\/14\/15\/32422\/house-32422-2020-03-02-05-48-28-0e76292794888d4f1fa75fb3aff4ca27c58f56a6.jpg","https:\/\/s3gw.at.shab.cloud\/production\/houses\/photos\/2019\/9\/14\/15\/32422\/house-32422-2020-03-02-05-48-55-0e76292794888d4f1fa75fb3aff4ca27c58f56a6.jpg","https:\/\/s3gw.at.shab.cloud\/production\/houses\/photos\/2019\/9\/14\/15\/32422\/house-32422-2025-02-05-02-31-20-db07fb16e0e55c6a3f55bf277399a8aa0999b965-399582.jpg","https:\/\/s3gw.at.shab.cloud\/production\/houses\/photos\/2019\/9\/14\/15\/32422\/house-32422-2025-02-05-02-31-21-9abc1e6a8a2afc67f4155db02a54db7de6cc60b7-382085.jpg","https:\/\/s3gw.at.shab.cloud\/production\/houses\/photos\/2019\/9\/14\/15\/32422\/house-32422-2025-02-06-09-44-29-0e76292794888d4f1fa75fb3aff4ca27c58f56a6-43801.jpg","https:\/\/s3gw.at.shab.cloud\/production\/houses\/photos\/2019\/9\/14\/15\/32422\/house-32422-2025-02-06-09-55-14-e972f63e52cab71fabbdc54138a8e57e0f032cac-919795.jpg","https:\/\/s3gw.at.shab.cloud\/production\/houses\/photos\/2019\/9\/14\/15\/32422\/house-32422-2025-02-06-09-55-16-7e4da6a3d792c3803ae3b6f703ed487917fdd713-31955.jpg","https:\/\/s3gw.at.shab.cloud\/production\/houses\/photos\/2019\/9\/14\/15\/32422\/house-32422-2025-02-06-09-55-21-ed541b93b3268cf285bc4052e50f737e3a48becc-950630.jpg","https:\/\/s3gw.at.shab.cloud\/production\/houses\/photos\/2019\/9\/14\/15\/32422\/house-32422-2025-02-06-09-55-22-a61aecab17040ca94b105282dcc6c5436c1d0d59-431338.jpg","https:\/\/s3gw.at.shab.cloud\/production\/houses\/photos\/2019\/9\/14\/15\/32422\/house-32422-2025-02-06-09-55-23-3134fb7a9ae01164602a53bc8b2c710365989a45-2207.jpg","https:\/\/s3gw.at.shab.cloud\/production\/houses\/photos\/2019\/9\/14\/15\/32422\/house-32422-2025-02-06-09-55-23-6b6db261a222b9cd4d4b06ff0fee4d15fdcc1074-928146.jpg","https:\/\/s3gw.at.shab.cloud\/production\/houses\/photos\/2019\/9\/14\/15\/32422\/house-32422-2025-02-06-09-55-23-a3e28fdad6a84abe9092bafc22111c3b586cfccc-869518.jpg","https:\/\/s3gw.at.shab.cloud\/production\/houses\/photos\/2019\/9\/14\/15\/32422\/house-32422-2025-02-06-09-55-24-b598ea7eb009a82577c41c3694f5e646de25a1c9-763579.jpg","https:\/\/s3gw.at.shab.cloud\/production\/houses\/photos\/2019\/9\/14\/15\/32422\/house-32422-2025-02-06-09-55-24-bd2852dcffb46e3a7102173dc21df597a46f6bde-725746.jpg","https:\/\/s3gw.at.shab.cloud\/production\/houses\/photos\/2019\/9\/14\/15\/32422\/house-32422-2025-02-06-10-07-46-0e76292794888d4f1fa75fb3aff4ca27c58f56a6-415086.jpg","https:\/\/s3gw.at.shab.cloud\/production\/houses\/photos\/2019\/9\/14\/15\/32422\/house-32422-2025-02-06-09-59-09-164630f10c650fd02f2cc69098fe0514f3962164-536880.jpg","https:\/\/s3gw.at.shab.cloud\/production\/houses\/photos\/2019\/9\/14\/15\/32422\/house-32422-2025-02-06-10-07-47-0e76292794888d4f1fa75fb3aff4ca27c58f56a6-327173.jpg","https:\/\/s3gw.at.shab.cloud\/production\/houses\/photos\/2019\/9\/14\/15\/32422\/house-32422-2025-02-06-10-07-47-0e76292794888d4f1fa75fb3aff4ca27c58f56a6-545877.jpg","https:\/\/s3gw.at.shab.cloud\/production\/houses\/photos\/2019\/9\/14\/15\/32422\/house-32422-2025-02-06-09-59-12-5b167c681ca62c8377fc0ef0575d22ac997e6420-938572.jpg"],"capacity_min":6,"capacity_max":8,"pool":0,"parking":1,"wifi":0,"kitchen":0,"western_toilet":1,"iranian_toilet":1,"bathroom":1,"heating":1,"cooling":1,"jacuzzi":0,"television":0,"furniture":0,"breakfast":1}
{"id":32420,"title":"اقامتگاه بومگردی راگه اتاق 16 متری 3","url":"https:\/\/www.shab.ir\/houses\/show\/32420","source":"shab","address":"رفسنجان, روستای ناصریه,","price":1320000,"area":16,"rating":5.0,"image_links":["https:\/\/s3gw.at.shab.cloud\/production\/houses\/photos\/2019\/9\/14\/14\/32420\/house-32420-2020-03-02-05-51-37-0e76292794888d4f1fa75fb3aff4ca27c58f56a6.jpg","https:\/\/s3gw.at.shab.cloud\/production\/houses\/photos\/2019\/9\/14\/14\/32420\/house-32420-2020-03-02-05-52-19-0e76292794888d4f1fa75fb3aff4ca27c58f56a6.jpg","https:\/\/s3gw.at.shab.cloud\/production\/houses\/photos\/2019\/9\/14\/14\/32420\/house-32420-2025-02-06-10-18-00-596bdaf499565a57b2ec4847db18a97ce9709104-399223.jpg","https:\/\/s3gw.at.shab.cloud\/production\/houses\/photos\/2019\/9\/14\/14\/32420\/house-32420-2025-02-06-10-18-01-e972f63e52cab71fabbdc54138a8e57e0f032cac-919882.jpg","https:\/\/s3gw.at.shab.cloud\/production\/houses\/photos\/2019\/9\/14\/14\/32420\/house-32420-2025-02-06-10-18-01-ed541b93b3268cf285bc4052e50f737e3a48becc-442821.jpg","https:\/\/s3gw.at.shab.cloud\/production\/houses\/photos\/2019\/9\/14\/14\/32420\/house-32420-2025-02-06-10-18-02-a006840f786f7b770d4a841c1c0a0db97b97f478-461183.jpg","https:\/\/s3gw.at.shab.cloud\/production\/houses\/photos\/2019\/9\/14\/14\/32420\/house-32420-2025-03-28-01-01-42-0e76292794888d4f1fa75fb3aff4ca27c58f56a6-508004.jpg","https:\/\/s3gw.at.shab.cloud\/production\/houses\/photos\/2019\/9\/14\/14\/32420\/house-32420-2025-02-06-10-18-04-a61aecab17040ca94b105282dcc6c5436c1d0d59-571977.jpg","https:\/\/s3gw.at.shab.cloud\/production\/houses\/photos\/2019\/9\/14\/14\/32420\/house-32420-2025-03-28-01-07-07-0e76292794888d4f1fa75fb3aff4ca27c58f56a6-530345.jpg","https:\/\/s3gw.at.shab.cloud\/production\/houses\/photos\/2019\/9\/14\/14\/32420\/house-32420-2025-03-28-01-06-26-0e76292794888d4f1fa75fb3aff4ca27c58f56a6-546770.jpg","https:\/\/s3gw.at.shab.cloud\/production\/houses\/photos\/2019\/9\/14\/14\/32420\/house-32420-2025-03-28-01-08-09-0e76292794888d4f1fa75fb3aff4ca27c58f56a6-871748.jpg","https:\/\/s3gw.at.shab.cloud\/production\/houses\/photos\/2019\/9\/14\/14\/32420\/house-32420-2025-02-06-10-18-07-f1bcbf86c142457d44de33052a16887d379f9ab7-470322.jpg","https:\/\/s3gw.at.shab.cloud\/production\/houses\/photos\/2019\/9\/14\/14\/32420\/house-32420-2025-02-06-10-18-07-cfc2aae99122eb5d6d57045c0379db2409c81af9-448867.jpg","https:\/\/s3gw.at.shab.cloud\/production\/houses\/photos\/2019\/9\/14\/14\/32420\/house-32420-2025-02-06-10-18-08-3134fb7a9ae01164602a53bc8b2c710365989a45-172118.jpg","https:\/\/s3gw.at.shab.cloud\/production\/houses\/photos\/2019\/9\/14\/14\/32420\/house-32420-2025-03-28-01-09-02-0e76292794888d4f1fa75fb3aff4ca27c58f56a6-229624.jpg","https:\/\/s3gw.at.shab.cloud\/production\/houses\/photos\/2019\/9\/14\/14\/32420\/house-32420-2025-02-06-10-18-08-6b6db261a222b9cd4d4b06ff0fee4d15fdcc1074-250205.jpg","https:\/\/s3gw.at.shab.cloud\/production\/houses\/photos\/2019\/9\/14\/14\/32420\/house-32420-2025-02-06-10-18-08-a3e28fdad6a84abe9092bafc22111c3b586cfccc-911288.jpg"],"capacity_min":4,"capacity_max":6,"pool":0,"parking":1,"wifi":0,"kitchen":0,"western_toilet":1,"iranian_toilet":1,"bathroom":1,"heating":1,"cooling":1,"jacuzzi":0,"television":0,"furniture":0,"breakfast":1}
