{"id":15057,"title":"اقامتگاه بوم گردی حاج علی اتاق سنبل","url":"https:\/\/www.shab.ir\/houses\/show\/15057","source":"shab","address":"لاهیجان, روستای کماچال,","price":900000,"area":30,"rating":4.81,"image_links":["https:\/\/s3gw.at.shab.cloud\/production\/houses\/photos\/2019\/2\/4\/12\/15057\/house-15057-2023-01-08-05-29-47-c2ca448d931523f898d4b4a229dc0f3833b087fe-989964.jpg","https:\/\/s3gw.at.shab.cloud\/production\/houses\/photos\/2019\/2\/4\/12\/15057\/house-15057-2019-02-04-12-34-47-0fd0bcfb44f83e7d5ac7a8922578276b9af48746.jpg","https:\/\/s3gw.at.shab.cloud\/production\/houses\/photos\/2019\/2\/4\/12\/15057\/house-15057-2019-02-04-12-34-58-0fd0bcfb44f83e7d5ac7a8922578276b9af48746.jpg","https:\/\/s3gw.at.shab.cloud\/production\/houses\/photos\/2019\/2\/4\/12\/15057\/house-15057-2019-04-17-02-15-20-0fd0bcfb44f83e7d5ac7a8922578276b9af48746.jpg","https:\/\/s3gw.at.shab.cloud\/production\/houses\/photos\/2019\/2\/4\/12\/15057\/house-15057-2023-01-08-05-29-48-359aed10da3a64061752e7a43dbe7a3ef55255c0-327830.jpg","https:\/\/s3gw.at.shab.cloud\/production\/houses\/photos\/2019\/2\/4\/12\/15057\/house-16274-2019-04-28-04-10-19-0fd0bcfb44f83e7d5ac7a8922578276b9af48746.jpg","https:\/\/s3gw.at.shab.cloud\/production\/houses\/photos\/2019\/2\/4\/12\/15057\/house-16274-2019-04-28-04-10-46-0fd0bcfb44f83e7d5ac7a8922578276b9af48746.jpg","https:\/\/s3gw.at.shab.cloud\/production\/houses\/photos\/2019\/2\/4\/12\/15057\/house-15057-2019-06-02-03-22-50-0fd0bcfb44f83e7d5ac7a8922578276b9af48746.jpg","https:\/\/s3gw.at.shab.cloud\/production\/houses\/photos\/2019\/2\/4\/12\/15057\/house-15057-2019-06-02-03-24-07-0fd0bcfb44f83e7d5ac7a8922578276b9af48746.jpg","https:\/\/s3gw.at.shab.cloud\/production\/houses\/photos\/2019\/2\/4\/12\/15057\/house-15057-2023-01-08-05-29-48-c2ca448d931523f898d4b4a229dc0f3833b087fe-835398.jpg"],"capacity_min":3,"capacity_max":6,"pool":0,"parking":1,"wifi":0,"kitchen":0,"western_toilet":1,"iranian_toilet":1,"bathroom":1,"heating":1,"cooling":1,"jacuzzi":0,"television":0,"furniture":0,"breakfast":1}
{"id":15055,"title":"اقامتگاه بوم گردی حاج علی گلبرگ","url":"https:\/\/www.shab.ir\/houses\/show\/15055","source":"shab","address":"لاهیجان, روستای کماچال,","price":900000,"area":30,"rating":4.97,"image_links":["https:\/\/s3gw.at.shab.cloud\/production\/houses\/photos\/2019\/2\/4\/12\/15055\/house-16274-2019-04-28-04-14-36-0fd0bcfb44f83e7d5ac7a8922578276b9af48746.jpg","https:\/\/s3gw.at.shab.cloud\/production\/houses\/photos\/2019\/2\/4\/12\/15055\/house-16274-2019-04-28-04-14-41-0fd0bcfb44f83e7d5ac7a8922578276b9af48746.jpg","https:\/\/s3gw.at.shab.cloud\/production\/houses\/photos\/2019\/2\/4\/12\/15055\/house-15055-2019-04-10-01-37-44-0fd0bcfb44f83e7d5ac7a8922578276b9af48746.jpg","https:\/\/s3gw.at.shab.cloud\/production\/houses\/photos\/2019\/2\/4\/12\/15055\/house-15055-2019-04-17-02-20-14-0fd0bcfb44f83e7d5ac7a8922578276b9af48746.jpg","https:\/\/s3gw.at.shab.cloud\/production\/houses\/photos\/2019\/2\/4\/12\/15055\/house-16274-2019-04-28-04-14-27-0fd0bcfb44f83e7d5ac7a8922578276b9af48746.jpg","https:\/\/s3gw.at.shab.cloud\/production\/houses\/photos\/2019\/2\/4\/12\/15055\/house-16274-2019-04-28-04-15-23-0fd0bcfb44f83e7d5ac7a8922578276b9af48746.jpg","https:\/\/s3gw.at.shab.cloud\/production\/houses\/photos\/2019\/2\/4\/12\/15055\/house-15055-2019-02-04-12-24-45-0fd0bcfb44f83e7d5ac7a8922578276b9af48746.jpg","https:\/\/s3gw.at.shab.cloud\/production\/houses\/photos\/2019\/2\/4\/12\/15055\/house-15055-2019-02-04-12-25-12-0fd0bcfb44f83e7d5ac7a8922578276b9af48746.jpg","https:\/\/s3gw.at.shab.cloud\/production\/houses\/photos\/2019\/2\/4\/12\/15055\/house-15055-2019-02-04-12-25-31-0fd0bcfb44f83e7d5ac7a8922578276b9af48746.jpg","https:\/\/s3gw.at.shab.cloud\/production\/houses\/photos\/2019\/2\/4\/12\/15055\/house-15055-2019-04-10-12-31-02-0fd0bcfb44f83e7d5ac7a8922578276b9af48746.jpg","https:\/\/s3gw.at.shab.cloud\/production\/houses\/photos\/2019\/2\/4\/12\/15055\/house-16274-2019-04-28-04-14-30-0fd0bcfb44f83e7d5ac7a8922578276b9af48746.jpg","https:\/\/s3gw.at.shab.cloud\/production\/houses\/photos\/2019\/2\/4\/12\/15055\/house-16274-2019-04-28-04-14-33-0fd0bcfb44f83e7d5ac7a8922578276b9af48746.jpg","https:\/\/s3gw.at.shab.cloud\/production\/houses\/photos\/2019\/2\/4\/12\/15055\/house-16274-2019-04-28-04-15-15-0fd0bcfb44f83e7d5ac7a8922578276b9af48746.jpg"],"capacity_min":3,"capacity_max":6,"pool":0,"parking":1,"wifi":0,"kitchen":0,"western_toilet":1,"iranian_toilet":1,"bathroom":1,"heating":1,"cooling":1,"jacuzzi":0,"television":1,"furniture":0,"breakfast":1}
{"id":111357,"title":"کلبه جنگلی دلین","url":"https:\/\/www.shab.ir\/houses\/show\/111357","source":"shab","address":"لاهیجان, جیرگوابر,","price":1360000,"area":30,"rating":4.59,"image_links":["https:\/\/s3gw.at.shab.cloud\/production\/houses\/photos\/2024\/3\/21\/21\/111357\/house-111357-2024-05-14-01-56-40-0e989e9b9fac5e4f0642b75ff64c80619a12217e-234500.jpg","https:\/\/s3gw.at.shab.cloud\/production\/houses\/photos\/2024\/3\/21\/21\/111357\/house-111357-2024-03-21-09-54-32-28dc3056a5282af6c9a2854e35c19eb076ef6ea6-531753.jpg","https:\/\/s3gw.at.shab.cloud\/production\/houses\/photos\/2024\/3\/21\/21\/111357\/house-111357-2024-03-27-01-52-00-e4ffce9d66b289fc4a01c2076344686e4e331f83-772077.jpg","https:\/\/s3gw.at.shab.cloud\/production\/houses\/photos\/2024\/3\/21\/21\/111357\/house-111357-2024-03-21-09-54-30-15e569ed47f78ce842871063bb94cb32a245a8aa-284786.jpg","https:\/\/s3gw.at.shab.cloud\/production\/houses\/photos\/2024\/3\/21\/21\/111357\/house-111357-2024-03-21-09-54-31-b5a1bb7e292987a79e8213652caf151957008fe0-728444.jpg","https:\/\/s3gw.at.shab.cloud\/production\/houses\/photos\/2024\/3\/21\/21\/111357\/house-111357-2024-03-21-09-54-33-c36668b382aeffd57cb2b22fc62b386020cf1102-72712.jpg","https:\/\/s3gw.at.shab.cloud\/production\/houses\/photos\/2024\/3\/21\/21\/111357\/house-111357-2024-03-21-09-54-34-f52f0a03766794c46acb745a8fc81daa21fa2bef-158733.jpg","https:\/\/s3gw.at.shab.cloud\/production\/houses\/photos\/2024\/3\/21\/21\/111357\/house-111357-2024-03-21-09-54-28-80e5dc9f8604fdc75761c234817564cbd96c6001-624336.jpg","https:\/\/s3gw.at.shab.cloud\/production\/houses\/photos\/2024\/3\/21\/21\/111357\/house-111357-2024-03-21-09-54-29-c61f37f428aa7e0b7d11283ce9c5ad80d45e0ea8-27666.jpg","https:\/\/s3gw.at.shab.cloud\/production\/houses\/photos\/2024\/3\/21\/21\/111357\/house-111357-2024-03-21-09-54-30-30247429252b2e188f4cda28393d0a071cf44b36-601054.jpg","https:\/\/s3gw.at.shab.cloud\/production\/houses\/photos\/2024\/3\/21\/21\/111357\/house-111357-2024-03-27-01-51-58-39b1311288e3efb2dd2b6c2c2a43e5ba05fb92ec-234768.jpg","https:\/\/s3gw.at.shab.cloud\/production\/houses\/photos\/2024\/3\/21\/21\/111357\/house-111357-2024-03-27-01-51-58-1b569b17643b7bd3a97c3dc57f65ecde59422113-84927.jpg","https:\/\/s3gw.at.shab.cloud\/production\/houses\/photos\/2024\/3\/21\/21\/111357\/house-111357-2024-03-27-01-51-59-c50aa4c1b32c09ced119b6cf4206faf01e6c6ede-641605.jpg","https:\/\/s3gw.at.shab.cloud\/production\/houses\/photos\/2024\/3\/21\/21\/111357\/house-111357-2024-03-27-01-51-59-0c885fae76a70250403cc9926d21dd56b82362bd-358641.jpg","https:\/\/s3gw.at.shab.cloud\/production\/houses\/photos\/2024\/3\/21\/21\/111357\/house-111357-2024-05-14-01-56-40-742e0b9eb4cca640671cd17d218427d54a498b52-807017.jpg","https:\/\/s3gw.at.shab.cloud\/production\/houses\/photos\/2024\/3\/21\/21\/111357\/house-111357-2024-05-14-01-56-41-4330dd93c8bf0c98a976f8591b7094c0c06618c6-3978.jpg"],"capacity_min":2,"capacity_max":3,"pool":0,"parking":1,"wifi":0,"kitchen":1,"western_toilet":1,"iranian_toilet":0,"bathroom":1,"heating":0,"cooling":1,"jacuzzi":0,"television":0,"furniture":0,"breakfast":0}
