{"id":68780,"title":"اقامتگاه بومگردی شیانه عقاب اتاق مهتاب","url":"https:\/\/www.shab.ir\/houses\/show\/68780","source":"shab","address":"سواد کوه, آلاشت,","price":1750000,"area":15,"rating":5.0,"image_links":["https:\/\/s3gw.at.shab.cloud\/production\/houses\/photos\/2022\/7\/22\/15\/68780\/house-68780-2023-09-24-10-57-37-359aed10da3a64061752e7a43dbe7a3ef55255c0-766828.jpg","https:\/\/s3gw.at.shab.cloud\/production\/houses\/photos\/2022\/7\/22\/15\/68780\/house-68780-2022-07-24-11-27-15-359aed10da3a64061752e7a43dbe7a3ef55255c0-191403.jpg","https:\/\/s3gw.at.shab.cloud\/production\/houses\/photos\/2022\/7\/22\/15\/68780\/house-68780-2023-09-24-10-57-38-7c072ce710a69efe3fff7aacea6641e540c220dd-801621.jpg","https:\/\/s3gw.at.shab.cloud\/production\/houses\/photos\/2022\/7\/22\/15\/68780\/house-68780-2023-09-24-10-57-38-d75851e731334938e3bfb63e6fcc5439f269345e-704235.jpg","https:\/\/s3gw.at.shab.cloud\/production\/houses\/photos\/2022\/7\/22\/15\/68780\/house-68780-2023-09-24-10-57-39-57c878b7c88150721d1e436fe610a745a69c3301-197809.jpg","https:\/\/s3gw.at.shab.cloud\/production\/houses\/photos\/2022\/7\/22\/15\/68780\/house-68780-2023-09-24-10-57-39-abe628c19a5aafc516ab3e3fa7ffacc8855b0ade-160118.jpg","https:\/\/s3gw.at.shab.cloud\/production\/houses\/photos\/2022\/7\/22\/15\/68780\/house-68780-2023-09-24-10-57-40-a055defd9911bcbdd23628c9c609f995059ed39b-802121.jpg","https:\/\/s3gw.at.shab.cloud\/production\/houses\/photos\/2022\/7\/22\/15\/68780\/house-68780-2023-09-24-10-57-40-861aee9717744d525fc69dd40c10500fbcf02f37-518456.jpg","https:\/\/s3gw.at.shab.cloud\/production\/houses\/photos\/2022\/7\/22\/15\/68780\/house-68780-2023-09-24-10-57-41-84c50e337b5e33d2d31b86f0241052170ea18434-871721.jpg","https:\/\/s3gw.at.shab.cloud\/production\/houses\/photos\/2022\/7\/22\/15\/68780\/house-68780-2023-09-24-10-57-41-3d780148b5d4e711bd5ea19c3f96d205aaab8a4c-799226.jpg","https:\/\/s3gw.at.shab.cloud\/production\/houses\/photos\/2022\/7\/22\/15\/68780\/house-68780-2023-09-24-10-57-42-3335df5297275fe457d6e53a78a0d29ae3494711-466765.jpg","https:\/\/s3gw.at.shab.cloud\/production\/houses\/photos\/2022\/7\/22\/15\/68780\/house-68780-2023-09-24-10-57-42-ceadd800660306c6a3dbb83fcf080ed43da3a55f-26490.jpg","https:\/\/s3gw.at.shab.cloud\/production\/houses\/photos\/2022\/7\/22\/15\/68780\/house-68780-2023-09-24-10-57-43-a03447986c85de192c28164e309249f388225d82-271248.jpg","https:\/\/s3gw.at.shab.cloud\/production\/houses\/photos\/2022\/7\/22\/15\/68780\/house-68780-2023-09-24-10-57-43-70fd97969969652bc664092ac7ee1bc7796481c8-588996.jpg","https:\/\/s3gw.at.shab.cloud\/production\/houses\/photos\/2022\/7\/22\/15\/68780\/house-68780-2023-09-24-10-57-44-b66757b6f9a4c6301f2ebc9d3c5773df04a0817c-759074.jpg"],"capacity_min":3,"capacity_max":5,"pool":0,"parking":0,"wifi":0,"kitchen":1,"western_toilet":1,"iranian_toilet":1,"bathroom":1,"heating":0,"cooling":0,"jacuzzi":0,"television":0,"furniture":0,"breakfast":0}
{"id":68640,"title":"اقامتگاه بومگردی شیانه عقاب اتاق ناهیتا","url":"https:\/\/www.shab.ir\/houses\/show\/68640","source":"shab","address":"سواد کوه, آلاشت,","price":1250000,"area":12,"rating":4.87,"image_links":["https:\/\/s3gw.at.shab.cloud\/production\/houses\/photos\/2022\/7\/20\/12\/68640\/house-68640-2023-09-24-10-19-36-359aed10da3a64061752e7a43dbe7a3ef55255c0-855481.jpg","https:\/\/s3gw.at.shab.cloud\/production\/houses\/photos\/2022\/7\/20\/12\/68640\/house-68640-2022-07-24-11-26-28-359aed10da3a64061752e7a43dbe7a3ef55255c0-443144.jpg","https:\/\/s3gw.at.shab.cloud\/production\/houses\/photos\/2022\/7\/20\/12\/68640\/house-68640-2023-09-24-10-15-06-e95bbcb6315ab3071f3a53f431ca6b4174457384-111660.jpg","https:\/\/s3gw.at.shab.cloud\/production\/houses\/photos\/2022\/7\/20\/12\/68640\/house-68640-2023-09-24-10-15-07-61700c00a298e098d1c6260d4efbd8ef2c9a3710-3905.jpg","https:\/\/s3gw.at.shab.cloud\/production\/houses\/photos\/2022\/7\/20\/12\/68640\/house-68640-2023-09-24-10-15-07-d87133e5974dae8eba1b7dc354e8d401739333f5-694131.jpg","https:\/\/s3gw.at.shab.cloud\/production\/houses\/photos\/2022\/7\/20\/12\/68640\/house-68640-2023-09-24-10-15-08-ae8993b2bf08a58dc08e3158f53bd16d53b6ebd1-93802.jpg","https:\/\/s3gw.at.shab.cloud\/production\/houses\/photos\/2022\/7\/20\/12\/68640\/house-68640-2023-09-24-10-15-08-e8d5cf389c17d7753cf9a12fb3301ad439e824ee-724273.jpg","https:\/\/s3gw.at.shab.cloud\/production\/houses\/photos\/2022\/7\/20\/12\/68640\/house-68640-2023-09-24-10-15-08-7b6ea6cf2aa70dae9171010fdaa91f6804bbb99a-90847.jpg","https:\/\/s3gw.at.shab.cloud\/production\/houses\/photos\/2022\/7\/20\/12\/68640\/house-68640-2023-09-24-10-15-09-5c509d3246af1501aba6146e8813f83dd1db02c9-672880.jpg","https:\/\/s3gw.at.shab.cloud\/production\/houses\/photos\/2022\/7\/20\/12\/68640\/house-68640-2023-09-24-10-15-09-9d1cf7975d974a79a5bd17d52add34b528bfd97f-979035.jpg","https:\/\/s3gw.at.shab.cloud\/production\/houses\/photos\/2022\/7\/20\/12\/68640\/house-68640-2023-09-24-10-15-10-245d1c7ee5ed61cd77afe26c8b763237c69f99fa-460684.jpg","https:\/\/s3gw.at.shab.cloud\/production\/houses\/photos\/2022\/7\/20\/12\/68640\/house-68640-2023-09-24-10-15-10-515c797e2b8407f03ce297ec021483961ca14ab1-816471.jpg","https:\/\/s3gw.at.shab.cloud\/production\/houses\/photos\/2022\/7\/20\/12\/68640\/house-68640-2023-09-24-10-15-11-70fd97969969652bc664092ac7ee1bc7796481c8-790307.jpg","https:\/\/s3gw.at.shab.cloud\/production\/houses\/photos\/2022\/7\/20\/12\/68640\/house-68640-2023-09-24-10-15-11-a03447986c85de192c28164e309249f388225d82-181060.jpg","https:\/\/s3gw.at.shab.cloud\/production\/houses\/photos\/2022\/7\/20\/12\/68640\/house-68640-2023-09-24-10-15-12-23755b5074263661120be4bdbbd4517acad89535-278619.jpg"],"capacity_min":2,"capacity_max":4,"pool":0,"parking":0,"wifi":0,"kitchen":1,"western_toilet":1,"iranian_toilet":1,"bathroom":1,"heating":0,"cooling":0,"jacuzzi":0,"television":0,"furniture":0,"breakfast":0}
{"id":68785,"title":"اقامتگاه بومگردی شیانه عقاب اتاق زادگاه","url":"https:\/\/www.shab.ir\/houses\/show\/68785","source":"shab","address":"سواد کوه, آلاشت,","price":1200000,"area":10,"rating":5.0,"image_links":["https:\/\/s3gw.at.shab.cloud\/production\/houses\/photos\/2022\/7\/22\/15\/68785\/house-68785-2022-07-24-11-27-38-359aed10da3a64061752e7a43dbe7a3ef55255c0-28486.jpg","https:\/\/s3gw.at.shab.cloud\/production\/houses\/photos\/2022\/7\/22\/15\/68785\/house-68785-2022-07-22-05-39-04-359aed10da3a64061752e7a43dbe7a3ef55255c0-725421.jpg","https:\/\/s3gw.at.shab.cloud\/production\/houses\/photos\/2022\/7\/22\/15\/68785\/house-68785-2022-07-22-04-05-05-359aed10da3a64061752e7a43dbe7a3ef55255c0-520194.jpg","https:\/\/s3gw.at.shab.cloud\/production\/houses\/photos\/2022\/7\/22\/15\/68785\/house-68785-2022-07-22-04-05-05-359aed10da3a64061752e7a43dbe7a3ef55255c0-579784.jpg","https:\/\/s3gw.at.shab.cloud\/production\/houses\/photos\/2022\/7\/22\/15\/68785\/house-68785-2022-07-22-04-05-05-359aed10da3a64061752e7a43dbe7a3ef55255c0-680812.jpg"],"capacity_min":2,"capacity_max":3,"pool":0,"parking":0,"wifi":0,"kitchen":1,"western_toilet":1,"iranian_toilet":1,"bathroom":1,"heating":0,"cooling":0,"jacuzzi":0,"television":0,"furniture":0,"breakfast":0}
{"id":82466,"title":"اجاره کلبه چوبی تک خواب لفور بام قلک 2","url":"https:\/\/www.shab.ir\/houses\/show\/82466","source":"shab","address":"سواد کوه, لفور,","price":1050000,"area":55,"rating":4.75,"image_links":["https:\/\/s3gw.at.shab.cloud\/production\/houses\/photos\/2023\/3\/26\/20\/82466\/house-82466-2023-10-12-09-26-18-359aed10da3a64061752e7a43dbe7a3ef55255c0-369519.jpg","https:\/\/s3gw.at.shab.cloud\/production\/houses\/photos\/2023\/3\/26\/20\/82466\/house-82466-2023-04-21-11-32-10-359aed10da3a64061752e7a43dbe7a3ef55255c0-624365.jpg","https:\/\/s3gw.at.shab.cloud\/production\/houses\/photos\/2023\/3\/26\/20\/82466\/house-82466-2023-04-21-10-40-15-359aed10da3a64061752e7a43dbe7a3ef55255c0-587109.jpg","https:\/\/s3gw.at.shab.cloud\/production\/houses\/photos\/2023\/3\/26\/20\/82466\/house-82466-2023-04-21-10-40-15-359aed10da3a64061752e7a43dbe7a3ef55255c0-199600.jpg","https:\/\/s3gw.at.shab.cloud\/production\/houses\/photos\/2023\/3\/26\/20\/82466\/house-82466-2023-04-21-10-40-16-359aed10da3a64061752e7a43dbe7a3ef55255c0-835151.jpg","https:\/\/s3gw.at.shab.cloud\/production\/houses\/photos\/2023\/3\/26\/20\/82466\/house-82466-2023-04-21-10-40-16-359aed10da3a64061752e7a43dbe7a3ef55255c0-64760.jpg","https:\/\/s3gw.at.shab.cloud\/production\/houses\/photos\/2023\/3\/26\/20\/82466\/house-82466-2023-04-21-10-40-16-359aed10da3a64061752e7a43dbe7a3ef55255c0-901398.jpg","https:\/\/s3gw.at.shab.cloud\/production\/houses\/photos\/2023\/3\/26\/20\/82466\/house-82466-2023-04-21-11-32-11-359aed10da3a64061752e7a43dbe7a3ef55255c0-110019.jpg","https:\/\/s3gw.at.shab.cloud\/production\/houses\/photos\/2023\/3\/26\/20\/82466\/house-82466-2023-04-21-11-32-11-359aed10da3a64061752e7a43dbe7a3ef55255c0-6766.jpg","https:\/\/s3gw.at.shab.cloud\/production\/houses\/photos\/2023\/3\/26\/20\/82466\/house-82466-2023-04-21-11-32-11-359aed10da3a64061752e7a43dbe7a3ef55255c0-908586.jpg","https:\/\/s3gw.at.shab.cloud\/production\/houses\/photos\/2023\/3\/26\/20\/82466\/house-82466-2023-04-21-11-32-11-359aed10da3a64061752e7a43dbe7a3ef55255c0-478903.jpg","https:\/\/s3gw.at.shab.cloud\/production\/houses\/photos\/2023\/3\/26\/20\/82466\/house-82466-2024-02-03-11-02-39-adf01399b0779ea87c0041660ab9c0c06d3096ad-916639.jpg","https:\/\/s3gw.at.shab.cloud\/production\/houses\/photos\/2023\/3\/26\/20\/82466\/house-82466-2024-02-03-11-02-39-fdf86722802a40a81b81e13a470f1eb2e9ff2025-45129.jpg","https:\/\/s3gw.at.shab.cloud\/production\/houses\/photos\/2023\/3\/26\/20\/82466\/house-82466-2024-02-03-11-02-40-a238199ae464bb449a56c943c41da258255efc9e-575301.jpg"],"capacity_min":3,"capacity_max":6,"pool":0,"parking":1,"wifi":0,"kitchen":1,"western_toilet":0,"iranian_toilet":1,"bathroom":1,"heating":1,"cooling":1,"jacuzzi":0,"television":1,"furniture":1,"breakfast":0}
{"id":68774,"title":"اقامتگاه بومگردی شیانه عقاب اتاق پیدایش","url":"https:\/\/www.shab.ir\/houses\/show\/68774","source":"shab","address":"سواد کوه, آلاشت,","price":1750000,"area":17,"rating":4.88,"image_links":["https:\/\/s3gw.at.shab.cloud\/production\/houses\/photos\/2022\/7\/22\/12\/68774\/house-68774-2022-07-24-11-25-50-359aed10da3a64061752e7a43dbe7a3ef55255c0-226100.jpg","https:\/\/s3gw.at.shab.cloud\/production\/houses\/photos\/2022\/7\/22\/12\/68774\/house-68774-2022-07-22-01-10-08-359aed10da3a64061752e7a43dbe7a3ef55255c0-855593.jpg","https:\/\/s3gw.at.shab.cloud\/production\/houses\/photos\/2022\/7\/22\/12\/68774\/house-68774-2022-07-22-01-10-09-359aed10da3a64061752e7a43dbe7a3ef55255c0-839270.jpg","https:\/\/s3gw.at.shab.cloud\/production\/houses\/photos\/2022\/7\/22\/12\/68774\/house-68774-2022-07-22-01-10-09-359aed10da3a64061752e7a43dbe7a3ef55255c0-82419.jpg","https:\/\/s3gw.at.shab.cloud\/production\/houses\/photos\/2022\/7\/22\/12\/68774\/house-68774-2022-07-22-01-10-09-359aed10da3a64061752e7a43dbe7a3ef55255c0-925126.jpg","https:\/\/s3gw.at.shab.cloud\/production\/houses\/photos\/2022\/7\/22\/12\/68774\/house-68774-2022-07-22-01-10-09-359aed10da3a64061752e7a43dbe7a3ef55255c0-633351.jpg","https:\/\/s3gw.at.shab.cloud\/production\/houses\/photos\/2022\/7\/22\/12\/68774\/house-68774-2022-07-22-01-10-09-359aed10da3a64061752e7a43dbe7a3ef55255c0-495305.jpg","https:\/\/s3gw.at.shab.cloud\/production\/houses\/photos\/2022\/7\/22\/12\/68774\/house-68774-2022-07-22-01-10-09-359aed10da3a64061752e7a43dbe7a3ef55255c0-68904.jpg"],"capacity_min":3,"capacity_max":5,"pool":0,"parking":0,"wifi":0,"kitchen":0,"western_toilet":1,"iranian_toilet":1,"bathroom":1,"heating":0,"cooling":0,"jacuzzi":0,"television":0,"furniture":0,"breakfast":0}
{"id":68782,"title":"اقامتگاه بومگردی شیانه عقاب اتاق خورشید","url":"https:\/\/www.shab.ir\/houses\/show\/68782","source":"shab","address":"سواد کوه, آلاشت,","price":1250000,"area":12,"rating":4.8,"image_links":["https:\/\/s3gw.at.shab.cloud\/production\/houses\/photos\/2022\/7\/22\/15\/68782\/house-68782-2023-09-23-04-50-15-359aed10da3a64061752e7a43dbe7a3ef55255c0-269895.jpg","https:\/\/s3gw.at.shab.cloud\/production\/houses\/photos\/2022\/7\/22\/15\/68782\/house-68782-2022-07-22-03-27-43-359aed10da3a64061752e7a43dbe7a3ef55255c0-145689.jpg","https:\/\/s3gw.at.shab.cloud\/production\/houses\/photos\/2022\/7\/22\/15\/68782\/house-68782-2023-09-23-04-50-15-74c4cc997ecbb90d528540c3916dafb3f4cea895-326784.jpg","https:\/\/s3gw.at.shab.cloud\/production\/houses\/photos\/2022\/7\/22\/15\/68782\/house-68782-2023-09-23-04-50-16-0b7d5f996ba58e2a3019b4c35e5b889a9a575976-333023.jpg","https:\/\/s3gw.at.shab.cloud\/production\/houses\/photos\/2022\/7\/22\/15\/68782\/house-68782-2023-09-23-04-50-16-64f3a6cdd1c4f88744990d95c4d8e55c941e25aa-273307.jpg","https:\/\/s3gw.at.shab.cloud\/production\/houses\/photos\/2022\/7\/22\/15\/68782\/house-68782-2023-09-23-04-50-17-115ef87a3dff08a03e068c657fd88de65b72bf04-770035.jpg","https:\/\/s3gw.at.shab.cloud\/production\/houses\/photos\/2022\/7\/22\/15\/68782\/house-68782-2023-09-23-04-50-17-0685b54d02d5039872a44183918bbf7c10e6d109-418886.jpg","https:\/\/s3gw.at.shab.cloud\/production\/houses\/photos\/2022\/7\/22\/15\/68782\/house-68782-2023-09-23-04-50-18-a033f49da7862e92b9d157bb8582b7cfe1980da6-46884.jpg","https:\/\/s3gw.at.shab.cloud\/production\/houses\/photos\/2022\/7\/22\/15\/68782\/house-68782-2023-09-23-04-50-18-26711f70911486948dd307248144de6ab6056fa1-906525.jpg","https:\/\/s3gw.at.shab.cloud\/production\/houses\/photos\/2022\/7\/22\/15\/68782\/house-68782-2023-09-23-04-50-18-639683506f0e14bdccabb2364f9e4f78c4db13d1-409106.jpg","https:\/\/s3gw.at.shab.cloud\/production\/houses\/photos\/2022\/7\/22\/15\/68782\/house-68782-2023-09-23-04-50-19-7b6ea6cf2aa70dae9171010fdaa91f6804bbb99a-753971.jpg","https:\/\/s3gw.at.shab.cloud\/production\/houses\/photos\/2022\/7\/22\/15\/68782\/house-68782-2023-09-23-04-50-20-9d1cf7975d974a79a5bd17d52add34b528bfd97f-228697.jpg","https:\/\/s3gw.at.shab.cloud\/production\/houses\/photos\/2022\/7\/22\/15\/68782\/house-68782-2023-09-23-04-50-20-3335df5297275fe457d6e53a78a0d29ae3494711-689263.jpg","https:\/\/s3gw.at.shab.cloud\/production\/houses\/photos\/2022\/7\/22\/15\/68782\/house-68782-2023-09-23-04-50-21-911b2b381655e11145791007569286abace5c8d3-891952.jpg","https:\/\/s3gw.at.shab.cloud\/production\/houses\/photos\/2022\/7\/22\/15\/68782\/house-68782-2023-09-23-04-50-21-70fd97969969652bc664092ac7ee1bc7796481c8-204900.jpg","https:\/\/s3gw.at.shab.cloud\/production\/houses\/photos\/2022\/7\/22\/15\/68782\/house-68782-2023-09-23-04-50-22-a03447986c85de192c28164e309249f388225d82-518534.jpg","https:\/\/s3gw.at.shab.cloud\/production\/houses\/photos\/2022\/7\/22\/15\/68782\/house-68782-2023-09-23-04-50-22-e7a816e5a6554472a0077c6bf8ee49de7a1d7520-795737.jpg"],"capacity_min":2,"capacity_max":4,"pool":0,"parking":0,"wifi":0,"kitchen":1,"western_toilet":1,"iranian_toilet":1,"bathroom":1,"heating":0,"cooling":0,"jacuzzi":0,"television":0,"furniture":1,"breakfast":0}
{"id":81666,"title":"اجاره کلبه چوبی تک خواب لفور بام قلک 1","url":"https:\/\/www.shab.ir\/houses\/show\/81666","source":"shab","address":"سواد کوه, لفور,","price":1050000,"area":55,"rating":4.91,"image_links":["https:\/\/s3gw.at.shab.cloud\/production\/houses\/photos\/2023\/3\/22\/11\/81666\/house-81666-2023-11-22-09-48-40-359aed10da3a64061752e7a43dbe7a3ef55255c0-585653.jpg","https:\/\/s3gw.at.shab.cloud\/production\/houses\/photos\/2023\/3\/22\/11\/81666\/house-81666-2023-05-29-04-59-39-359aed10da3a64061752e7a43dbe7a3ef55255c0-375899.jpg","https:\/\/s3gw.at.shab.cloud\/production\/houses\/photos\/2023\/3\/22\/11\/81666\/house-81666-2023-04-21-10-31-04-359aed10da3a64061752e7a43dbe7a3ef55255c0-823818.jpg","https:\/\/s3gw.at.shab.cloud\/production\/houses\/photos\/2023\/3\/22\/11\/81666\/house-81666-2023-04-21-10-31-04-359aed10da3a64061752e7a43dbe7a3ef55255c0-758903.jpg","https:\/\/s3gw.at.shab.cloud\/production\/houses\/photos\/2023\/3\/22\/11\/81666\/house-81666-2023-04-21-10-31-04-359aed10da3a64061752e7a43dbe7a3ef55255c0-513556.jpg","https:\/\/s3gw.at.shab.cloud\/production\/houses\/photos\/2023\/3\/22\/11\/81666\/house-81666-2023-04-21-10-31-04-359aed10da3a64061752e7a43dbe7a3ef55255c0-123091.jpg","https:\/\/s3gw.at.shab.cloud\/production\/houses\/photos\/2023\/3\/22\/11\/81666\/house-81666-2023-04-21-10-31-04-359aed10da3a64061752e7a43dbe7a3ef55255c0-353926.jpg","https:\/\/s3gw.at.shab.cloud\/production\/houses\/photos\/2023\/3\/22\/11\/81666\/house-81666-2023-04-21-10-31-05-359aed10da3a64061752e7a43dbe7a3ef55255c0-819549.jpg","https:\/\/s3gw.at.shab.cloud\/production\/houses\/photos\/2023\/3\/22\/11\/81666\/house-81666-2023-04-21-10-31-05-359aed10da3a64061752e7a43dbe7a3ef55255c0-595254.jpg","https:\/\/s3gw.at.shab.cloud\/production\/houses\/photos\/2023\/3\/22\/11\/81666\/house-81666-2023-04-21-10-31-05-359aed10da3a64061752e7a43dbe7a3ef55255c0-636942.jpg","https:\/\/s3gw.at.shab.cloud\/production\/houses\/photos\/2023\/3\/22\/11\/81666\/house-81666-2023-04-21-10-31-05-359aed10da3a64061752e7a43dbe7a3ef55255c0-207718.jpg","https:\/\/s3gw.at.shab.cloud\/production\/houses\/photos\/2023\/3\/22\/11\/81666\/house-81666-2023-04-21-10-31-05-359aed10da3a64061752e7a43dbe7a3ef55255c0-461396.jpg","https:\/\/s3gw.at.shab.cloud\/production\/houses\/photos\/2023\/3\/22\/11\/81666\/house-81666-2023-04-21-10-31-06-359aed10da3a64061752e7a43dbe7a3ef55255c0-731343.jpg"],"capacity_min":3,"capacity_max":6,"pool":0,"parking":1,"wifi":0,"kitchen":1,"western_toilet":0,"iranian_toilet":1,"bathroom":1,"heating":1,"cooling":1,"jacuzzi":0,"television":1,"furniture":1,"breakfast":0}
{"id":88131,"title":"کلبه 3 چوبی و دوبلکس اقامتگاه سرای فردوس","url":"https:\/\/www.shab.ir\/houses\/show\/88131","source":"shab","address":"سواد کوه, سیدکلا,","price":1250000,"area":85,"rating":5.0,"image_links":["https:\/\/s3gw.at.shab.cloud\/production\/houses\/photos\/2023\/5\/22\/12\/88131\/house-88131-2023-05-22-12-58-50-359aed10da3a64061752e7a43dbe7a3ef55255c0-276443.jpg","https:\/\/s3gw.at.shab.cloud\/production\/houses\/photos\/2023\/5\/22\/12\/88131\/house-88131-2023-05-22-12-58-50-359aed10da3a64061752e7a43dbe7a3ef55255c0-997179.jpg","https:\/\/s3gw.at.shab.cloud\/production\/houses\/photos\/2023\/5\/22\/12\/88131\/house-88131-2023-05-22-12-58-50-359aed10da3a64061752e7a43dbe7a3ef55255c0-467582.jpg","https:\/\/s3gw.at.shab.cloud\/production\/houses\/photos\/2023\/5\/22\/12\/88131\/house-88131-2023-05-22-12-58-51-359aed10da3a64061752e7a43dbe7a3ef55255c0-629833.jpg","https:\/\/s3gw.at.shab.cloud\/production\/houses\/photos\/2023\/5\/22\/12\/88131\/house-88131-2023-05-22-12-58-51-359aed10da3a64061752e7a43dbe7a3ef55255c0-715507.jpg","https:\/\/s3gw.at.shab.cloud\/production\/houses\/photos\/2023\/5\/22\/12\/88131\/house-88131-2023-05-22-12-58-51-359aed10da3a64061752e7a43dbe7a3ef55255c0-465723.jpg","https:\/\/s3gw.at.shab.cloud\/production\/houses\/photos\/2023\/5\/22\/12\/88131\/house-88131-2023-05-22-12-58-52-359aed10da3a64061752e7a43dbe7a3ef55255c0-956064.jpg","https:\/\/s3gw.at.shab.cloud\/production\/houses\/photos\/2023\/5\/22\/12\/88131\/house-88131-2023-05-22-12-58-52-359aed10da3a64061752e7a43dbe7a3ef55255c0-437711.jpg","https:\/\/s3gw.at.shab.cloud\/production\/houses\/photos\/2023\/5\/22\/12\/88131\/house-88131-2023-05-22-12-58-52-359aed10da3a64061752e7a43dbe7a3ef55255c0-824972.jpg","https:\/\/s3gw.at.shab.cloud\/production\/houses\/photos\/2023\/5\/22\/12\/88131\/house-88131-2023-05-22-12-58-52-359aed10da3a64061752e7a43dbe7a3ef55255c0-720144.jpg","https:\/\/s3gw.at.shab.cloud\/production\/houses\/photos\/2023\/5\/22\/12\/88131\/house-88131-2023-05-22-12-58-53-359aed10da3a64061752e7a43dbe7a3ef55255c0-242447.jpg","https:\/\/s3gw.at.shab.cloud\/production\/houses\/photos\/2023\/5\/22\/12\/88131\/house-88131-2023-05-22-12-58-53-359aed10da3a64061752e7a43dbe7a3ef55255c0-328065.jpg"],"capacity_min":2,"capacity_max":4,"pool":0,"parking":1,"wifi":0,"kitchen":1,"western_toilet":1,"iranian_toilet":1,"bathroom":1,"heating":1,"cooling":1,"jacuzzi":0,"television":1,"furniture":1,"breakfast":0}
{"id":88132,"title":"کلبه 4 چوبی و دوبلکس اقامتگاه سرای فردوس","url":"https:\/\/www.shab.ir\/houses\/show\/88132","source":"shab","address":"سواد کوه, سیدکلا,","price":1250000,"area":85,"rating":4.53,"image_links":["https:\/\/s3gw.at.shab.cloud\/production\/houses\/photos\/2023\/5\/22\/12\/88132\/house-88132-2023-05-22-01-02-51-359aed10da3a64061752e7a43dbe7a3ef55255c0-631290.jpg","https:\/\/s3gw.at.shab.cloud\/production\/houses\/photos\/2023\/5\/22\/12\/88132\/house-88132-2023-05-22-01-02-51-359aed10da3a64061752e7a43dbe7a3ef55255c0-320758.jpg","https:\/\/s3gw.at.shab.cloud\/production\/houses\/photos\/2023\/5\/22\/12\/88132\/house-88132-2023-05-22-01-02-51-359aed10da3a64061752e7a43dbe7a3ef55255c0-977799.jpg","https:\/\/s3gw.at.shab.cloud\/production\/houses\/photos\/2023\/5\/22\/12\/88132\/house-88132-2023-05-22-01-02-52-359aed10da3a64061752e7a43dbe7a3ef55255c0-961892.jpg","https:\/\/s3gw.at.shab.cloud\/production\/houses\/photos\/2023\/5\/22\/12\/88132\/house-88132-2023-05-22-01-02-52-359aed10da3a64061752e7a43dbe7a3ef55255c0-97846.jpg","https:\/\/s3gw.at.shab.cloud\/production\/houses\/photos\/2023\/5\/22\/12\/88132\/house-88132-2023-05-22-01-02-52-359aed10da3a64061752e7a43dbe7a3ef55255c0-636393.jpg","https:\/\/s3gw.at.shab.cloud\/production\/houses\/photos\/2023\/5\/22\/12\/88132\/house-88132-2023-05-22-01-02-52-359aed10da3a64061752e7a43dbe7a3ef55255c0-216776.jpg"],"capacity_min":2,"capacity_max":4,"pool":0,"parking":1,"wifi":0,"kitchen":1,"western_toilet":1,"iranian_toilet":1,"bathroom":1,"heating":1,"cooling":1,"jacuzzi":0,"television":1,"furniture":1,"breakfast":0}
{"id":68789,"title":"اقامتگاه بومگردی شیانه عقاب اتاق ستاره","url":"https:\/\/www.shab.ir\/houses\/show\/68789","source":"shab","address":"سواد کوه, آلاشت,","price":1250000,"area":11,"rating":4.73,"image_links":["https:\/\/s3gw.at.shab.cloud\/production\/houses\/photos\/2022\/7\/22\/16\/68789\/house-68789-2022-07-22-04-15-07-359aed10da3a64061752e7a43dbe7a3ef55255c0-447611.jpg","https:\/\/s3gw.at.shab.cloud\/production\/houses\/photos\/2022\/7\/22\/16\/68789\/house-68789-2022-07-22-04-15-08-359aed10da3a64061752e7a43dbe7a3ef55255c0-417476.jpg","https:\/\/s3gw.at.shab.cloud\/production\/houses\/photos\/2022\/7\/22\/16\/68789\/house-68789-2022-07-22-04-15-07-359aed10da3a64061752e7a43dbe7a3ef55255c0-167559.jpg","https:\/\/s3gw.at.shab.cloud\/production\/houses\/photos\/2022\/7\/22\/16\/68789\/house-68789-2022-07-22-04-15-08-359aed10da3a64061752e7a43dbe7a3ef55255c0-819211.jpg","https:\/\/s3gw.at.shab.cloud\/production\/houses\/photos\/2022\/7\/22\/16\/68789\/house-68789-2022-07-22-04-15-08-359aed10da3a64061752e7a43dbe7a3ef55255c0-410248.jpg","https:\/\/s3gw.at.shab.cloud\/production\/houses\/photos\/2022\/7\/22\/16\/68789\/house-68789-2022-07-22-04-15-08-359aed10da3a64061752e7a43dbe7a3ef55255c0-143478.jpg","https:\/\/s3gw.at.shab.cloud\/production\/houses\/photos\/2022\/7\/22\/16\/68789\/house-68789-2022-07-22-04-15-08-359aed10da3a64061752e7a43dbe7a3ef55255c0-294401.jpg","https:\/\/s3gw.at.shab.cloud\/production\/houses\/photos\/2022\/7\/22\/16\/68789\/house-68789-2022-07-22-04-15-08-359aed10da3a64061752e7a43dbe7a3ef55255c0-708465.jpg","https:\/\/s3gw.at.shab.cloud\/production\/houses\/photos\/2022\/7\/22\/16\/68789\/house-68789-2022-07-24-11-25-29-359aed10da3a64061752e7a43dbe7a3ef55255c0-582414.jpg"],"capacity_min":2,"capacity_max":4,"pool":0,"parking":0,"wifi":0,"kitchen":0,"western_toilet":1,"iranian_toilet":1,"bathroom":1,"heating":0,"cooling":0,"jacuzzi":0,"television":0,"furniture":0,"breakfast":0}
