{"id":41181,"title":"اقامتگاه بومگردی سردره اتاق 3","url":"https:\/\/www.shab.ir\/houses\/show\/41181","source":"shab","address":"سنندج,  روستای گلین,","price":2000000,"area":12,"rating":4.93,"image_links":["https:\/\/s3gw.at.shab.cloud\/production\/houses\/photos\/2020\/4\/11\/16\/41181\/house-41181-2023-06-01-11-26-59-359aed10da3a64061752e7a43dbe7a3ef55255c0-491776.jpg","https:\/\/s3gw.at.shab.cloud\/production\/houses\/photos\/2020\/4\/11\/16\/41181\/house-41181-2023-06-01-11-18-09-359aed10da3a64061752e7a43dbe7a3ef55255c0-159042.jpg","https:\/\/s3gw.at.shab.cloud\/production\/houses\/photos\/2020\/4\/11\/16\/41181\/house-41181-2023-06-01-11-18-09-359aed10da3a64061752e7a43dbe7a3ef55255c0-569508.jpg","https:\/\/s3gw.at.shab.cloud\/production\/houses\/photos\/2020\/4\/11\/16\/41181\/house-41181-2023-06-01-11-18-09-359aed10da3a64061752e7a43dbe7a3ef55255c0-402398.jpg","https:\/\/s3gw.at.shab.cloud\/production\/houses\/photos\/2020\/4\/11\/16\/41181\/house-41181-2020-04-11-04-40-41-0fd0bcfb44f83e7d5ac7a8922578276b9af48746.jpg","https:\/\/s3gw.at.shab.cloud\/production\/houses\/photos\/2020\/4\/11\/16\/41181\/house-41181-2023-06-01-11-27-00-359aed10da3a64061752e7a43dbe7a3ef55255c0-138737.jpg","https:\/\/s3gw.at.shab.cloud\/production\/houses\/photos\/2020\/4\/11\/16\/41181\/house-41181-2020-04-11-04-41-00-0fd0bcfb44f83e7d5ac7a8922578276b9af48746.jpg","https:\/\/s3gw.at.shab.cloud\/production\/houses\/photos\/2020\/4\/11\/16\/41181\/house-41181-2020-04-11-04-41-03-0fd0bcfb44f83e7d5ac7a8922578276b9af48746.jpg","https:\/\/s3gw.at.shab.cloud\/production\/houses\/photos\/2020\/4\/11\/16\/41181\/house-41181-2020-04-11-04-41-29-0fd0bcfb44f83e7d5ac7a8922578276b9af48746.jpg","https:\/\/s3gw.at.shab.cloud\/production\/houses\/photos\/2020\/4\/11\/16\/41181\/house-41181-2020-04-11-04-41-14-0fd0bcfb44f83e7d5ac7a8922578276b9af48746.jpg","https:\/\/s3gw.at.shab.cloud\/production\/houses\/photos\/2020\/4\/11\/16\/41181\/house-41181-2020-04-11-04-41-28-0fd0bcfb44f83e7d5ac7a8922578276b9af48746.jpg"],"capacity_min":3,"capacity_max":4,"pool":0,"parking":0,"wifi":0,"kitchen":0,"western_toilet":0,"iranian_toilet":0,"bathroom":0,"heating":0,"cooling":0,"jacuzzi":0,"television":0,"furniture":0,"breakfast":1}
{"id":41176,"title":"اقامتگاه بومگردی سردره اتاق کرسی","url":"https:\/\/www.shab.ir\/houses\/show\/41176","source":"shab","address":"سنندج, روستای گلین,","price":2000000,"area":9,"rating":4.7,"image_links":["https:\/\/s3gw.at.shab.cloud\/production\/houses\/photos\/2020\/4\/11\/15\/41176\/house-41176-2020-04-11-04-03-41-0fd0bcfb44f83e7d5ac7a8922578276b9af48746.jpg","https:\/\/s3gw.at.shab.cloud\/production\/houses\/photos\/2020\/4\/11\/15\/41176\/house-41176-2020-04-11-03-51-41-0fd0bcfb44f83e7d5ac7a8922578276b9af48746.jpg","https:\/\/s3gw.at.shab.cloud\/production\/houses\/photos\/2020\/4\/11\/15\/41176\/house-41176-2020-04-11-03-51-42-0fd0bcfb44f83e7d5ac7a8922578276b9af48746.jpg","https:\/\/s3gw.at.shab.cloud\/production\/houses\/photos\/2020\/4\/11\/15\/41176\/house-41176-2020-04-11-03-51-43-0fd0bcfb44f83e7d5ac7a8922578276b9af48746.jpg","https:\/\/s3gw.at.shab.cloud\/production\/houses\/photos\/2020\/4\/11\/15\/41176\/house-41176-2020-04-11-03-53-08-0fd0bcfb44f83e7d5ac7a8922578276b9af48746.jpg","https:\/\/s3gw.at.shab.cloud\/production\/houses\/photos\/2020\/4\/11\/15\/41176\/house-41176-2020-04-11-03-56-29-0fd0bcfb44f83e7d5ac7a8922578276b9af48746.jpg","https:\/\/s3gw.at.shab.cloud\/production\/houses\/photos\/2020\/4\/11\/15\/41176\/house-41176-2020-04-11-03-57-01-0fd0bcfb44f83e7d5ac7a8922578276b9af48746.jpg","https:\/\/s3gw.at.shab.cloud\/production\/houses\/photos\/2020\/4\/11\/15\/41176\/house-41176-2020-04-11-03-57-32-0fd0bcfb44f83e7d5ac7a8922578276b9af48746.jpg"],"capacity_min":3,"capacity_max":4,"pool":0,"parking":0,"wifi":0,"kitchen":0,"western_toilet":0,"iranian_toilet":0,"bathroom":0,"heating":0,"cooling":0,"jacuzzi":0,"television":0,"furniture":0,"breakfast":1}
{"id":90375,"title":"اقامتگاه بومگردی گلاویژ 2","url":"https:\/\/www.shab.ir\/houses\/show\/90375","source":"shab","address":"سنندج, روستای هشمیز,","price":800000,"area":45,"rating":4.76,"image_links":["https:\/\/s3gw.at.shab.cloud\/production\/houses\/photos\/2023\/6\/18\/13\/90375\/house-90375-2023-06-18-02-40-10-359aed10da3a64061752e7a43dbe7a3ef55255c0-135159.jpg","https:\/\/s3gw.at.shab.cloud\/production\/houses\/photos\/2023\/6\/18\/13\/90375\/house-90375-2023-06-18-02-40-11-359aed10da3a64061752e7a43dbe7a3ef55255c0-746377.jpg","https:\/\/s3gw.at.shab.cloud\/production\/houses\/photos\/2023\/6\/18\/13\/90375\/house-90375-2023-06-18-01-56-57-9bab036b81a2d7ece0d5c722dfea4df8050613db-720589.jpg","https:\/\/s3gw.at.shab.cloud\/production\/houses\/photos\/2023\/6\/18\/13\/90375\/house-90375-2023-06-18-01-56-58-bb9f13c4073c9d10883aceb092416d9ef80e2073-76429.jpg","https:\/\/s3gw.at.shab.cloud\/production\/houses\/photos\/2023\/6\/18\/13\/90375\/house-90375-2023-06-18-01-56-58-7713c1d538d9c7e43f36b7ca58422bd7acf39753-82431.jpg","https:\/\/s3gw.at.shab.cloud\/production\/houses\/photos\/2023\/6\/18\/13\/90375\/house-90375-2024-04-05-09-20-42-d4ee48d930b3841ca1bb87eef245c2886d68f8e1-842648.jpg","https:\/\/s3gw.at.shab.cloud\/production\/houses\/photos\/2023\/6\/18\/13\/90375\/house-90375-2025-02-18-01-28-28-268272b5d2a52d8aacfc5a2a67b55fdfcac9c1d5-548813.jpg","https:\/\/s3gw.at.shab.cloud\/production\/houses\/photos\/2023\/6\/18\/13\/90375\/house-90375-2025-02-18-01-28-29-adf9f3acf834c1127a8e3255c2b6565d781cb5d6-124346.jpg","https:\/\/s3gw.at.shab.cloud\/production\/houses\/photos\/2023\/6\/18\/13\/90375\/house-90375-2025-02-18-01-28-31-6ebd8fc040e1e84ed4c547918ec4202b0167afcb-908168.jpg"],"capacity_min":3,"capacity_max":10,"pool":0,"parking":1,"wifi":0,"kitchen":1,"western_toilet":0,"iranian_toilet":1,"bathroom":1,"heating":1,"cooling":0,"jacuzzi":0,"television":1,"furniture":0,"breakfast":0}
