{"id":64544,"title":"بومگردی ناخدا علی اتاق چاههای تلا","url":"https:\/\/www.shab.ir\/houses\/show\/64544","source":"shab","address":"قشم, لافت,","price":585000,"area":12,"rating":4.8,"image_links":["https:\/\/s3gw.at.shab.cloud\/production\/houses\/photos\/2022\/5\/9\/12\/64544\/house-64544-2022-05-13-05-57-53-0fd0bcfb44f83e7d5ac7a8922578276b9af48746.jpg","https:\/\/s3gw.at.shab.cloud\/production\/houses\/photos\/2022\/5\/9\/12\/64544\/house-64544-2022-05-13-05-58-01-0fd0bcfb44f83e7d5ac7a8922578276b9af48746.jpg","https:\/\/s3gw.at.shab.cloud\/production\/houses\/photos\/2022\/5\/9\/12\/64544\/house-64544-2022-05-13-05-58-09-0fd0bcfb44f83e7d5ac7a8922578276b9af48746.jpg","https:\/\/s3gw.at.shab.cloud\/production\/houses\/photos\/2022\/5\/9\/12\/64544\/house-64544-2022-05-13-05-58-17-0fd0bcfb44f83e7d5ac7a8922578276b9af48746.jpg","https:\/\/s3gw.at.shab.cloud\/production\/houses\/photos\/2022\/5\/9\/12\/64544\/house-64544-2022-05-13-05-58-19-0fd0bcfb44f83e7d5ac7a8922578276b9af48746.jpg","https:\/\/s3gw.at.shab.cloud\/production\/houses\/photos\/2022\/5\/9\/12\/64544\/house-64544-2022-05-13-05-58-25-0fd0bcfb44f83e7d5ac7a8922578276b9af48746.jpg","https:\/\/s3gw.at.shab.cloud\/production\/houses\/photos\/2022\/5\/9\/12\/64544\/house-64544-2022-05-13-05-58-32-0fd0bcfb44f83e7d5ac7a8922578276b9af48746.jpg","https:\/\/s3gw.at.shab.cloud\/production\/houses\/photos\/2022\/5\/9\/12\/64544\/house-64544-2022-05-13-05-58-36-0fd0bcfb44f83e7d5ac7a8922578276b9af48746.jpg","https:\/\/s3gw.at.shab.cloud\/production\/houses\/photos\/2022\/5\/9\/12\/64544\/house-64544-2022-05-13-05-58-47-0fd0bcfb44f83e7d5ac7a8922578276b9af48746.jpg","https:\/\/s3gw.at.shab.cloud\/production\/houses\/photos\/2022\/5\/9\/12\/64544\/house-64544-2022-05-13-05-59-14-0fd0bcfb44f83e7d5ac7a8922578276b9af48746.jpg","https:\/\/s3gw.at.shab.cloud\/production\/houses\/photos\/2022\/5\/9\/12\/64544\/house-64544-2022-05-13-05-59-34-0fd0bcfb44f83e7d5ac7a8922578276b9af48746.jpg","https:\/\/s3gw.at.shab.cloud\/production\/houses\/photos\/2022\/5\/9\/12\/64544\/house-64544-2022-05-13-05-59-42-0fd0bcfb44f83e7d5ac7a8922578276b9af48746.jpg","https:\/\/s3gw.at.shab.cloud\/production\/houses\/photos\/2022\/5\/9\/12\/64544\/house-64544-2022-05-13-06-32-43-0fd0bcfb44f83e7d5ac7a8922578276b9af48746.jpg","https:\/\/s3gw.at.shab.cloud\/production\/houses\/photos\/2022\/5\/9\/12\/64544\/house-64544-2022-05-13-05-59-55-0fd0bcfb44f83e7d5ac7a8922578276b9af48746.jpg","https:\/\/s3gw.at.shab.cloud\/production\/houses\/photos\/2022\/5\/9\/12\/64544\/house-64544-2024-09-12-03-59-32-72f007a567dc15aec8311fb815f28b646dfc91a2-933094.jpg","https:\/\/s3gw.at.shab.cloud\/production\/houses\/photos\/2022\/5\/9\/12\/64544\/house-64544-2024-09-12-04-19-18-8ad43ec47817dea8aac647a79b513a6bd84804ad-128434.jpg"],"capacity_min":2,"capacity_max":3,"pool":0,"parking":0,"wifi":1,"kitchen":0,"western_toilet":1,"iranian_toilet":0,"bathroom":1,"heating":0,"cooling":1,"jacuzzi":0,"television":0,"furniture":0,"breakfast":1}
{"id":64736,"title":"بومگردی ناخدا علی اتاق لافت سیدان","url":"https:\/\/www.shab.ir\/houses\/show\/64736","source":"shab","address":"قشم, لافت,","price":695000,"area":20,"rating":4.4,"image_links":["https:\/\/s3gw.at.shab.cloud\/production\/houses\/photos\/2022\/5\/12\/19\/64736\/house-64736-2022-05-13-05-42-42-0fd0bcfb44f83e7d5ac7a8922578276b9af48746.jpg","https:\/\/s3gw.at.shab.cloud\/production\/houses\/photos\/2022\/5\/12\/19\/64736\/house-64736-2022-05-13-05-41-32-0fd0bcfb44f83e7d5ac7a8922578276b9af48746.jpg","https:\/\/s3gw.at.shab.cloud\/production\/houses\/photos\/2022\/5\/12\/19\/64736\/house-64736-2022-05-13-05-41-54-0fd0bcfb44f83e7d5ac7a8922578276b9af48746.jpg","https:\/\/s3gw.at.shab.cloud\/production\/houses\/photos\/2022\/5\/12\/19\/64736\/house-64736-2022-05-13-05-42-04-0fd0bcfb44f83e7d5ac7a8922578276b9af48746.jpg","https:\/\/s3gw.at.shab.cloud\/production\/houses\/photos\/2022\/5\/12\/19\/64736\/house-64736-2022-05-13-05-42-08-0fd0bcfb44f83e7d5ac7a8922578276b9af48746.jpg","https:\/\/s3gw.at.shab.cloud\/production\/houses\/photos\/2022\/5\/12\/19\/64736\/house-64736-2022-05-13-05-42-13-0fd0bcfb44f83e7d5ac7a8922578276b9af48746.jpg","https:\/\/s3gw.at.shab.cloud\/production\/houses\/photos\/2022\/5\/12\/19\/64736\/house-64736-2022-05-13-05-42-21-0fd0bcfb44f83e7d5ac7a8922578276b9af48746.jpg","https:\/\/s3gw.at.shab.cloud\/production\/houses\/photos\/2022\/5\/12\/19\/64736\/house-64736-2022-05-13-05-42-57-0fd0bcfb44f83e7d5ac7a8922578276b9af48746.jpg","https:\/\/s3gw.at.shab.cloud\/production\/houses\/photos\/2022\/5\/12\/19\/64736\/house-64736-2022-05-13-05-43-29-0fd0bcfb44f83e7d5ac7a8922578276b9af48746.jpg","https:\/\/s3gw.at.shab.cloud\/production\/houses\/photos\/2022\/5\/12\/19\/64736\/house-64736-2022-05-13-06-32-03-0fd0bcfb44f83e7d5ac7a8922578276b9af48746.jpg","https:\/\/s3gw.at.shab.cloud\/production\/houses\/photos\/2022\/5\/12\/19\/64736\/house-64736-2022-05-13-05-43-32-0fd0bcfb44f83e7d5ac7a8922578276b9af48746.jpg","https:\/\/s3gw.at.shab.cloud\/production\/houses\/photos\/2022\/5\/12\/19\/64736\/house-64736-2024-09-13-02-18-45-e3a31db984faa6689032b185642aa64a49cb141d-224424.jpg"],"capacity_min":6,"capacity_max":6,"pool":0,"parking":0,"wifi":1,"kitchen":0,"western_toilet":0,"iranian_toilet":1,"bathroom":1,"heating":0,"cooling":1,"jacuzzi":0,"television":0,"furniture":0,"breakfast":1}
{"id":77133,"title":"بومگردی ناخدا علی اتاق گل یاس","url":"https:\/\/www.shab.ir\/houses\/show\/77133","source":"shab","address":"قشم, لافت,","price":585000,"area":12,"rating":4.6,"image_links":["https:\/\/s3gw.at.shab.cloud\/production\/houses\/photos\/2023\/1\/16\/11\/77133\/house-77133-2023-01-16-11-56-59-359aed10da3a64061752e7a43dbe7a3ef55255c0-897613.jpg","https:\/\/s3gw.at.shab.cloud\/production\/houses\/photos\/2023\/1\/16\/11\/77133\/house-77133-2023-01-16-11-57-00-359aed10da3a64061752e7a43dbe7a3ef55255c0-35237.jpg","https:\/\/s3gw.at.shab.cloud\/production\/houses\/photos\/2023\/1\/16\/11\/77133\/house-77133-2023-01-16-11-57-00-359aed10da3a64061752e7a43dbe7a3ef55255c0-10248.jpg","https:\/\/s3gw.at.shab.cloud\/production\/houses\/photos\/2023\/1\/16\/11\/77133\/house-77133-2023-01-16-11-57-00-359aed10da3a64061752e7a43dbe7a3ef55255c0-115928.jpg","https:\/\/s3gw.at.shab.cloud\/production\/houses\/photos\/2023\/1\/16\/11\/77133\/house-77133-2023-01-16-11-57-00-359aed10da3a64061752e7a43dbe7a3ef55255c0-709941.jpg","https:\/\/s3gw.at.shab.cloud\/production\/houses\/photos\/2023\/1\/16\/11\/77133\/house-77133-2023-01-16-11-57-01-359aed10da3a64061752e7a43dbe7a3ef55255c0-143018.jpg","https:\/\/s3gw.at.shab.cloud\/production\/houses\/photos\/2023\/1\/16\/11\/77133\/house-77133-2023-01-16-11-57-01-359aed10da3a64061752e7a43dbe7a3ef55255c0-846076.jpg","https:\/\/s3gw.at.shab.cloud\/production\/houses\/photos\/2023\/1\/16\/11\/77133\/house-77133-2023-01-16-11-57-01-359aed10da3a64061752e7a43dbe7a3ef55255c0-148212.jpg","https:\/\/s3gw.at.shab.cloud\/production\/houses\/photos\/2023\/1\/16\/11\/77133\/house-77133-2024-09-13-03-24-59-621bbccc6ab85735fb590f6e880f3f6e76160ea8-405519.jpg","https:\/\/s3gw.at.shab.cloud\/production\/houses\/photos\/2023\/1\/16\/11\/77133\/house-77133-2024-09-13-03-24-59-c775a6f3a30caa171ad1c826327cf8d459e88626-103911.jpg","https:\/\/s3gw.at.shab.cloud\/production\/houses\/photos\/2023\/1\/16\/11\/77133\/house-77133-2024-09-13-03-25-00-eab803428244b50d7ed9a562a0197b1c9b8d8e5d-221180.jpg","https:\/\/s3gw.at.shab.cloud\/production\/houses\/photos\/2023\/1\/16\/11\/77133\/house-77133-2024-09-13-03-25-00-65137db3f9e859dbd497ace4a0ac0fe280dede18-530706.jpg","https:\/\/s3gw.at.shab.cloud\/production\/houses\/photos\/2023\/1\/16\/11\/77133\/house-77133-2024-09-13-03-25-00-4a11840afa19e6c833852efa93338431f62d449f-282724.jpg"],"capacity_min":5,"capacity_max":5,"pool":0,"parking":1,"wifi":0,"kitchen":0,"western_toilet":0,"iranian_toilet":1,"bathroom":1,"heating":1,"cooling":1,"jacuzzi":0,"television":0,"furniture":0,"breakfast":0}
{"id":106294,"title":"بومگردی ناخدا علی اتاق بادگیر","url":"https:\/\/www.shab.ir\/houses\/show\/106294","source":"shab","address":"قشم, روستای تاریخی لافت,","price":600000,"area":12,"rating":4.7,"image_links":["https:\/\/s3gw.at.shab.cloud\/production\/houses\/photos\/2024\/2\/11\/11\/106294\/house-106294-2024-02-11-11-34-14-de3eeb9e73931e547a5829e571bf93f6e6eadc4e-561079.jpg","https:\/\/s3gw.at.shab.cloud\/production\/houses\/photos\/2024\/2\/11\/11\/106294\/house-106294-2024-02-11-11-34-14-359aed10da3a64061752e7a43dbe7a3ef55255c0-499651.jpg","https:\/\/s3gw.at.shab.cloud\/production\/houses\/photos\/2024\/2\/11\/11\/106294\/house-106294-2024-02-11-11-34-14-359aed10da3a64061752e7a43dbe7a3ef55255c0-59682.jpg","https:\/\/s3gw.at.shab.cloud\/production\/houses\/photos\/2024\/2\/11\/11\/106294\/house-106294-2024-02-11-11-34-15-359aed10da3a64061752e7a43dbe7a3ef55255c0-693026.jpg","https:\/\/s3gw.at.shab.cloud\/production\/houses\/photos\/2024\/2\/11\/11\/106294\/house-106294-2024-02-11-11-34-15-359aed10da3a64061752e7a43dbe7a3ef55255c0-721815.jpg","https:\/\/s3gw.at.shab.cloud\/production\/houses\/photos\/2024\/2\/11\/11\/106294\/house-106294-2024-02-11-11-34-15-359aed10da3a64061752e7a43dbe7a3ef55255c0-320670.jpg","https:\/\/s3gw.at.shab.cloud\/production\/houses\/photos\/2024\/2\/11\/11\/106294\/house-106294-2024-02-11-11-34-15-359aed10da3a64061752e7a43dbe7a3ef55255c0-569847.jpg","https:\/\/s3gw.at.shab.cloud\/production\/houses\/photos\/2024\/2\/11\/11\/106294\/house-106294-2024-02-11-11-34-16-359aed10da3a64061752e7a43dbe7a3ef55255c0-893555.jpg","https:\/\/s3gw.at.shab.cloud\/production\/houses\/photos\/2024\/2\/11\/11\/106294\/house-106294-2024-02-11-11-34-16-359aed10da3a64061752e7a43dbe7a3ef55255c0-269716.jpg","https:\/\/s3gw.at.shab.cloud\/production\/houses\/photos\/2024\/2\/11\/11\/106294\/house-106294-2024-02-11-11-34-16-359aed10da3a64061752e7a43dbe7a3ef55255c0-535485.jpg","https:\/\/s3gw.at.shab.cloud\/production\/houses\/photos\/2024\/2\/11\/11\/106294\/house-106294-2024-02-11-11-34-16-359aed10da3a64061752e7a43dbe7a3ef55255c0-116748.jpg","https:\/\/s3gw.at.shab.cloud\/production\/houses\/photos\/2024\/2\/11\/11\/106294\/house-106294-2024-02-11-11-34-16-359aed10da3a64061752e7a43dbe7a3ef55255c0-279058.jpg","https:\/\/s3gw.at.shab.cloud\/production\/houses\/photos\/2024\/2\/11\/11\/106294\/house-106294-2024-02-11-11-34-16-359aed10da3a64061752e7a43dbe7a3ef55255c0-771811.jpg","https:\/\/s3gw.at.shab.cloud\/production\/houses\/photos\/2024\/2\/11\/11\/106294\/house-106294-2024-09-13-02-47-33-440f1684bddee90b13d8e9789a77a916a376961b-684934.jpg"],"capacity_min":3,"capacity_max":4,"pool":0,"parking":0,"wifi":1,"kitchen":0,"western_toilet":1,"iranian_toilet":0,"bathroom":1,"heating":0,"cooling":1,"jacuzzi":0,"television":0,"furniture":0,"breakfast":1}
{"id":64545,"title":"بومگردی ناخدا علی جنگلهای حرا","url":"https:\/\/www.shab.ir\/houses\/show\/64545","source":"shab","address":"قشم, لافت,","price":485000,"area":9,"rating":4.11,"image_links":["https:\/\/s3gw.at.shab.cloud\/production\/houses\/photos\/2022\/5\/9\/12\/64545\/house-64545-2022-05-13-06-25-28-0fd0bcfb44f83e7d5ac7a8922578276b9af48746.jpg","https:\/\/s3gw.at.shab.cloud\/production\/houses\/photos\/2022\/5\/9\/12\/64545\/house-64545-2022-05-13-06-25-33-0fd0bcfb44f83e7d5ac7a8922578276b9af48746.jpg","https:\/\/s3gw.at.shab.cloud\/production\/houses\/photos\/2022\/5\/9\/12\/64545\/house-64545-2022-05-13-06-25-38-0fd0bcfb44f83e7d5ac7a8922578276b9af48746.jpg","https:\/\/s3gw.at.shab.cloud\/production\/houses\/photos\/2022\/5\/9\/12\/64545\/house-64545-2022-05-13-06-25-47-0fd0bcfb44f83e7d5ac7a8922578276b9af48746.jpg","https:\/\/s3gw.at.shab.cloud\/production\/houses\/photos\/2022\/5\/9\/12\/64545\/house-64545-2022-05-13-06-25-50-0fd0bcfb44f83e7d5ac7a8922578276b9af48746.jpg","https:\/\/s3gw.at.shab.cloud\/production\/houses\/photos\/2022\/5\/9\/12\/64545\/house-64545-2022-05-13-06-25-57-0fd0bcfb44f83e7d5ac7a8922578276b9af48746.jpg","https:\/\/s3gw.at.shab.cloud\/production\/houses\/photos\/2022\/5\/9\/12\/64545\/house-64545-2022-05-13-06-26-03-0fd0bcfb44f83e7d5ac7a8922578276b9af48746.jpg","https:\/\/s3gw.at.shab.cloud\/production\/houses\/photos\/2022\/5\/9\/12\/64545\/house-64545-2022-05-13-06-26-10-0fd0bcfb44f83e7d5ac7a8922578276b9af48746.jpg","https:\/\/s3gw.at.shab.cloud\/production\/houses\/photos\/2022\/5\/9\/12\/64545\/house-64545-2022-05-13-06-26-31-0fd0bcfb44f83e7d5ac7a8922578276b9af48746.jpg","https:\/\/s3gw.at.shab.cloud\/production\/houses\/photos\/2022\/5\/9\/12\/64545\/house-64545-2022-05-13-06-26-55-0fd0bcfb44f83e7d5ac7a8922578276b9af48746.jpg","https:\/\/s3gw.at.shab.cloud\/production\/houses\/photos\/2022\/5\/9\/12\/64545\/house-64545-2022-05-13-06-27-04-0fd0bcfb44f83e7d5ac7a8922578276b9af48746.jpg","https:\/\/s3gw.at.shab.cloud\/production\/houses\/photos\/2022\/5\/9\/12\/64545\/house-64545-2022-05-13-06-27-15-0fd0bcfb44f83e7d5ac7a8922578276b9af48746.jpg","https:\/\/s3gw.at.shab.cloud\/production\/houses\/photos\/2022\/5\/9\/12\/64545\/house-64545-2022-05-13-06-27-22-0fd0bcfb44f83e7d5ac7a8922578276b9af48746.jpg","https:\/\/s3gw.at.shab.cloud\/production\/houses\/photos\/2022\/5\/9\/12\/64545\/house-64545-2024-09-13-12-07-24-31f9083224befdc932979cbce53a636b9ee02d26-406716.jpg"],"capacity_min":2,"capacity_max":3,"pool":0,"parking":0,"wifi":1,"kitchen":0,"western_toilet":1,"iranian_toilet":0,"bathroom":1,"heating":0,"cooling":1,"jacuzzi":0,"television":0,"furniture":0,"breakfast":1}
{"id":98443,"title":"بومگردی ناخدا علی اتاق گل یاسمن","url":"https:\/\/www.shab.ir\/houses\/show\/98443","source":"shab","address":"قشم, شهر لافت,","price":595000,"area":12,"rating":3.73,"image_links":["https:\/\/s3gw.at.shab.cloud\/production\/houses\/photos\/2023\/9\/17\/10\/98443\/house-98443-2023-09-17-10-14-31-359aed10da3a64061752e7a43dbe7a3ef55255c0-506440.jpg","https:\/\/s3gw.at.shab.cloud\/production\/houses\/photos\/2023\/9\/17\/10\/98443\/house-98443-2023-09-17-10-14-31-359aed10da3a64061752e7a43dbe7a3ef55255c0-484926.jpg","https:\/\/s3gw.at.shab.cloud\/production\/houses\/photos\/2023\/9\/17\/10\/98443\/house-98443-2023-09-17-10-14-31-359aed10da3a64061752e7a43dbe7a3ef55255c0-135559.jpg","https:\/\/s3gw.at.shab.cloud\/production\/houses\/photos\/2023\/9\/17\/10\/98443\/house-98443-2023-09-17-10-04-29-858440fcaaff0c9eb5692a66c25974463fa465bd-681819.jpg","https:\/\/s3gw.at.shab.cloud\/production\/houses\/photos\/2023\/9\/17\/10\/98443\/house-98443-2023-09-17-10-14-31-359aed10da3a64061752e7a43dbe7a3ef55255c0-992174.jpg","https:\/\/s3gw.at.shab.cloud\/production\/houses\/photos\/2023\/9\/17\/10\/98443\/house-98443-2023-09-17-10-04-30-691046946c2be6e33f32ef5d3347b81d4f8d22c1-329508.jpg","https:\/\/s3gw.at.shab.cloud\/production\/houses\/photos\/2023\/9\/17\/10\/98443\/house-98443-2023-09-17-10-04-30-9336ae970b894405ec99816bb7af2273ddee12d7-976595.jpg","https:\/\/s3gw.at.shab.cloud\/production\/houses\/photos\/2023\/9\/17\/10\/98443\/house-98443-2023-09-17-10-04-30-f2c517d53f4d68c0e155381f3b25820c79a9010c-438425.jpg","https:\/\/s3gw.at.shab.cloud\/production\/houses\/photos\/2023\/9\/17\/10\/98443\/house-98443-2023-09-17-10-14-32-359aed10da3a64061752e7a43dbe7a3ef55255c0-975966.jpg","https:\/\/s3gw.at.shab.cloud\/production\/houses\/photos\/2023\/9\/17\/10\/98443\/house-98443-2023-09-17-10-16-49-359aed10da3a64061752e7a43dbe7a3ef55255c0-582875.jpg","https:\/\/s3gw.at.shab.cloud\/production\/houses\/photos\/2023\/9\/17\/10\/98443\/house-98443-2023-09-17-10-16-49-359aed10da3a64061752e7a43dbe7a3ef55255c0-886955.jpg","https:\/\/s3gw.at.shab.cloud\/production\/houses\/photos\/2023\/9\/17\/10\/98443\/house-98443-2023-09-17-10-16-50-359aed10da3a64061752e7a43dbe7a3ef55255c0-339409.jpg","https:\/\/s3gw.at.shab.cloud\/production\/houses\/photos\/2023\/9\/17\/10\/98443\/house-98443-2023-09-17-10-16-50-359aed10da3a64061752e7a43dbe7a3ef55255c0-180142.jpg","https:\/\/s3gw.at.shab.cloud\/production\/houses\/photos\/2023\/9\/17\/10\/98443\/house-98443-2023-09-17-10-15-19-0e76292794888d4f1fa75fb3aff4ca27c58f56a6-294105.jpg","https:\/\/s3gw.at.shab.cloud\/production\/houses\/photos\/2023\/9\/17\/10\/98443\/house-98443-2024-09-13-02-40-28-276b4d9f519c8b9ddbe4ae9e1c86621cfc895c47-86743.jpg","https:\/\/s3gw.at.shab.cloud\/production\/houses\/photos\/2023\/9\/17\/10\/98443\/house-98443-2024-09-13-02-40-29-4a11840afa19e6c833852efa93338431f62d449f-351682.jpg","https:\/\/s3gw.at.shab.cloud\/production\/houses\/photos\/2023\/9\/17\/10\/98443\/house-98443-2024-09-13-02-40-29-e8e33484ab073f313591c33da6d88b0ba0f21784-934800.jpg"],"capacity_min":2,"capacity_max":3,"pool":0,"parking":1,"wifi":1,"kitchen":1,"western_toilet":1,"iranian_toilet":0,"bathroom":1,"heating":1,"cooling":1,"jacuzzi":0,"television":1,"furniture":0,"breakfast":0}
{"id":149351,"title":"اقامتگاه بومگردی ساحلی بالی قشم اتاق لنج","url":"https:\/\/www.shab.ir\/houses\/show\/149351","source":"shab","address":"قشم, شهر ساحلی سوزا,","price":1990000,"area":12,"rating":4.96,"image_links":["https:\/\/s3gw.at.shab.cloud\/production\/houses\/photos\/2025\/2\/15\/21\/149351\/house-149351-2025-03-05-11-51-04-3c65c52d16426755da4f0ff6d91e895da49647b9-84278.jpg","https:\/\/s3gw.at.shab.cloud\/production\/houses\/photos\/2025\/2\/15\/21\/149351\/house-149351-2025-02-15-09-50-20-9cb5d6accc1a978d35874b3db9bc95bd74580925-219102.jpg","https:\/\/s3gw.at.shab.cloud\/production\/houses\/photos\/2025\/2\/15\/21\/149351\/house-149351-2025-02-15-09-50-20-8090a94036851ac1942f734ae9c0da2c4b9309a4-131991.jpg","https:\/\/s3gw.at.shab.cloud\/production\/houses\/photos\/2025\/2\/15\/21\/149351\/house-149351-2025-02-15-09-50-21-d1a0eed9a2369d52828c59157ba6bf3970299a6f-758824.jpg","https:\/\/s3gw.at.shab.cloud\/production\/houses\/photos\/2025\/2\/15\/21\/149351\/house-149351-2025-02-15-09-50-21-cf809e10334b1c9a008503c49a86d874fdc36c4b-263121.jpg","https:\/\/s3gw.at.shab.cloud\/production\/houses\/photos\/2025\/2\/15\/21\/149351\/house-149351-2025-02-15-09-50-22-7a567eff4548f9eca62d73db0abfcb154d06573b-429124.jpg","https:\/\/s3gw.at.shab.cloud\/production\/houses\/photos\/2025\/2\/15\/21\/149351\/house-149351-2025-03-05-11-37-00-d3755a961b6fada0b96bd9448069a82628cace2b-227549.jpg","https:\/\/s3gw.at.shab.cloud\/production\/houses\/photos\/2025\/2\/15\/21\/149351\/house-149351-2025-02-15-09-50-22-1e65ddf3ef42ce6e2fe05dfedb7547ac57963b0a-709733.jpg","https:\/\/s3gw.at.shab.cloud\/production\/houses\/photos\/2025\/2\/15\/21\/149351\/house-149351-2025-02-15-09-50-22-73c55ac6f170279dedce1d39900a81931876e69f-40548.jpg","https:\/\/s3gw.at.shab.cloud\/production\/houses\/photos\/2025\/2\/15\/21\/149351\/house-149351-2025-02-15-09-50-20-e747052d79c2dd33bf728d31dda9057a286ab234-635140.jpg","https:\/\/s3gw.at.shab.cloud\/production\/houses\/photos\/2025\/2\/15\/21\/149351\/house-149351-2025-02-15-09-50-20-1e273f6f924db35f6aa7854028ef6d177869f64b-762280.jpg","https:\/\/s3gw.at.shab.cloud\/production\/houses\/photos\/2025\/2\/15\/21\/149351\/house-149351-2025-02-15-09-50-21-e04884ea6c700805824f3e2fcef90cec6f756e61-355315.jpg","https:\/\/s3gw.at.shab.cloud\/production\/houses\/photos\/2025\/2\/15\/21\/149351\/house-149351-2025-02-15-09-50-22-0fd51b12ca80fe1abd107889b573a132b87cf892-535660.jpg","https:\/\/s3gw.at.shab.cloud\/production\/houses\/photos\/2025\/2\/15\/21\/149351\/house-149351-2025-02-15-09-50-23-4a1e0a1730e705f6c6a82481029cb500163ebadd-985830.jpg","https:\/\/s3gw.at.shab.cloud\/production\/houses\/photos\/2025\/2\/15\/21\/149351\/house-149351-2025-02-15-09-50-23-47d8ae519d1b95e95412c1ec39303d9c861d1d49-551997.jpg"],"capacity_min":2,"capacity_max":4,"pool":0,"parking":0,"wifi":0,"kitchen":1,"western_toilet":1,"iranian_toilet":0,"bathroom":1,"heating":0,"cooling":1,"jacuzzi":0,"television":1,"furniture":1,"breakfast":1}
{"id":133094,"title":"بوتیک هتل بلک کاکتوس","url":"https:\/\/www.shab.ir\/houses\/show\/133094","source":"shab","address":"قشم, سهیلی,","price":4000000,"area":45,"rating":4.87,"image_links":["https:\/\/s3gw.at.shab.cloud\/production\/houses\/photos\/2024\/9\/14\/18\/133094\/house-133094-2025-03-17-05-51-33-5e4edaa7125ee0e4a2fdb0af088a155fd1c3cc52-266014.jpg","https:\/\/s3gw.at.shab.cloud\/production\/houses\/photos\/2024\/9\/14\/18\/133094\/house-133094-2025-03-17-05-51-34-d9152c7880e461ddf14258629979847de51f9c43-317994.jpg","https:\/\/s3gw.at.shab.cloud\/production\/houses\/photos\/2024\/9\/14\/18\/133094\/house-133094-2025-03-17-05-51-35-d1b7e8d8a5cf92aba63d2c71ed2a224cac11a372-540675.jpg","https:\/\/s3gw.at.shab.cloud\/production\/houses\/photos\/2024\/9\/14\/18\/133094\/house-133094-2025-03-17-05-51-36-adf8cac4a1eefd0f12f6d12296e6822f7e1fd957-285058.jpg","https:\/\/s3gw.at.shab.cloud\/production\/houses\/photos\/2024\/9\/14\/18\/133094\/house-133094-2025-03-17-05-51-37-c651375c5528dbf08f334d0cffb31e7df578cbe1-127970.jpg","https:\/\/s3gw.at.shab.cloud\/production\/houses\/photos\/2024\/9\/14\/18\/133094\/house-133094-2025-03-17-05-51-39-d1e40ceab4ad582d405c82eab0878c19ab0769a8-175719.jpg","https:\/\/s3gw.at.shab.cloud\/production\/houses\/photos\/2024\/9\/14\/18\/133094\/house-133094-2025-03-17-05-51-40-756f110c8893fa91fd6e91be734da202c515d060-763415.jpg","https:\/\/s3gw.at.shab.cloud\/production\/houses\/photos\/2024\/9\/14\/18\/133094\/house-133094-2025-03-17-05-51-41-dccb54aee5e6dcb25c78b11dc26124291ebd9f22-268832.jpg","https:\/\/s3gw.at.shab.cloud\/production\/houses\/photos\/2024\/9\/14\/18\/133094\/house-133094-2025-03-17-05-51-42-c833abfa806484ac08d935e31fc35941bb193070-485275.jpg","https:\/\/s3gw.at.shab.cloud\/production\/houses\/photos\/2024\/9\/14\/18\/133094\/house-133094-2025-03-17-05-51-43-39b125fa6927747f5d010df7a947dc0a22c2ccfd-613418.jpg","https:\/\/s3gw.at.shab.cloud\/production\/houses\/photos\/2024\/9\/14\/18\/133094\/house-133094-2024-12-22-01-25-39-dc9b965d8569fab84f9648bb6d05a4f26e3ed772-736034.jpg","https:\/\/s3gw.at.shab.cloud\/production\/houses\/photos\/2024\/9\/14\/18\/133094\/house-133094-2025-02-18-07-17-17-0e76292794888d4f1fa75fb3aff4ca27c58f56a6-497654.jpg","https:\/\/s3gw.at.shab.cloud\/production\/houses\/photos\/2024\/9\/14\/18\/133094\/house-133094-2025-03-17-05-51-45-3d60f6d52546ba98536d7e7e936144083f6340f1-390916.jpg","https:\/\/s3gw.at.shab.cloud\/production\/houses\/photos\/2024\/9\/14\/18\/133094\/house-133094-2025-03-17-05-51-46-634be4b9ec019c0e9fd3a15337dde13a1e00761e-36101.jpg","https:\/\/s3gw.at.shab.cloud\/production\/houses\/photos\/2024\/9\/14\/18\/133094\/house-133094-2025-03-17-05-51-47-0c96d6f6bca519fa21f4fcf5ee64b1ac9aa18657-284846.jpg","https:\/\/s3gw.at.shab.cloud\/production\/houses\/photos\/2024\/9\/14\/18\/133094\/house-133094-2025-03-17-05-51-48-0611881b299119d359e2b2d66bf47d6f4d7a5035-472559.jpg","https:\/\/s3gw.at.shab.cloud\/production\/houses\/photos\/2024\/9\/14\/18\/133094\/house-133094-2025-03-17-05-51-49-c680f023df6d999817037b8a0ff24359ce309142-994357.jpg","https:\/\/s3gw.at.shab.cloud\/production\/houses\/photos\/2024\/9\/14\/18\/133094\/house-133094-2025-03-17-05-51-51-87304527aa704baf80f0bfc52529dabe47bda00e-433328.jpg","https:\/\/s3gw.at.shab.cloud\/production\/houses\/photos\/2024\/9\/14\/18\/133094\/house-133094-2025-03-17-05-51-52-16efefb7814a2720809999377c2ef5e465bbdf6e-468460.jpg","https:\/\/s3gw.at.shab.cloud\/production\/houses\/photos\/2024\/9\/14\/18\/133094\/house-133094-2024-10-03-04-27-23-e0b0a3825fffb2c3332ce4241c8d853862c30864-301070.jpg","https:\/\/s3gw.at.shab.cloud\/production\/houses\/photos\/2024\/9\/14\/18\/133094\/house-133094-2024-12-22-01-25-42-c63ff681ca8679bdf4debbdae46bc1569007b984-222312.jpg","https:\/\/s3gw.at.shab.cloud\/production\/houses\/photos\/2024\/9\/14\/18\/133094\/house-133094-2025-02-18-07-17-25-0e76292794888d4f1fa75fb3aff4ca27c58f56a6-732606.jpg","https:\/\/s3gw.at.shab.cloud\/production\/houses\/photos\/2024\/9\/14\/18\/133094\/house-133094-2025-02-18-07-17-26-0e76292794888d4f1fa75fb3aff4ca27c58f56a6-528707.jpg","https:\/\/s3gw.at.shab.cloud\/production\/houses\/photos\/2024\/9\/14\/18\/133094\/house-133094-2025-02-18-07-17-29-0e76292794888d4f1fa75fb3aff4ca27c58f56a6-623018.jpg","https:\/\/s3gw.at.shab.cloud\/production\/houses\/photos\/2024\/9\/14\/18\/133094\/house-133094-2025-02-18-07-17-30-0e76292794888d4f1fa75fb3aff4ca27c58f56a6-478483.jpg","https:\/\/s3gw.at.shab.cloud\/production\/houses\/photos\/2024\/9\/14\/18\/133094\/house-133094-2024-12-22-01-25-41-3d49633f3478cbe398e78c27f79edc1046d240f3-185758.jpg","https:\/\/s3gw.at.shab.cloud\/production\/houses\/photos\/2024\/9\/14\/18\/133094\/house-133094-2024-12-22-01-25-44-3f74dfbbb4da66ab78e886139e971d14f33c7304-691499.jpg","https:\/\/s3gw.at.shab.cloud\/production\/houses\/photos\/2024\/9\/14\/18\/133094\/house-133094-2024-12-22-01-25-43-5fd585747a76d4acf98807ca1f00aeaf3c02a28b-834833.jpg","https:\/\/s3gw.at.shab.cloud\/production\/houses\/photos\/2024\/9\/14\/18\/133094\/house-133094-2024-12-22-02-05-06-7bee4951daa005e63b6a96954f4004b0c81b1067-975811.jpg","https:\/\/s3gw.at.shab.cloud\/production\/houses\/photos\/2024\/9\/14\/18\/133094\/house-133094-2024-12-22-01-25-45-5517c775800da74992324f12661620e513b1a8ff-197613.jpg","https:\/\/s3gw.at.shab.cloud\/production\/houses\/photos\/2024\/9\/14\/18\/133094\/house-133094-2024-12-22-01-25-46-3c7d652a0a9bbde85429960824f26be9a4f83bfe-433613.jpg","https:\/\/s3gw.at.shab.cloud\/production\/houses\/photos\/2024\/9\/14\/18\/133094\/house-133094-2024-12-22-02-05-07-e375a83f876a755f1184da05fde6e57e49106f22-626811.jpg","https:\/\/s3gw.at.shab.cloud\/production\/houses\/photos\/2024\/9\/14\/18\/133094\/house-133094-2024-12-22-02-05-08-b51e4e844925b29099deda7a001eef4d39cbb3bd-778575.jpg","https:\/\/s3gw.at.shab.cloud\/production\/houses\/photos\/2024\/9\/14\/18\/133094\/house-133094-2024-12-22-02-05-10-8af9aefcc16fbd51d2dd979f1bd487412b58f9d9-833541.jpg","https:\/\/s3gw.at.shab.cloud\/production\/houses\/photos\/2024\/9\/14\/18\/133094\/house-133094-2024-12-22-02-05-11-cf976a68dc07fe226d14492313987995a7d98c04-6663.jpg","https:\/\/s3gw.at.shab.cloud\/production\/houses\/photos\/2024\/9\/14\/18\/133094\/house-133094-2025-01-11-06-01-57-defa521fe6ce2d78ee4506f2739969700157eafb-898512.jpg","https:\/\/s3gw.at.shab.cloud\/production\/houses\/photos\/2024\/9\/14\/18\/133094\/house-133094-2024-10-03-04-27-26-034707f58783629c4c3048c0cd922b32aa1e8149-193405.jpg"],"capacity_min":4,"capacity_max":6,"pool":1,"parking":0,"wifi":0,"kitchen":1,"western_toilet":1,"iranian_toilet":0,"bathroom":1,"heating":0,"cooling":1,"jacuzzi":0,"television":0,"furniture":1,"breakfast":0}
