{"id":93994,"title":"واحد مبله دو خوابه با تراسی دنج و ویو زیبا 1","url":"https:\/\/www.shab.ir\/houses\/show\/93994","source":"shab","address":"چالوس, مرزن اباد_ روستای طویر,","price":2000000,"area":90,"rating":4.76,"image_links":["https:\/\/s3gw.at.shab.cloud\/production\/houses\/photos\/2023\/8\/6\/12\/93994\/house-93994-2023-08-06-12-15-17-359aed10da3a64061752e7a43dbe7a3ef55255c0-930472.jpg","https:\/\/s3gw.at.shab.cloud\/production\/houses\/photos\/2023\/8\/6\/12\/93994\/house-93994-2023-08-06-12-15-18-359aed10da3a64061752e7a43dbe7a3ef55255c0-384618.jpg","https:\/\/s3gw.at.shab.cloud\/production\/houses\/photos\/2023\/8\/6\/12\/93994\/house-93994-2023-08-06-12-15-19-359aed10da3a64061752e7a43dbe7a3ef55255c0-419764.jpg","https:\/\/s3gw.at.shab.cloud\/production\/houses\/photos\/2023\/8\/6\/12\/93994\/house-93994-2023-08-06-12-15-20-359aed10da3a64061752e7a43dbe7a3ef55255c0-982657.jpg","https:\/\/s3gw.at.shab.cloud\/production\/houses\/photos\/2023\/8\/6\/12\/93994\/house-93994-2023-08-06-12-15-21-359aed10da3a64061752e7a43dbe7a3ef55255c0-465585.jpg","https:\/\/s3gw.at.shab.cloud\/production\/houses\/photos\/2023\/8\/6\/12\/93994\/house-93994-2023-08-06-12-15-22-359aed10da3a64061752e7a43dbe7a3ef55255c0-273861.jpg","https:\/\/s3gw.at.shab.cloud\/production\/houses\/photos\/2023\/8\/6\/12\/93994\/house-93994-2023-08-06-12-04-05-751fe12a684394caa34b7dd0aaa4ab70d768d46c-752474.jpg","https:\/\/s3gw.at.shab.cloud\/production\/houses\/photos\/2023\/8\/6\/12\/93994\/house-93994-2023-08-06-12-15-23-359aed10da3a64061752e7a43dbe7a3ef55255c0-411111.jpg","https:\/\/s3gw.at.shab.cloud\/production\/houses\/photos\/2023\/8\/6\/12\/93994\/house-93994-2023-08-06-12-15-23-359aed10da3a64061752e7a43dbe7a3ef55255c0-519579.jpg","https:\/\/s3gw.at.shab.cloud\/production\/houses\/photos\/2023\/8\/6\/12\/93994\/house-93994-2023-08-06-12-15-24-359aed10da3a64061752e7a43dbe7a3ef55255c0-357923.jpg","https:\/\/s3gw.at.shab.cloud\/production\/houses\/photos\/2023\/8\/6\/12\/93994\/house-93994-2023-08-06-12-15-25-359aed10da3a64061752e7a43dbe7a3ef55255c0-860093.jpg"],"capacity_min":4,"capacity_max":6,"pool":0,"parking":1,"wifi":0,"kitchen":1,"western_toilet":1,"iranian_toilet":1,"bathroom":1,"heating":1,"cooling":0,"jacuzzi":0,"television":1,"furniture":1,"breakfast":0}
{"id":74642,"title":"واحد مبله تک خواب با چشم اندازی بی نظیر از جنگل3","url":"https:\/\/www.shab.ir\/houses\/show\/74642","source":"shab","address":"چالوس, مرزن اباد_روستای طویر,","price":1400000,"area":70,"rating":4.61,"image_links":["https:\/\/s3gw.at.shab.cloud\/production\/houses\/photos\/2022\/11\/7\/19\/74642\/house-74642-2022-11-07-08-31-23-359aed10da3a64061752e7a43dbe7a3ef55255c0-77094.jpg","https:\/\/s3gw.at.shab.cloud\/production\/houses\/photos\/2022\/11\/7\/19\/74642\/house-74642-2022-11-07-08-31-24-359aed10da3a64061752e7a43dbe7a3ef55255c0-138275.jpg","https:\/\/s3gw.at.shab.cloud\/production\/houses\/photos\/2022\/11\/7\/19\/74642\/house-74642-2022-11-07-08-31-24-359aed10da3a64061752e7a43dbe7a3ef55255c0-121822.jpg","https:\/\/s3gw.at.shab.cloud\/production\/houses\/photos\/2022\/11\/7\/19\/74642\/house-74642-2022-11-07-08-31-24-359aed10da3a64061752e7a43dbe7a3ef55255c0-333897.jpg","https:\/\/s3gw.at.shab.cloud\/production\/houses\/photos\/2022\/11\/7\/19\/74642\/house-74642-2022-11-07-08-31-31-359aed10da3a64061752e7a43dbe7a3ef55255c0-709073.jpg","https:\/\/s3gw.at.shab.cloud\/production\/houses\/photos\/2022\/11\/7\/19\/74642\/house-74642-2022-11-07-08-31-27-359aed10da3a64061752e7a43dbe7a3ef55255c0-156062.jpg","https:\/\/s3gw.at.shab.cloud\/production\/houses\/photos\/2022\/11\/7\/19\/74642\/house-74642-2022-11-07-08-31-25-359aed10da3a64061752e7a43dbe7a3ef55255c0-859584.jpg","https:\/\/s3gw.at.shab.cloud\/production\/houses\/photos\/2022\/11\/7\/19\/74642\/house-74642-2022-11-07-08-31-26-359aed10da3a64061752e7a43dbe7a3ef55255c0-516695.jpg","https:\/\/s3gw.at.shab.cloud\/production\/houses\/photos\/2022\/11\/7\/19\/74642\/house-74642-2022-11-07-08-31-30-359aed10da3a64061752e7a43dbe7a3ef55255c0-343734.jpg","https:\/\/s3gw.at.shab.cloud\/production\/houses\/photos\/2022\/11\/7\/19\/74642\/house-74642-2022-11-07-08-31-32-359aed10da3a64061752e7a43dbe7a3ef55255c0-40868.jpg","https:\/\/s3gw.at.shab.cloud\/production\/houses\/photos\/2022\/11\/7\/19\/74642\/house-74642-2022-11-07-08-31-28-359aed10da3a64061752e7a43dbe7a3ef55255c0-361557.jpg"],"capacity_min":3,"capacity_max":4,"pool":0,"parking":1,"wifi":0,"kitchen":1,"western_toilet":1,"iranian_toilet":1,"bathroom":1,"heating":1,"cooling":0,"jacuzzi":0,"television":1,"furniture":1,"breakfast":0}
