{"id":27028,"title":"اقامتگاه بومگردی یادگار دوست","url":"https:\/\/www.shab.ir\/houses\/show\/27028","source":"shab","address":"تنکابن, روستای سیاورز,","price":1200000,"area":100,"rating":4.81,"image_links":["https:\/\/s3gw.at.shab.cloud\/production\/houses\/photos\/2019\/7\/13\/18\/27028\/house-27028-2019-07-13-06-44-22-0fd0bcfb44f83e7d5ac7a8922578276b9af48746.jpg","https:\/\/s3gw.at.shab.cloud\/production\/houses\/photos\/2019\/7\/13\/18\/27028\/house-27028-2019-07-13-06-44-27-0fd0bcfb44f83e7d5ac7a8922578276b9af48746.jpg","https:\/\/s3gw.at.shab.cloud\/production\/houses\/photos\/2019\/7\/13\/18\/27028\/house-27028-2019-07-13-06-44-31-0fd0bcfb44f83e7d5ac7a8922578276b9af48746.jpg","https:\/\/s3gw.at.shab.cloud\/production\/houses\/photos\/2019\/7\/13\/18\/27028\/house-27028-2019-07-13-06-44-40-0fd0bcfb44f83e7d5ac7a8922578276b9af48746.jpg","https:\/\/s3gw.at.shab.cloud\/production\/houses\/photos\/2019\/7\/13\/18\/27028\/house-27028-2019-07-13-06-44-43-0fd0bcfb44f83e7d5ac7a8922578276b9af48746.jpg","https:\/\/s3gw.at.shab.cloud\/production\/houses\/photos\/2019\/7\/13\/18\/27028\/house-27028-2019-07-13-06-44-49-0fd0bcfb44f83e7d5ac7a8922578276b9af48746.jpg","https:\/\/s3gw.at.shab.cloud\/production\/houses\/photos\/2019\/7\/13\/18\/27028\/house-27028-2019-07-13-06-44-55-0fd0bcfb44f83e7d5ac7a8922578276b9af48746.jpg","https:\/\/s3gw.at.shab.cloud\/production\/houses\/photos\/2019\/7\/13\/18\/27028\/house-27028-2019-07-13-06-44-58-0fd0bcfb44f83e7d5ac7a8922578276b9af48746.jpg","https:\/\/s3gw.at.shab.cloud\/production\/houses\/photos\/2019\/7\/13\/18\/27028\/house-27028-2019-07-13-06-45-03-0fd0bcfb44f83e7d5ac7a8922578276b9af48746.jpg","https:\/\/s3gw.at.shab.cloud\/production\/houses\/photos\/2019\/7\/13\/18\/27028\/house-27028-2019-07-13-06-45-05-0fd0bcfb44f83e7d5ac7a8922578276b9af48746.jpg","https:\/\/s3gw.at.shab.cloud\/production\/houses\/photos\/2019\/7\/13\/18\/27028\/house-27028-2019-07-13-06-45-10-0fd0bcfb44f83e7d5ac7a8922578276b9af48746.jpg","https:\/\/s3gw.at.shab.cloud\/production\/houses\/photos\/2019\/7\/13\/18\/27028\/house-27028-2019-07-13-06-45-13-0fd0bcfb44f83e7d5ac7a8922578276b9af48746.jpg","https:\/\/s3gw.at.shab.cloud\/production\/houses\/photos\/2019\/7\/13\/18\/27028\/house-27028-2019-07-13-06-45-16-0fd0bcfb44f83e7d5ac7a8922578276b9af48746.jpg"],"capacity_min":2,"capacity_max":5,"pool":0,"parking":0,"wifi":0,"kitchen":1,"western_toilet":1,"iranian_toilet":1,"bathroom":1,"heating":1,"cooling":1,"jacuzzi":0,"television":0,"furniture":0,"breakfast":1}
{"id":54871,"title":"بومگردی نارنجستان شهسوار اتاق ترنج","url":"https:\/\/www.shab.ir\/houses\/show\/54871","source":"shab","address":"تنکابن, تشگون,","price":1200000,"area":20,"rating":4.92,"image_links":["https:\/\/s3gw.at.shab.cloud\/production\/houses\/photos\/2021\/9\/27\/13\/54871\/house-54871-2021-09-30-04-19-20-0fd0bcfb44f83e7d5ac7a8922578276b9af48746.jpg","https:\/\/s3gw.at.shab.cloud\/production\/houses\/photos\/2021\/9\/27\/13\/54871\/house-54871-2021-09-30-04-19-24-0fd0bcfb44f83e7d5ac7a8922578276b9af48746.jpg","https:\/\/s3gw.at.shab.cloud\/production\/houses\/photos\/2021\/9\/27\/13\/54871\/house-54871-2021-09-30-04-19-27-0fd0bcfb44f83e7d5ac7a8922578276b9af48746.jpg","https:\/\/s3gw.at.shab.cloud\/production\/houses\/photos\/2021\/9\/27\/13\/54871\/house-54871-2021-09-30-04-19-33-0fd0bcfb44f83e7d5ac7a8922578276b9af48746.jpg","https:\/\/s3gw.at.shab.cloud\/production\/houses\/photos\/2021\/9\/27\/13\/54871\/house-54871-2021-09-30-04-19-43-0fd0bcfb44f83e7d5ac7a8922578276b9af48746.jpg","https:\/\/s3gw.at.shab.cloud\/production\/houses\/photos\/2021\/9\/27\/13\/54871\/house-54871-2021-09-30-04-19-46-0fd0bcfb44f83e7d5ac7a8922578276b9af48746.jpg","https:\/\/s3gw.at.shab.cloud\/production\/houses\/photos\/2021\/9\/27\/13\/54871\/house-54871-2021-09-30-04-19-48-0fd0bcfb44f83e7d5ac7a8922578276b9af48746.jpg","https:\/\/s3gw.at.shab.cloud\/production\/houses\/photos\/2021\/9\/27\/13\/54871\/house-54871-2025-02-04-03-36-01-59e4b995dcd85ff3aae9c772d22d90573da9f044-285956.jpg","https:\/\/s3gw.at.shab.cloud\/production\/houses\/photos\/2021\/9\/27\/13\/54871\/house-54871-2025-02-04-03-36-01-4024c4bbac43c99f527203a58e241a153e63fda6-731301.jpg","https:\/\/s3gw.at.shab.cloud\/production\/houses\/photos\/2021\/9\/27\/13\/54871\/house-54871-2025-02-04-03-36-02-b153de6960a20c1cb38ea8f31bb4f63681e93a77-933678.jpg","https:\/\/s3gw.at.shab.cloud\/production\/houses\/photos\/2021\/9\/27\/13\/54871\/house-54871-2025-02-04-03-36-02-7042bd8d6452127e81759320214ccf75a4e0c7e8-675493.jpg","https:\/\/s3gw.at.shab.cloud\/production\/houses\/photos\/2021\/9\/27\/13\/54871\/house-54871-2025-02-04-03-36-02-f91c61cc2a4ad3babe29a7042d9d130e01a2711f-877369.jpg","https:\/\/s3gw.at.shab.cloud\/production\/houses\/photos\/2021\/9\/27\/13\/54871\/house-54871-2025-02-04-03-36-04-db6cfcf431f7026f6d417311f9081a6bd4e9ce70-542017.jpg","https:\/\/s3gw.at.shab.cloud\/production\/houses\/photos\/2021\/9\/27\/13\/54871\/house-54871-2025-02-04-03-36-05-efc4392496ce86e4e63e02becc190334f4ef67c9-168277.jpg","https:\/\/s3gw.at.shab.cloud\/production\/houses\/photos\/2021\/9\/27\/13\/54871\/house-54871-2025-02-04-03-36-12-90e476db751395be426d8284e3c2fbc40819b51b-875423.jpg"],"capacity_min":2,"capacity_max":4,"pool":0,"parking":1,"wifi":0,"kitchen":1,"western_toilet":1,"iranian_toilet":1,"bathroom":1,"heating":1,"cooling":1,"jacuzzi":0,"television":0,"furniture":1,"breakfast":1}
{"id":54870,"title":"بومگردی نارنجستان شهسوار اتاق کلبه","url":"https:\/\/www.shab.ir\/houses\/show\/54870","source":"shab","address":"تنکابن, تشگون,","price":2500000,"area":30,"rating":4.88,"image_links":["https:\/\/s3gw.at.shab.cloud\/production\/houses\/photos\/2021\/9\/27\/12\/54870\/house-54870-2021-09-27-12-44-11-0fd0bcfb44f83e7d5ac7a8922578276b9af48746.jpg","https:\/\/s3gw.at.shab.cloud\/production\/houses\/photos\/2021\/9\/27\/12\/54870\/house-54870-2021-09-30-03-44-33-0fd0bcfb44f83e7d5ac7a8922578276b9af48746.jpg","https:\/\/s3gw.at.shab.cloud\/production\/houses\/photos\/2021\/9\/27\/12\/54870\/house-54870-2025-02-04-03-30-28-936b70b57f08acf5d35bb52879b82e66a1c637ac-153292.jpg","https:\/\/s3gw.at.shab.cloud\/production\/houses\/photos\/2021\/9\/27\/12\/54870\/house-54870-2025-02-04-03-30-28-01ac467680d2e6f347ede8e39d529e06fbcdd198-306643.jpg","https:\/\/s3gw.at.shab.cloud\/production\/houses\/photos\/2021\/9\/27\/12\/54870\/house-54870-2025-02-04-03-30-29-75f59b507f7806c073f1614174ffcc1d917fd549-988466.jpg","https:\/\/s3gw.at.shab.cloud\/production\/houses\/photos\/2021\/9\/27\/12\/54870\/house-54870-2025-02-04-03-30-29-089a8f1932d9378b737af7d184e2779107791422-552767.jpg","https:\/\/s3gw.at.shab.cloud\/production\/houses\/photos\/2021\/9\/27\/12\/54870\/house-54870-2025-02-04-03-30-30-16c7d34c822d7fdec95376c4a954996d5a9a83ca-405586.jpg","https:\/\/s3gw.at.shab.cloud\/production\/houses\/photos\/2021\/9\/27\/12\/54870\/house-54870-2025-02-04-03-30-30-233b73ff09eb2efec5ae44ee17b69cf27d9c6dfa-7581.jpg","https:\/\/s3gw.at.shab.cloud\/production\/houses\/photos\/2021\/9\/27\/12\/54870\/house-54870-2021-09-30-03-44-29-0fd0bcfb44f83e7d5ac7a8922578276b9af48746.jpg","https:\/\/s3gw.at.shab.cloud\/production\/houses\/photos\/2021\/9\/27\/12\/54870\/house-54870-2021-09-30-03-44-17-0fd0bcfb44f83e7d5ac7a8922578276b9af48746.jpg","https:\/\/s3gw.at.shab.cloud\/production\/houses\/photos\/2021\/9\/27\/12\/54870\/house-54870-2021-09-30-03-44-27-0fd0bcfb44f83e7d5ac7a8922578276b9af48746.jpg","https:\/\/s3gw.at.shab.cloud\/production\/houses\/photos\/2021\/9\/27\/12\/54870\/house-54870-2021-09-30-03-44-23-0fd0bcfb44f83e7d5ac7a8922578276b9af48746.jpg","https:\/\/s3gw.at.shab.cloud\/production\/houses\/photos\/2021\/9\/27\/12\/54870\/house-54870-2021-09-30-03-44-39-0fd0bcfb44f83e7d5ac7a8922578276b9af48746.jpg","https:\/\/s3gw.at.shab.cloud\/production\/houses\/photos\/2021\/9\/27\/12\/54870\/house-54870-2021-09-30-03-44-41-0fd0bcfb44f83e7d5ac7a8922578276b9af48746.jpg","https:\/\/s3gw.at.shab.cloud\/production\/houses\/photos\/2021\/9\/27\/12\/54870\/house-54870-2021-09-30-03-44-45-0fd0bcfb44f83e7d5ac7a8922578276b9af48746.jpg"],"capacity_min":3,"capacity_max":6,"pool":0,"parking":1,"wifi":0,"kitchen":1,"western_toilet":1,"iranian_toilet":1,"bathroom":1,"heating":1,"cooling":1,"jacuzzi":0,"television":0,"furniture":1,"breakfast":1}
{"id":54868,"title":"بومگردی نارنجستان شهسوار اتاق ماتیسا","url":"https:\/\/www.shab.ir\/houses\/show\/54868","source":"shab","address":"تنکابن, تشگون,","price":2500000,"area":40,"rating":4.84,"image_links":["https:\/\/s3gw.at.shab.cloud\/production\/houses\/photos\/2021\/9\/27\/12\/54868\/house-54868-2021-09-27-12-35-37-0fd0bcfb44f83e7d5ac7a8922578276b9af48746.jpg","https:\/\/s3gw.at.shab.cloud\/production\/houses\/photos\/2021\/9\/27\/12\/54868\/house-54868-2021-09-27-12-35-51-0fd0bcfb44f83e7d5ac7a8922578276b9af48746.jpg","https:\/\/s3gw.at.shab.cloud\/production\/houses\/photos\/2021\/9\/27\/12\/54868\/house-54868-2021-09-27-12-36-10-0fd0bcfb44f83e7d5ac7a8922578276b9af48746.jpg","https:\/\/s3gw.at.shab.cloud\/production\/houses\/photos\/2021\/9\/27\/12\/54868\/house-54868-2021-09-30-04-11-15-0fd0bcfb44f83e7d5ac7a8922578276b9af48746.jpg","https:\/\/s3gw.at.shab.cloud\/production\/houses\/photos\/2021\/9\/27\/12\/54868\/house-54868-2021-09-30-04-11-19-0fd0bcfb44f83e7d5ac7a8922578276b9af48746.jpg","https:\/\/s3gw.at.shab.cloud\/production\/houses\/photos\/2021\/9\/27\/12\/54868\/house-54868-2021-09-30-04-11-24-0fd0bcfb44f83e7d5ac7a8922578276b9af48746.jpg","https:\/\/s3gw.at.shab.cloud\/production\/houses\/photos\/2021\/9\/27\/12\/54868\/house-54868-2021-09-30-04-11-29-0fd0bcfb44f83e7d5ac7a8922578276b9af48746.jpg","https:\/\/s3gw.at.shab.cloud\/production\/houses\/photos\/2021\/9\/27\/12\/54868\/house-54868-2021-09-30-04-11-35-0fd0bcfb44f83e7d5ac7a8922578276b9af48746.jpg","https:\/\/s3gw.at.shab.cloud\/production\/houses\/photos\/2021\/9\/27\/12\/54868\/house-54868-2021-09-30-04-11-39-0fd0bcfb44f83e7d5ac7a8922578276b9af48746.jpg","https:\/\/s3gw.at.shab.cloud\/production\/houses\/photos\/2021\/9\/27\/12\/54868\/house-54868-2021-09-30-04-11-42-0fd0bcfb44f83e7d5ac7a8922578276b9af48746.jpg","https:\/\/s3gw.at.shab.cloud\/production\/houses\/photos\/2021\/9\/27\/12\/54868\/house-54868-2025-02-04-03-32-54-7042bd8d6452127e81759320214ccf75a4e0c7e8-612191.jpg","https:\/\/s3gw.at.shab.cloud\/production\/houses\/photos\/2021\/9\/27\/12\/54868\/house-54868-2025-02-04-03-32-56-da7ada4e354c3a690f00da3211db994bc7a4659b-514085.jpg","https:\/\/s3gw.at.shab.cloud\/production\/houses\/photos\/2021\/9\/27\/12\/54868\/house-54868-2025-02-04-03-32-56-f91c61cc2a4ad3babe29a7042d9d130e01a2711f-36787.jpg","https:\/\/s3gw.at.shab.cloud\/production\/houses\/photos\/2021\/9\/27\/12\/54868\/house-54868-2025-02-04-03-32-56-818a650e974b2d64e8f8d74353e541f4c3b63260-105958.jpg","https:\/\/s3gw.at.shab.cloud\/production\/houses\/photos\/2021\/9\/27\/12\/54868\/house-54868-2025-02-04-03-32-56-2753dcac4e990978ea79fe35f3edf3314ce44ecc-618782.jpg","https:\/\/s3gw.at.shab.cloud\/production\/houses\/photos\/2021\/9\/27\/12\/54868\/house-54868-2025-02-04-03-32-57-e0db20ead641db340ec1c1f0cddbff7bf3a24185-449243.jpg","https:\/\/s3gw.at.shab.cloud\/production\/houses\/photos\/2021\/9\/27\/12\/54868\/house-54868-2025-02-04-03-32-57-f3b91690c2bd67657a22489d4acb80e54aa41f0c-922472.jpg","https:\/\/s3gw.at.shab.cloud\/production\/houses\/photos\/2021\/9\/27\/12\/54868\/house-54868-2025-02-04-03-32-57-3e911ed92f2877479d73da41a680b42d621fcd99-406350.jpg","https:\/\/s3gw.at.shab.cloud\/production\/houses\/photos\/2021\/9\/27\/12\/54868\/house-54868-2025-02-04-03-32-58-b3eaf2f79dfc61ef27829b3648b8ac4cc84bfc7f-444060.jpg","https:\/\/s3gw.at.shab.cloud\/production\/houses\/photos\/2021\/9\/27\/12\/54868\/house-54868-2025-02-04-03-32-59-2b726c33b21b1d9f6d4f10354b2016c44e16aead-550525.jpg","https:\/\/s3gw.at.shab.cloud\/production\/houses\/photos\/2021\/9\/27\/12\/54868\/house-54868-2025-02-04-03-32-59-24626ec7fbe6dc424b469b1e71c36f88bbc98fe9-331205.jpg","https:\/\/s3gw.at.shab.cloud\/production\/houses\/photos\/2021\/9\/27\/12\/54868\/house-54868-2025-02-04-03-33-00-7fa361a48aa8ae629925b599f0bbd9f6600ffc5c-481174.jpg"],"capacity_min":4,"capacity_max":8,"pool":0,"parking":1,"wifi":0,"kitchen":1,"western_toilet":1,"iranian_toilet":1,"bathroom":1,"heating":1,"cooling":1,"jacuzzi":0,"television":0,"furniture":1,"breakfast":1}
