{"id":111899,"title":"سوییت دو خوابه با ویوی بی نظیر در اورامان تخت","url":"https:\/\/www.shab.ir\/houses\/show\/111899","source":"shab","address":"مریوان, اورامان تخت,","price":1900000,"area":120,"rating":4.55,"image_links":["https:\/\/s3gw.at.shab.cloud\/production\/houses\/photos\/2024\/3\/24\/14\/111899\/house-111899-2024-03-24-05-25-37-7efdb0ea07fad459501ce3354f82e273c997caf8-822347.jpg","https:\/\/s3gw.at.shab.cloud\/production\/houses\/photos\/2024\/3\/24\/14\/111899\/house-111899-2024-03-24-05-25-38-5ff3ffeb66cdba223e991e52e3da812f84a3366d-291796.jpg","https:\/\/s3gw.at.shab.cloud\/production\/houses\/photos\/2024\/3\/24\/14\/111899\/house-111899-2024-03-24-05-25-40-a2d0aa9250e674f00cc20db34919116dc43f12e1-404832.jpg","https:\/\/s3gw.at.shab.cloud\/production\/houses\/photos\/2024\/3\/24\/14\/111899\/house-111899-2024-03-24-05-25-41-96cc989905587fe14ed9c815f5065bc34a9b62cd-529514.jpg","https:\/\/s3gw.at.shab.cloud\/production\/houses\/photos\/2024\/3\/24\/14\/111899\/house-111899-2024-03-24-05-25-42-edf19dc431ce107e8dce21fb86445dcff3d053b0-670051.jpg","https:\/\/s3gw.at.shab.cloud\/production\/houses\/photos\/2024\/3\/24\/14\/111899\/house-111899-2024-03-24-05-25-43-8ac7bf9aca07f8ab6d3fbba45923065e0edd03ba-488461.jpg","https:\/\/s3gw.at.shab.cloud\/production\/houses\/photos\/2024\/3\/24\/14\/111899\/house-111899-2024-03-24-05-25-44-f96eab28c8a56fbabddef6c1194d3bb7040fa075-481906.jpg","https:\/\/s3gw.at.shab.cloud\/production\/houses\/photos\/2024\/3\/24\/14\/111899\/house-111899-2024-03-24-05-25-45-3d6420022253779aa82def8440e7c1667fe7edb9-799967.jpg","https:\/\/s3gw.at.shab.cloud\/production\/houses\/photos\/2024\/3\/24\/14\/111899\/house-111899-2024-03-24-05-25-46-2b40fefad338a39ddfb3976fefc0d3c077c20542-649627.jpg","https:\/\/s3gw.at.shab.cloud\/production\/houses\/photos\/2024\/3\/24\/14\/111899\/house-111899-2024-03-24-05-25-47-c7cb81fa5b0a635bb4ee7087bd91671299abad35-690793.jpg","https:\/\/s3gw.at.shab.cloud\/production\/houses\/photos\/2024\/3\/24\/14\/111899\/house-111899-2024-03-24-05-25-48-c2ad9e31f3287152761037c60cdd6d72c9c37f04-315771.jpg","https:\/\/s3gw.at.shab.cloud\/production\/houses\/photos\/2024\/3\/24\/14\/111899\/house-111899-2024-03-24-05-25-49-159225f1dd68a0ff9ac323cf5bb8870e929d368f-508840.jpg","https:\/\/s3gw.at.shab.cloud\/production\/houses\/photos\/2024\/3\/24\/14\/111899\/house-111899-2024-03-24-05-25-50-9983e3085fdcfa55d8927d9bd16fe2afc051c4cf-49834.jpg","https:\/\/s3gw.at.shab.cloud\/production\/houses\/photos\/2024\/3\/24\/14\/111899\/house-111899-2024-03-24-05-25-51-323c51e873fcbc27fca43de7936d223bb6a40a48-507654.jpg","https:\/\/s3gw.at.shab.cloud\/production\/houses\/photos\/2024\/3\/24\/14\/111899\/house-111899-2024-03-24-05-25-52-519467d254a60775de4d5c894e10672d84c5b2a9-790174.jpg","https:\/\/s3gw.at.shab.cloud\/production\/houses\/photos\/2024\/3\/24\/14\/111899\/house-111899-2024-03-24-05-25-53-8d69db6e14215b398c9c328a3197d4acaeedec9e-203357.jpg","https:\/\/s3gw.at.shab.cloud\/production\/houses\/photos\/2024\/3\/24\/14\/111899\/house-111899-2024-03-24-05-25-54-482da87f3cef068f532a5496f73ecf13d3c300dc-775058.jpg"],"capacity_min":8,"capacity_max":18,"pool":0,"parking":0,"wifi":0,"kitchen":1,"western_toilet":0,"iranian_toilet":1,"bathroom":1,"heating":1,"cooling":1,"jacuzzi":0,"television":1,"furniture":0,"breakfast":0}
