{"id":34073,"title":"بومگردیعمارت بانو اتاق سهدری صبحانه و پارکینگ","url":"https:\/\/www.shab.ir\/houses\/show\/34073","source":"shab","address":"یزد, شهر یزد,","price":5000000,"area":50,"rating":4.91,"image_links":["https:\/\/s3gw.at.shab.cloud\/production\/houses\/photos\/2019\/10\/17\/14\/34073\/house-34073-2024-05-11-04-13-13-d8e04588dea0876f402507cc898d60eef4538c63-914911.jpg","https:\/\/s3gw.at.shab.cloud\/production\/houses\/photos\/2019\/10\/17\/14\/34073\/house-34073-2024-02-04-12-41-57-359aed10da3a64061752e7a43dbe7a3ef55255c0-62596.jpg","https:\/\/s3gw.at.shab.cloud\/production\/houses\/photos\/2019\/10\/17\/14\/34073\/house-34073-2023-10-21-10-04-52-897a7c6ddf1f27157aebee39e0317289dc5219da-950070.jpg","https:\/\/s3gw.at.shab.cloud\/production\/houses\/photos\/2019\/10\/17\/14\/34073\/house-34073-2023-10-21-10-04-55-fe39b36597a436dd50eb79ae5464be73fa24c94b-227849.jpg","https:\/\/s3gw.at.shab.cloud\/production\/houses\/photos\/2019\/10\/17\/14\/34073\/house-34073-2019-10-17-02-14-18-0fd0bcfb44f83e7d5ac7a8922578276b9af48746.jpg","https:\/\/s3gw.at.shab.cloud\/production\/houses\/photos\/2019\/10\/17\/14\/34073\/house-34073-2023-10-21-10-04-53-a0cd818575255bf69af10392ac7eafd128d5b6f3-132383.jpg","https:\/\/s3gw.at.shab.cloud\/production\/houses\/photos\/2019\/10\/17\/14\/34073\/house-34073-2019-10-17-02-13-58-0fd0bcfb44f83e7d5ac7a8922578276b9af48746.jpg","https:\/\/s3gw.at.shab.cloud\/production\/houses\/photos\/2019\/10\/17\/14\/34073\/house-34073-2024-02-28-03-04-16-561a7d903ff7cd9bcbbe212dcb5a691b0d3a5cf0-67273.jpg","https:\/\/s3gw.at.shab.cloud\/production\/houses\/photos\/2019\/10\/17\/14\/34073\/house-34073-2019-10-17-02-13-43-0fd0bcfb44f83e7d5ac7a8922578276b9af48746.jpg","https:\/\/s3gw.at.shab.cloud\/production\/houses\/photos\/2019\/10\/17\/14\/34073\/house-34073-2023-10-21-10-04-53-8ee3b924bbfd4e3d47eef73399007fa5c12fc120-525768.jpg","https:\/\/s3gw.at.shab.cloud\/production\/houses\/photos\/2019\/10\/17\/14\/34073\/house-34073-2023-10-21-10-04-54-e1bdc477ad5d3489d8bac362ad8f0488b4ccb30b-419337.jpg","https:\/\/s3gw.at.shab.cloud\/production\/houses\/photos\/2019\/10\/17\/14\/34073\/house-34073-2023-10-21-10-04-54-85baf537dc4b9744e43243ec5909709f304aa8ca-962913.jpg","https:\/\/s3gw.at.shab.cloud\/production\/houses\/photos\/2019\/10\/17\/14\/34073\/house-34073-2019-10-17-02-13-03-0fd0bcfb44f83e7d5ac7a8922578276b9af48746.jpg","https:\/\/s3gw.at.shab.cloud\/production\/houses\/photos\/2019\/10\/17\/14\/34073\/house-34073-2023-10-21-10-04-56-77e7825d20e8fb428fefbbd4d04b0ac40d4c8abe-786256.jpg","https:\/\/s3gw.at.shab.cloud\/production\/houses\/photos\/2019\/10\/17\/14\/34073\/house-34073-2023-10-21-10-04-55-843db641f7a98fa150d31d5cda3f38ed4dca7d67-28549.jpg","https:\/\/s3gw.at.shab.cloud\/production\/houses\/photos\/2019\/10\/17\/14\/34073\/house-34073-2019-10-17-02-13-21-0fd0bcfb44f83e7d5ac7a8922578276b9af48746.jpg","https:\/\/s3gw.at.shab.cloud\/production\/houses\/photos\/2019\/10\/17\/14\/34073\/house-34073-2019-10-17-02-13-59-0fd0bcfb44f83e7d5ac7a8922578276b9af48746.jpg","https:\/\/s3gw.at.shab.cloud\/production\/houses\/photos\/2019\/10\/17\/14\/34073\/house-34073-2019-10-17-02-13-33-0fd0bcfb44f83e7d5ac7a8922578276b9af48746.jpg","https:\/\/s3gw.at.shab.cloud\/production\/houses\/photos\/2019\/10\/17\/14\/34073\/house-34073-2019-10-17-02-13-48-0fd0bcfb44f83e7d5ac7a8922578276b9af48746.jpg","https:\/\/s3gw.at.shab.cloud\/production\/houses\/photos\/2019\/10\/17\/14\/34073\/house-34073-2019-10-17-02-13-26-0fd0bcfb44f83e7d5ac7a8922578276b9af48746.jpg","https:\/\/s3gw.at.shab.cloud\/production\/houses\/photos\/2019\/10\/17\/14\/34073\/house-34073-2019-10-17-02-13-38-0fd0bcfb44f83e7d5ac7a8922578276b9af48746.jpg","https:\/\/s3gw.at.shab.cloud\/production\/houses\/photos\/2019\/10\/17\/14\/34073\/house-34073-2023-10-03-08-43-29-8a67cc7e5fa8144ea6385fb0db5c5dd4e8966ebc-45732.jpg","https:\/\/s3gw.at.shab.cloud\/production\/houses\/photos\/2019\/10\/17\/14\/34073\/house-34073-2019-10-17-02-14-15-0fd0bcfb44f83e7d5ac7a8922578276b9af48746.jpg","https:\/\/s3gw.at.shab.cloud\/production\/houses\/photos\/2019\/10\/17\/14\/34073\/house-34073-2023-10-21-10-04-56-29f0f724b9bbd82f40facf8fc301a82181d27c91-164850.jpg","https:\/\/s3gw.at.shab.cloud\/production\/houses\/photos\/2019\/10\/17\/14\/34073\/house-34073-2023-10-21-10-04-57-f66bd03aa548b5d22f32f3b1ac1f9ee50f4080e6-889767.jpg","https:\/\/s3gw.at.shab.cloud\/production\/houses\/photos\/2019\/10\/17\/14\/34073\/house-34073-2023-10-21-10-04-58-6583974a2f91d333f28167008383ffe974c3a093-995505.jpg","https:\/\/s3gw.at.shab.cloud\/production\/houses\/photos\/2019\/10\/17\/14\/34073\/house-34073-2021-11-09-10-12-58-0fd0bcfb44f83e7d5ac7a8922578276b9af48746.jpg","https:\/\/s3gw.at.shab.cloud\/production\/houses\/photos\/2019\/10\/17\/14\/34073\/house-34073-2021-11-09-10-03-23-0fd0bcfb44f83e7d5ac7a8922578276b9af48746.jpg","https:\/\/s3gw.at.shab.cloud\/production\/houses\/photos\/2019\/10\/17\/14\/34073\/house-34073-2021-11-09-10-11-44-0fd0bcfb44f83e7d5ac7a8922578276b9af48746.jpg"],"capacity_min":8,"capacity_max":10,"pool":0,"parking":1,"wifi":0,"kitchen":1,"western_toilet":1,"iranian_toilet":0,"bathroom":1,"heating":1,"cooling":1,"jacuzzi":0,"television":1,"furniture":0,"breakfast":1}
{"id":34068,"title":"اقامتگاه بومگردی عمارت بانو اتاق پهنا پارکینگ دار","url":"https:\/\/www.shab.ir\/houses\/show\/34068","source":"shab","address":"یزد, شهر یزد,","price":2500000,"area":14,"rating":4.8,"image_links":["https:\/\/s3gw.at.shab.cloud\/production\/houses\/photos\/2019\/10\/17\/13\/34068\/house-34068-2024-05-17-04-52-30-41251900d862a70260c0e5f3715f9c58c7c396b9-621277.jpg","https:\/\/s3gw.at.shab.cloud\/production\/houses\/photos\/2019\/10\/17\/13\/34068\/house-34068-2024-05-10-04-41-01-8b039904c8f3f9294e960ff5958637871054fab9-544608.jpg","https:\/\/s3gw.at.shab.cloud\/production\/houses\/photos\/2019\/10\/17\/13\/34068\/house-34068-2024-05-10-04-41-02-b2cc3bcaa9f1d0bab7ca0c39148b9306e33e8cbb-930223.jpg","https:\/\/s3gw.at.shab.cloud\/production\/houses\/photos\/2019\/10\/17\/13\/34068\/house-34068-2024-05-10-04-41-02-c0521432a771e8722937d3797fc7786d27fc3ce8-583144.jpg","https:\/\/s3gw.at.shab.cloud\/production\/houses\/photos\/2019\/10\/17\/13\/34068\/house-34068-2024-05-10-04-41-05-21ce606983de22f086cd0850dbac7c649d59ea80-845393.jpg","https:\/\/s3gw.at.shab.cloud\/production\/houses\/photos\/2019\/10\/17\/13\/34068\/house-34068-2024-05-10-04-41-04-c94e6a0356c18f50aba023e621c73c81ad6f2413-213434.jpg","https:\/\/s3gw.at.shab.cloud\/production\/houses\/photos\/2019\/10\/17\/13\/34068\/house-34068-2024-05-10-04-41-04-78b2ab5026b1898e0785abf7e566be4082c00c65-566695.jpg","https:\/\/s3gw.at.shab.cloud\/production\/houses\/photos\/2019\/10\/17\/13\/34068\/house-34068-2019-10-17-01-27-44-0fd0bcfb44f83e7d5ac7a8922578276b9af48746.jpg","https:\/\/s3gw.at.shab.cloud\/production\/houses\/photos\/2019\/10\/17\/13\/34068\/house-34068-2019-10-17-01-26-44-0fd0bcfb44f83e7d5ac7a8922578276b9af48746.jpg","https:\/\/s3gw.at.shab.cloud\/production\/houses\/photos\/2019\/10\/17\/13\/34068\/house-34068-2024-02-28-03-05-27-561a7d903ff7cd9bcbbe212dcb5a691b0d3a5cf0-375204.jpg","https:\/\/s3gw.at.shab.cloud\/production\/houses\/photos\/2019\/10\/17\/13\/34068\/house-34068-2019-10-17-02-37-36-0fd0bcfb44f83e7d5ac7a8922578276b9af48746.jpg","https:\/\/s3gw.at.shab.cloud\/production\/houses\/photos\/2019\/10\/17\/13\/34068\/house-34068-2019-10-17-01-31-10-0fd0bcfb44f83e7d5ac7a8922578276b9af48746.jpg","https:\/\/s3gw.at.shab.cloud\/production\/houses\/photos\/2019\/10\/17\/13\/34068\/house-34068-2019-10-17-01-31-31-0fd0bcfb44f83e7d5ac7a8922578276b9af48746.jpg","https:\/\/s3gw.at.shab.cloud\/production\/houses\/photos\/2019\/10\/17\/13\/34068\/house-34068-2021-01-23-04-34-05-0fd0bcfb44f83e7d5ac7a8922578276b9af48746.jpg","https:\/\/s3gw.at.shab.cloud\/production\/houses\/photos\/2019\/10\/17\/13\/34068\/house-34068-2024-02-04-12-35-34-359aed10da3a64061752e7a43dbe7a3ef55255c0-954243.jpg","https:\/\/s3gw.at.shab.cloud\/production\/houses\/photos\/2019\/10\/17\/13\/34068\/house-34068-2019-10-17-01-26-59-0fd0bcfb44f83e7d5ac7a8922578276b9af48746.jpg"],"capacity_min":3,"capacity_max":4,"pool":0,"parking":1,"wifi":0,"kitchen":1,"western_toilet":1,"iranian_toilet":1,"bathroom":1,"heating":1,"cooling":1,"jacuzzi":0,"television":1,"furniture":0,"breakfast":1}
{"id":34072,"title":"اقامتگاه بومگردی عمارت بانو اتاق دلیزه پارکینگ دار","url":"https:\/\/www.shab.ir\/houses\/show\/34072","source":"shab","address":"یزد,","price":5000000,"area":60,"rating":4.84,"image_links":["https:\/\/s3gw.at.shab.cloud\/production\/houses\/photos\/2019\/10\/17\/14\/34072\/house-34072-2024-05-11-10-10-52-2ab4d7f2d35ab19ba69bec8c6dcc321db3056d36-83211.jpg","https:\/\/s3gw.at.shab.cloud\/production\/houses\/photos\/2019\/10\/17\/14\/34072\/house-34072-2024-02-04-12-57-01-f24530ada1a50a5f7b211c630019cd6b52163cbb-852972.jpg","https:\/\/s3gw.at.shab.cloud\/production\/houses\/photos\/2019\/10\/17\/14\/34072\/house-34072-2022-03-08-09-50-40-0e76292794888d4f1fa75fb3aff4ca27c58f56a6.jpg","https:\/\/s3gw.at.shab.cloud\/production\/houses\/photos\/2019\/10\/17\/14\/34072\/house-34072-2023-10-03-08-50-17-359aed10da3a64061752e7a43dbe7a3ef55255c0-534187.jpg","https:\/\/s3gw.at.shab.cloud\/production\/houses\/photos\/2019\/10\/17\/14\/34072\/house-34072-2022-03-08-09-50-10-0e76292794888d4f1fa75fb3aff4ca27c58f56a6.jpg","https:\/\/s3gw.at.shab.cloud\/production\/houses\/photos\/2019\/10\/17\/14\/34072\/house-34072-2022-03-08-09-50-58-0e76292794888d4f1fa75fb3aff4ca27c58f56a6.jpg","https:\/\/s3gw.at.shab.cloud\/production\/houses\/photos\/2019\/10\/17\/14\/34072\/house-34072-2024-02-28-03-01-52-561a7d903ff7cd9bcbbe212dcb5a691b0d3a5cf0-25581.jpg","https:\/\/s3gw.at.shab.cloud\/production\/houses\/photos\/2019\/10\/17\/14\/34072\/house-34072-2019-10-17-02-07-30-0fd0bcfb44f83e7d5ac7a8922578276b9af48746.jpg","https:\/\/s3gw.at.shab.cloud\/production\/houses\/photos\/2019\/10\/17\/14\/34072\/house-34072-2019-10-17-02-07-36-0fd0bcfb44f83e7d5ac7a8922578276b9af48746.jpg","https:\/\/s3gw.at.shab.cloud\/production\/houses\/photos\/2019\/10\/17\/14\/34072\/house-34072-2019-10-17-02-08-13-0fd0bcfb44f83e7d5ac7a8922578276b9af48746.jpg","https:\/\/s3gw.at.shab.cloud\/production\/houses\/photos\/2019\/10\/17\/14\/34072\/house-34072-2019-10-17-02-08-40-0fd0bcfb44f83e7d5ac7a8922578276b9af48746.jpg","https:\/\/s3gw.at.shab.cloud\/production\/houses\/photos\/2019\/10\/17\/14\/34072\/house-34072-2024-05-11-10-10-52-861c53765f9e4daacfa29bac532cb541301098d6-678171.jpg","https:\/\/s3gw.at.shab.cloud\/production\/houses\/photos\/2019\/10\/17\/14\/34072\/house-34072-2024-05-11-10-10-53-0e67a5d3fbf4735267b55345094ad8e36124e8ba-18328.jpg"],"capacity_min":8,"capacity_max":10,"pool":0,"parking":1,"wifi":0,"kitchen":1,"western_toilet":1,"iranian_toilet":1,"bathroom":1,"heating":1,"cooling":1,"jacuzzi":0,"television":1,"furniture":0,"breakfast":1}
{"id":34070,"title":"اقامتگاه بومگردی عمارت بانو اتاق کاهگلی پارکینگ دار","url":"https:\/\/www.shab.ir\/houses\/show\/34070","source":"shab","address":"یزد, شهر یزد,","price":2000000,"area":10,"rating":4.76,"image_links":["https:\/\/s3gw.at.shab.cloud\/production\/houses\/photos\/2019\/10\/17\/14\/34070\/house-34070-2024-05-11-03-51-29-3937e06a194dd0a02da0180d79a6f0525a5a8364-902933.jpg","https:\/\/s3gw.at.shab.cloud\/production\/houses\/photos\/2019\/10\/17\/14\/34070\/house-34070-2024-02-04-01-03-21-646ed6093e976976dd7b58cb4639d0cc98d06a21-119914.jpg","https:\/\/s3gw.at.shab.cloud\/production\/houses\/photos\/2019\/10\/17\/14\/34070\/house-34070-2019-10-17-02-00-32-0fd0bcfb44f83e7d5ac7a8922578276b9af48746.jpg","https:\/\/s3gw.at.shab.cloud\/production\/houses\/photos\/2019\/10\/17\/14\/34070\/house-34070-2019-10-17-02-00-23-0fd0bcfb44f83e7d5ac7a8922578276b9af48746.jpg","https:\/\/s3gw.at.shab.cloud\/production\/houses\/photos\/2019\/10\/17\/14\/34070\/house-34070-2019-10-17-02-00-30-0fd0bcfb44f83e7d5ac7a8922578276b9af48746.jpg","https:\/\/s3gw.at.shab.cloud\/production\/houses\/photos\/2019\/10\/17\/14\/34070\/house-34070-2019-10-17-02-01-30-0fd0bcfb44f83e7d5ac7a8922578276b9af48746.jpg","https:\/\/s3gw.at.shab.cloud\/production\/houses\/photos\/2019\/10\/17\/14\/34070\/house-34070-2024-02-28-03-00-26-561a7d903ff7cd9bcbbe212dcb5a691b0d3a5cf0-304093.jpg","https:\/\/s3gw.at.shab.cloud\/production\/houses\/photos\/2019\/10\/17\/14\/34070\/house-34070-2019-10-17-02-01-26-0fd0bcfb44f83e7d5ac7a8922578276b9af48746.jpg","https:\/\/s3gw.at.shab.cloud\/production\/houses\/photos\/2019\/10\/17\/14\/34070\/house-34070-2019-10-17-02-00-46-0fd0bcfb44f83e7d5ac7a8922578276b9af48746.jpg","https:\/\/s3gw.at.shab.cloud\/production\/houses\/photos\/2019\/10\/17\/14\/34070\/house-34070-2019-10-17-02-00-50-0fd0bcfb44f83e7d5ac7a8922578276b9af48746.jpg","https:\/\/s3gw.at.shab.cloud\/production\/houses\/photos\/2019\/10\/17\/14\/34070\/house-34070-2021-11-09-09-30-25-0fd0bcfb44f83e7d5ac7a8922578276b9af48746.jpg","https:\/\/s3gw.at.shab.cloud\/production\/houses\/photos\/2019\/10\/17\/14\/34070\/house-34070-2021-11-09-09-21-09-0fd0bcfb44f83e7d5ac7a8922578276b9af48746.jpg","https:\/\/s3gw.at.shab.cloud\/production\/houses\/photos\/2019\/10\/17\/14\/34070\/house-34070-2024-05-11-03-51-29-1f13db5eafdac24bdc59b9c5f31734219999ac4b-609152.jpg","https:\/\/s3gw.at.shab.cloud\/production\/houses\/photos\/2019\/10\/17\/14\/34070\/house-34070-2024-05-11-03-51-30-0e1b903861b586913ede327b398d83adc96448c8-356608.jpg","https:\/\/s3gw.at.shab.cloud\/production\/houses\/photos\/2019\/10\/17\/14\/34070\/house-34070-2024-05-11-03-51-30-749209f78f58a709d6f1544d4b65d273df029070-362788.jpg","https:\/\/s3gw.at.shab.cloud\/production\/houses\/photos\/2019\/10\/17\/14\/34070\/house-34070-2024-05-11-03-51-31-c070a07576ffca0cda4c28c5820c68fbcca835fa-171202.jpg","https:\/\/s3gw.at.shab.cloud\/production\/houses\/photos\/2019\/10\/17\/14\/34070\/house-34070-2024-05-11-03-51-31-71aa3b4aaa539cc2f6522debaa04a5be572666f7-286755.jpg","https:\/\/s3gw.at.shab.cloud\/production\/houses\/photos\/2019\/10\/17\/14\/34070\/house-34070-2024-05-11-03-51-32-47fb112e422cfc9b03a46a7c7002ebcf719fe4ba-596047.jpg"],"capacity_min":2,"capacity_max":2,"pool":0,"parking":1,"wifi":0,"kitchen":1,"western_toilet":1,"iranian_toilet":0,"bathroom":1,"heating":1,"cooling":1,"jacuzzi":0,"television":0,"furniture":0,"breakfast":1}
{"id":68077,"title":"هاستل خوابگاه مردانه زیرهمکف","url":"https:\/\/www.shab.ir\/houses\/show\/68077","source":"shab","address":"یزد, انقلاب,","price":330000,"area":70,"rating":4.59,"image_links":["https:\/\/s3gw.at.shab.cloud\/production\/houses\/photos\/2022\/7\/10\/17\/68077\/house-68077-2025-01-25-10-37-52-e44308ff8d3c935de19bbb777375b84d4791484f-726930.jpg","https:\/\/s3gw.at.shab.cloud\/production\/houses\/photos\/2022\/7\/10\/17\/68077\/house-68077-2025-01-25-10-37-50-947d9408da23e752c09108d05e87598d9c4679af-678765.jpg","https:\/\/s3gw.at.shab.cloud\/production\/houses\/photos\/2022\/7\/10\/17\/68077\/house-68077-2025-02-17-06-06-12-a5b9e679d8c4c1d9b6216c29a084610a032bf376-451963.jpg","https:\/\/s3gw.at.shab.cloud\/production\/houses\/photos\/2022\/7\/10\/17\/68077\/house-68077-2025-02-17-06-06-13-082926c830204ddd3ebb7a3784d53c1da0cee099-612575.jpg","https:\/\/s3gw.at.shab.cloud\/production\/houses\/photos\/2022\/7\/10\/17\/68077\/house-68077-2025-02-17-06-06-13-577f1ef37442919b6dd0488fd36c410b4f29abb1-219236.jpg","https:\/\/s3gw.at.shab.cloud\/production\/houses\/photos\/2022\/7\/10\/17\/68077\/house-68077-2025-02-17-06-06-13-96c21b3ee38ab23d7af41a067c0f91ad0bc93d7e-867318.jpg","https:\/\/s3gw.at.shab.cloud\/production\/houses\/photos\/2022\/7\/10\/17\/68077\/house-68077-2025-02-17-06-06-14-2d2841150801da87edca6baef5736417666350b1-42660.jpg","https:\/\/s3gw.at.shab.cloud\/production\/houses\/photos\/2022\/7\/10\/17\/68077\/house-68077-2025-02-17-06-06-15-d54297a858f1e99b73969ab2cacf1d81fdcc6388-420061.jpg","https:\/\/s3gw.at.shab.cloud\/production\/houses\/photos\/2022\/7\/10\/17\/68077\/house-68077-2025-02-17-06-06-15-2b3f6d32f382505c10973381e135ec2aa769dd90-166285.jpg","https:\/\/s3gw.at.shab.cloud\/production\/houses\/photos\/2022\/7\/10\/17\/68077\/house-68077-2025-02-17-06-06-17-1405ab15f8c31e55ecb48b6b3fc839206f119aa1-532111.jpg","https:\/\/s3gw.at.shab.cloud\/production\/houses\/photos\/2022\/7\/10\/17\/68077\/house-68077-2025-02-17-06-06-17-a0b7e79381485da81ae7c028fcb6493d6fc57936-469271.jpg","https:\/\/s3gw.at.shab.cloud\/production\/houses\/photos\/2022\/7\/10\/17\/68077\/house-68077-2025-02-17-06-06-18-e0b81023410208102e2654c09df9fd04ffbc1dc2-948187.jpg","https:\/\/s3gw.at.shab.cloud\/production\/houses\/photos\/2022\/7\/10\/17\/68077\/house-68077-2025-02-17-06-06-18-d20a91cf4e49d5abc63608eae478cc01109162fc-650506.jpg","https:\/\/s3gw.at.shab.cloud\/production\/houses\/photos\/2022\/7\/10\/17\/68077\/house-68077-2025-02-17-06-06-19-ed07a7a67e75a8c6154314daf5a96066f91b9f53-163939.jpg","https:\/\/s3gw.at.shab.cloud\/production\/houses\/photos\/2022\/7\/10\/17\/68077\/house-68077-2025-02-17-06-06-19-d4b353694b2028a2cb4634fed6ea198b0fea1707-385941.jpg","https:\/\/s3gw.at.shab.cloud\/production\/houses\/photos\/2022\/7\/10\/17\/68077\/house-68077-2025-02-17-06-06-20-7530ec786b870f2cb9ce2e810ad0e26d054f8285-163864.jpg","https:\/\/s3gw.at.shab.cloud\/production\/houses\/photos\/2022\/7\/10\/17\/68077\/house-68077-2025-02-17-06-06-21-6d1405e07b5a6f0874e1994649d28e883c3d2f89-849205.jpg"],"capacity_min":1,"capacity_max":10,"pool":0,"parking":0,"wifi":0,"kitchen":1,"western_toilet":0,"iranian_toilet":1,"bathroom":0,"heating":1,"cooling":1,"jacuzzi":0,"television":1,"furniture":1,"breakfast":0}
{"id":78583,"title":"بومگردی مهران اتاق مستر فردوسی","url":"https:\/\/www.shab.ir\/houses\/show\/78583","source":"shab","address":"یزد, امیر چخماق,","price":2400000,"area":30,"rating":4.8,"image_links":["https:\/\/s3gw.at.shab.cloud\/production\/houses\/photos\/2023\/2\/15\/12\/78583\/house-78583-2023-02-15-12-57-48-359aed10da3a64061752e7a43dbe7a3ef55255c0-58993.jpg","https:\/\/s3gw.at.shab.cloud\/production\/houses\/photos\/2023\/2\/15\/12\/78583\/house-78583-2025-01-25-11-11-31-0e76292794888d4f1fa75fb3aff4ca27c58f56a6-888368.jpg","https:\/\/s3gw.at.shab.cloud\/production\/houses\/photos\/2023\/2\/15\/12\/78583\/house-78583-2025-01-25-11-11-31-0e76292794888d4f1fa75fb3aff4ca27c58f56a6-438250.jpg","https:\/\/s3gw.at.shab.cloud\/production\/houses\/photos\/2023\/2\/15\/12\/78583\/house-78583-2025-01-25-11-02-50-ca9b04a73d06cd3d5e8aae0a4af67a1520471cec-803869.jpg","https:\/\/s3gw.at.shab.cloud\/production\/houses\/photos\/2023\/2\/15\/12\/78583\/house-78583-2025-01-25-11-11-30-0e76292794888d4f1fa75fb3aff4ca27c58f56a6-223919.jpg","https:\/\/s3gw.at.shab.cloud\/production\/houses\/photos\/2023\/2\/15\/12\/78583\/house-78583-2025-01-25-11-11-30-0e76292794888d4f1fa75fb3aff4ca27c58f56a6-99705.jpg","https:\/\/s3gw.at.shab.cloud\/production\/houses\/photos\/2023\/2\/15\/12\/78583\/house-78583-2025-01-25-11-11-31-0e76292794888d4f1fa75fb3aff4ca27c58f56a6-424224.jpg","https:\/\/s3gw.at.shab.cloud\/production\/houses\/photos\/2023\/2\/15\/12\/78583\/house-78583-2025-01-25-11-02-51-7a67d33102d232d198caccdd2dea4302d7cf91b5-479645.jpg","https:\/\/s3gw.at.shab.cloud\/production\/houses\/photos\/2023\/2\/15\/12\/78583\/house-78583-2025-01-25-11-02-51-a66cfc655850524116bb58831dbbb14fe0e609d2-250092.jpg","https:\/\/s3gw.at.shab.cloud\/production\/houses\/photos\/2023\/2\/15\/12\/78583\/house-78583-2023-02-15-12-42-33-3152748f33ea374c85b8002020cb225e4ca6bfdd-515546.jpg","https:\/\/s3gw.at.shab.cloud\/production\/houses\/photos\/2023\/2\/15\/12\/78583\/house-78583-2025-01-25-11-11-31-0e76292794888d4f1fa75fb3aff4ca27c58f56a6-270597.jpg","https:\/\/s3gw.at.shab.cloud\/production\/houses\/photos\/2023\/2\/15\/12\/78583\/house-78583-2025-01-25-11-11-31-0e76292794888d4f1fa75fb3aff4ca27c58f56a6-119929.jpg","https:\/\/s3gw.at.shab.cloud\/production\/houses\/photos\/2023\/2\/15\/12\/78583\/house-78583-2025-01-25-11-11-30-0e76292794888d4f1fa75fb3aff4ca27c58f56a6-836619.jpg","https:\/\/s3gw.at.shab.cloud\/production\/houses\/photos\/2023\/2\/15\/12\/78583\/house-78583-2023-02-15-12-57-49-359aed10da3a64061752e7a43dbe7a3ef55255c0-335888.jpg","https:\/\/s3gw.at.shab.cloud\/production\/houses\/photos\/2023\/2\/15\/12\/78583\/house-78583-2023-02-15-12-57-49-359aed10da3a64061752e7a43dbe7a3ef55255c0-689416.jpg","https:\/\/s3gw.at.shab.cloud\/production\/houses\/photos\/2023\/2\/15\/12\/78583\/house-78583-2023-02-15-12-42-33-3c16d844819d696586b14712af8409df698716c7-186571.jpg","https:\/\/s3gw.at.shab.cloud\/production\/houses\/photos\/2023\/2\/15\/12\/78583\/house-78583-2025-01-25-11-11-30-0e76292794888d4f1fa75fb3aff4ca27c58f56a6-802566.jpg","https:\/\/s3gw.at.shab.cloud\/production\/houses\/photos\/2023\/2\/15\/12\/78583\/house-78583-2025-01-25-11-11-30-0e76292794888d4f1fa75fb3aff4ca27c58f56a6-785322.jpg","https:\/\/s3gw.at.shab.cloud\/production\/houses\/photos\/2023\/2\/15\/12\/78583\/house-78583-2025-01-25-11-02-52-a77131acf2eb9d33ba2ae589a630b77240bc6648-586892.jpg","https:\/\/s3gw.at.shab.cloud\/production\/houses\/photos\/2023\/2\/15\/12\/78583\/house-78583-2025-01-25-11-02-53-e44308ff8d3c935de19bbb777375b84d4791484f-313163.jpg","https:\/\/s3gw.at.shab.cloud\/production\/houses\/photos\/2023\/2\/15\/12\/78583\/house-78583-2025-01-25-11-02-54-a8a343a4365c225af9a941c10c80eafd41defddf-850960.jpg"],"capacity_min":3,"capacity_max":4,"pool":0,"parking":0,"wifi":0,"kitchen":1,"western_toilet":1,"iranian_toilet":1,"bathroom":1,"heating":1,"cooling":1,"jacuzzi":0,"television":1,"furniture":1,"breakfast":0}
{"id":34069,"title":"اقامتگاه بومگردی عمارت بانو اتاق ترمه پارکینگ دار","url":"https:\/\/www.shab.ir\/houses\/show\/34069","source":"shab","address":"یزد, شهر یزد,","price":3000000,"area":16,"rating":4.5,"image_links":["https:\/\/s3gw.at.shab.cloud\/production\/houses\/photos\/2019\/10\/17\/13\/34069\/house-34069-2024-05-11-04-18-46-d74f7b93ccb6899171f9b1c45a716040e49cb116-294828.jpg","https:\/\/s3gw.at.shab.cloud\/production\/houses\/photos\/2019\/10\/17\/13\/34069\/house-34069-2024-02-04-01-05-59-b81627b49bacfec6e8141fdece5b1a51bbb75e3c-500111.jpg","https:\/\/s3gw.at.shab.cloud\/production\/houses\/photos\/2019\/10\/17\/13\/34069\/house-34069-2024-02-04-01-05-59-f24530ada1a50a5f7b211c630019cd6b52163cbb-767067.jpg","https:\/\/s3gw.at.shab.cloud\/production\/houses\/photos\/2019\/10\/17\/13\/34069\/house-34069-2021-11-09-09-04-40-0fd0bcfb44f83e7d5ac7a8922578276b9af48746.jpg","https:\/\/s3gw.at.shab.cloud\/production\/houses\/photos\/2019\/10\/17\/13\/34069\/house-34069-2019-10-17-01-53-55-0fd0bcfb44f83e7d5ac7a8922578276b9af48746.jpg","https:\/\/s3gw.at.shab.cloud\/production\/houses\/photos\/2019\/10\/17\/13\/34069\/house-34069-2019-10-17-01-54-04-0fd0bcfb44f83e7d5ac7a8922578276b9af48746.jpg","https:\/\/s3gw.at.shab.cloud\/production\/houses\/photos\/2019\/10\/17\/13\/34069\/house-34069-2019-10-17-01-54-23-0fd0bcfb44f83e7d5ac7a8922578276b9af48746.jpg","https:\/\/s3gw.at.shab.cloud\/production\/houses\/photos\/2019\/10\/17\/13\/34069\/house-34069-2019-10-17-01-55-41-0fd0bcfb44f83e7d5ac7a8922578276b9af48746.jpg","https:\/\/s3gw.at.shab.cloud\/production\/houses\/photos\/2019\/10\/17\/13\/34069\/house-34069-2019-10-17-01-55-44-0fd0bcfb44f83e7d5ac7a8922578276b9af48746.jpg","https:\/\/s3gw.at.shab.cloud\/production\/houses\/photos\/2019\/10\/17\/13\/34069\/house-34069-2019-10-17-01-54-28-0fd0bcfb44f83e7d5ac7a8922578276b9af48746.jpg","https:\/\/s3gw.at.shab.cloud\/production\/houses\/photos\/2019\/10\/17\/13\/34069\/house-34069-2022-02-28-11-34-01-0e76292794888d4f1fa75fb3aff4ca27c58f56a6.jpg","https:\/\/s3gw.at.shab.cloud\/production\/houses\/photos\/2019\/10\/17\/13\/34069\/house-34069-2022-02-28-11-34-10-0e76292794888d4f1fa75fb3aff4ca27c58f56a6.jpg","https:\/\/s3gw.at.shab.cloud\/production\/houses\/photos\/2019\/10\/17\/13\/34069\/house-34069-2019-10-17-01-54-02-0fd0bcfb44f83e7d5ac7a8922578276b9af48746.jpg","https:\/\/s3gw.at.shab.cloud\/production\/houses\/photos\/2019\/10\/17\/13\/34069\/house-34069-2024-02-04-01-14-15-0e76292794888d4f1fa75fb3aff4ca27c58f56a6-308656.jpg","https:\/\/s3gw.at.shab.cloud\/production\/houses\/photos\/2019\/10\/17\/13\/34069\/house-34069-2024-02-28-03-02-41-561a7d903ff7cd9bcbbe212dcb5a691b0d3a5cf0-495743.jpg"],"capacity_min":4,"capacity_max":5,"pool":0,"parking":1,"wifi":1,"kitchen":1,"western_toilet":1,"iranian_toilet":0,"bathroom":1,"heating":1,"cooling":0,"jacuzzi":0,"television":1,"furniture":0,"breakfast":1}
{"id":114495,"title":"سنتی و دنج در دوقدمی میدان تاریخی امیرچخماق","url":"https:\/\/www.shab.ir\/houses\/show\/114495","source":"shab","address":"یزد, میدان امیرچخماق,","price":625000,"area":70,"rating":4.81,"image_links":["https:\/\/s3gw.at.shab.cloud\/production\/houses\/photos\/2024\/4\/11\/1\/114495\/house-114495-2024-04-11-02-36-07-181e40ec86080024e58e894f535c69ad03f83954-146679.jpg","https:\/\/s3gw.at.shab.cloud\/production\/houses\/photos\/2024\/4\/11\/1\/114495\/house-114495-2024-04-11-02-36-07-21fc160b521a0cbccc6c8f75fda4c666a9ff5b51-721129.jpg","https:\/\/s3gw.at.shab.cloud\/production\/houses\/photos\/2024\/4\/11\/1\/114495\/house-114495-2024-04-11-02-36-11-0b3e7e56b99fa42ebdca4fb5d68941047abd1413-858071.jpg","https:\/\/s3gw.at.shab.cloud\/production\/houses\/photos\/2024\/4\/11\/1\/114495\/house-114495-2024-04-11-02-36-11-181e40ec86080024e58e894f535c69ad03f83954-276868.jpg","https:\/\/s3gw.at.shab.cloud\/production\/houses\/photos\/2024\/4\/11\/1\/114495\/house-114495-2024-04-11-02-36-08-cb629e8e9972d51081faba7a216e1fc8dc214859-665767.jpg","https:\/\/s3gw.at.shab.cloud\/production\/houses\/photos\/2024\/4\/11\/1\/114495\/house-114495-2024-04-11-02-36-09-55c1ea7386dd48817c3d88dd4aafda3890b6eceb-452218.jpg","https:\/\/s3gw.at.shab.cloud\/production\/houses\/photos\/2024\/4\/11\/1\/114495\/house-114495-2024-04-11-02-36-10-ddcae6aa8c51351a822f28aea09084a9dc62c5e8-354069.jpg","https:\/\/s3gw.at.shab.cloud\/production\/houses\/photos\/2024\/4\/11\/1\/114495\/house-114495-2024-04-11-02-36-08-02d71d4a0427eff63d072d8eed30ac897a8643d5-98282.jpg","https:\/\/s3gw.at.shab.cloud\/production\/houses\/photos\/2024\/4\/11\/1\/114495\/house-114495-2024-05-01-09-26-38-30b61ce93e026bd8ddc44941d6d80b9dcd1abe3f-528683.jpg","https:\/\/s3gw.at.shab.cloud\/production\/houses\/photos\/2024\/4\/11\/1\/114495\/house-114495-2024-05-01-09-26-39-4186f6841e7c6c385814578da71acd47cbfcd0a2-855444.jpg","https:\/\/s3gw.at.shab.cloud\/production\/houses\/photos\/2024\/4\/11\/1\/114495\/house-114495-2024-05-01-09-26-39-611f515f473396f6caa05c3b0117853dbace80d4-681761.jpg"],"capacity_min":2,"capacity_max":5,"pool":0,"parking":0,"wifi":0,"kitchen":1,"western_toilet":0,"iranian_toilet":1,"bathroom":1,"heating":1,"cooling":1,"jacuzzi":0,"television":0,"furniture":1,"breakfast":0}
{"id":135629,"title":"اقامتگاه بومگردی نیلوفر بی اتاق 1","url":"https:\/\/www.shab.ir\/houses\/show\/135629","source":"shab","address":"یزد, فهادان,","price":1200000,"area":20,"rating":4.95,"image_links":["https:\/\/s3gw.at.shab.cloud\/production\/houses\/photos\/2024\/10\/7\/11\/135629\/house-135629-2024-10-08-11-59-50-37be09bec70ab1cc241f4a6228d4a6fe413c3e34-135490.jpg","https:\/\/s3gw.at.shab.cloud\/production\/houses\/photos\/2024\/10\/7\/11\/135629\/house-135629-2024-10-08-11-59-51-0e76292794888d4f1fa75fb3aff4ca27c58f56a6-819186.jpg","https:\/\/s3gw.at.shab.cloud\/production\/houses\/photos\/2024\/10\/7\/11\/135629\/house-135629-2024-10-08-11-59-51-0e76292794888d4f1fa75fb3aff4ca27c58f56a6-933721.jpg","https:\/\/s3gw.at.shab.cloud\/production\/houses\/photos\/2024\/10\/7\/11\/135629\/house-135629-2024-10-08-11-59-52-0e76292794888d4f1fa75fb3aff4ca27c58f56a6-151901.jpg","https:\/\/s3gw.at.shab.cloud\/production\/houses\/photos\/2024\/10\/7\/11\/135629\/house-135629-2024-10-08-11-59-53-0e76292794888d4f1fa75fb3aff4ca27c58f56a6-669691.jpg","https:\/\/s3gw.at.shab.cloud\/production\/houses\/photos\/2024\/10\/7\/11\/135629\/house-135629-2024-10-08-11-59-53-9e38d96e3d84c60517c80278672969b541eb25e9-622264.jpg","https:\/\/s3gw.at.shab.cloud\/production\/houses\/photos\/2024\/10\/7\/11\/135629\/house-135629-2024-10-08-11-59-54-61286f81acb35f2d351bd34f57175e2c268419c3-831714.jpg","https:\/\/s3gw.at.shab.cloud\/production\/houses\/photos\/2024\/10\/7\/11\/135629\/house-135629-2024-10-08-11-59-54-0e76292794888d4f1fa75fb3aff4ca27c58f56a6-557905.jpg","https:\/\/s3gw.at.shab.cloud\/production\/houses\/photos\/2024\/10\/7\/11\/135629\/house-135629-2024-10-08-11-59-55-e17005da9e2f1a776bcc9a1c7b466cbc62ff55f6-666402.jpg","https:\/\/s3gw.at.shab.cloud\/production\/houses\/photos\/2024\/10\/7\/11\/135629\/house-135629-2024-10-08-11-59-56-0e76292794888d4f1fa75fb3aff4ca27c58f56a6-165538.jpg","https:\/\/s3gw.at.shab.cloud\/production\/houses\/photos\/2024\/10\/7\/11\/135629\/house-135629-2024-10-08-11-59-56-0e76292794888d4f1fa75fb3aff4ca27c58f56a6-933649.jpg","https:\/\/s3gw.at.shab.cloud\/production\/houses\/photos\/2024\/10\/7\/11\/135629\/house-135629-2024-10-08-11-59-57-0e76292794888d4f1fa75fb3aff4ca27c58f56a6-576623.jpg","https:\/\/s3gw.at.shab.cloud\/production\/houses\/photos\/2024\/10\/7\/11\/135629\/house-135629-2024-10-08-11-59-58-0e76292794888d4f1fa75fb3aff4ca27c58f56a6-360913.jpg","https:\/\/s3gw.at.shab.cloud\/production\/houses\/photos\/2024\/10\/7\/11\/135629\/house-135629-2024-10-08-11-59-58-e9cf391e35c3aeff0a78631dca63e80be55f6180-323594.jpg","https:\/\/s3gw.at.shab.cloud\/production\/houses\/photos\/2024\/10\/7\/11\/135629\/house-135629-2024-10-08-11-59-59-0e76292794888d4f1fa75fb3aff4ca27c58f56a6-978862.jpg","https:\/\/s3gw.at.shab.cloud\/production\/houses\/photos\/2024\/10\/7\/11\/135629\/house-135629-2024-10-08-12-00-00-0e76292794888d4f1fa75fb3aff4ca27c58f56a6-950868.jpg","https:\/\/s3gw.at.shab.cloud\/production\/houses\/photos\/2024\/10\/7\/11\/135629\/house-135629-2024-10-08-12-00-00-0e76292794888d4f1fa75fb3aff4ca27c58f56a6-221983.jpg","https:\/\/s3gw.at.shab.cloud\/production\/houses\/photos\/2024\/10\/7\/11\/135629\/house-135629-2024-10-08-12-00-01-0e76292794888d4f1fa75fb3aff4ca27c58f56a6-219234.jpg","https:\/\/s3gw.at.shab.cloud\/production\/houses\/photos\/2024\/10\/7\/11\/135629\/house-135629-2024-10-08-12-00-03-0e76292794888d4f1fa75fb3aff4ca27c58f56a6-105893.jpg","https:\/\/s3gw.at.shab.cloud\/production\/houses\/photos\/2024\/10\/7\/11\/135629\/house-135629-2024-10-08-12-00-03-9fe1e469c8ac00c8ad4324733d62bfb2e81a42ea-547915.jpg","https:\/\/s3gw.at.shab.cloud\/production\/houses\/photos\/2024\/10\/7\/11\/135629\/house-135629-2024-10-08-12-00-04-0e76292794888d4f1fa75fb3aff4ca27c58f56a6-383287.jpg","https:\/\/s3gw.at.shab.cloud\/production\/houses\/photos\/2024\/10\/7\/11\/135629\/house-135629-2024-10-08-12-00-04-0e76292794888d4f1fa75fb3aff4ca27c58f56a6-786391.jpg"],"capacity_min":2,"capacity_max":5,"pool":0,"parking":0,"wifi":0,"kitchen":1,"western_toilet":0,"iranian_toilet":0,"bathroom":0,"heating":1,"cooling":1,"jacuzzi":0,"television":1,"furniture":0,"breakfast":1}
{"id":77300,"title":"اتاق پروین اعتصامی","url":"https:\/\/www.shab.ir\/houses\/show\/77300","source":"shab","address":"یزد, چهاراه بعثت,","price":600000,"area":12,"rating":4.13,"image_links":["https:\/\/s3gw.at.shab.cloud\/production\/houses\/photos\/2023\/1\/21\/16\/77300\/house-77300-2024-02-14-11-14-17-613e74d31c0ccc30a4ed81a31eb373fa42b2f47d-285200.jpg","https:\/\/s3gw.at.shab.cloud\/production\/houses\/photos\/2023\/1\/21\/16\/77300\/house-77300-2024-02-14-06-25-59-78d90033265d9f63ea3933e331bfe87a6ae2839e-811620.jpg","https:\/\/s3gw.at.shab.cloud\/production\/houses\/photos\/2023\/1\/21\/16\/77300\/house-77300-2023-02-15-12-09-13-359aed10da3a64061752e7a43dbe7a3ef55255c0-752830.jpg","https:\/\/s3gw.at.shab.cloud\/production\/houses\/photos\/2023\/1\/21\/16\/77300\/house-77300-2023-02-15-12-09-13-359aed10da3a64061752e7a43dbe7a3ef55255c0-130754.jpg","https:\/\/s3gw.at.shab.cloud\/production\/houses\/photos\/2023\/1\/21\/16\/77300\/house-77300-2023-02-15-12-09-13-359aed10da3a64061752e7a43dbe7a3ef55255c0-682097.jpg","https:\/\/s3gw.at.shab.cloud\/production\/houses\/photos\/2023\/1\/21\/16\/77300\/house-77300-2025-02-28-03-41-14-847c2ef95e1d367de6a124807eb26fc1088a459a-853317.jpg","https:\/\/s3gw.at.shab.cloud\/production\/houses\/photos\/2023\/1\/21\/16\/77300\/house-77300-2025-02-28-03-41-14-d70fbcde8fae52c1c3a87c941c8dd4f0e4b9b6be-831451.jpg","https:\/\/s3gw.at.shab.cloud\/production\/houses\/photos\/2023\/1\/21\/16\/77300\/house-77300-2025-02-28-03-41-15-1405ab15f8c31e55ecb48b6b3fc839206f119aa1-512917.jpg","https:\/\/s3gw.at.shab.cloud\/production\/houses\/photos\/2023\/1\/21\/16\/77300\/house-77300-2025-02-28-03-41-15-584714073b988893cbe18feabe29f7ae0ce9d1c9-544126.jpg","https:\/\/s3gw.at.shab.cloud\/production\/houses\/photos\/2023\/1\/21\/16\/77300\/house-77300-2025-02-28-03-41-15-7131151265f8878dbf17a2232071b49d5a44fcbc-48777.jpg","https:\/\/s3gw.at.shab.cloud\/production\/houses\/photos\/2023\/1\/21\/16\/77300\/house-77300-2025-02-28-03-41-16-89ffd09dda91cf738a3596db67a9604ce3a5cd34-166032.jpg","https:\/\/s3gw.at.shab.cloud\/production\/houses\/photos\/2023\/1\/21\/16\/77300\/house-77300-2025-02-28-04-42-17-13cc823817e125796ff662d3e438a26920f78632-27568.jpg","https:\/\/s3gw.at.shab.cloud\/production\/houses\/photos\/2023\/1\/21\/16\/77300\/house-77300-2025-02-28-04-42-18-ca0d691ca0928516694bf4d098baea897abea130-674469.jpg","https:\/\/s3gw.at.shab.cloud\/production\/houses\/photos\/2023\/1\/21\/16\/77300\/house-77300-2025-02-28-04-42-19-e5a973fdac9d0defc4ffafe4e4cb95b4ed9c54d0-678991.jpg","https:\/\/s3gw.at.shab.cloud\/production\/houses\/photos\/2023\/1\/21\/16\/77300\/house-77300-2025-02-28-04-42-21-eb963661cb2675a6dc0ef3424a07ed9f50307e94-744801.jpg","https:\/\/s3gw.at.shab.cloud\/production\/houses\/photos\/2023\/1\/21\/16\/77300\/house-77300-2025-02-28-04-42-21-90497a323fac9eb6f0299e8e5f30818487488b97-75574.jpg","https:\/\/s3gw.at.shab.cloud\/production\/houses\/photos\/2023\/1\/21\/16\/77300\/house-77300-2025-02-28-04-42-22-90a2e01a539fb2cd1656cc2b708150f82b84ef4f-932529.jpg","https:\/\/s3gw.at.shab.cloud\/production\/houses\/photos\/2023\/1\/21\/16\/77300\/house-77300-2025-04-09-12-47-33-b7e56afb8227db49f61eaa598029ad78915a229e-945073.jpg","https:\/\/s3gw.at.shab.cloud\/production\/houses\/photos\/2023\/1\/21\/16\/77300\/house-77300-2025-04-09-12-47-34-0ed5d5aef688d17217212841140a3cc571973150-756354.jpg","https:\/\/s3gw.at.shab.cloud\/production\/houses\/photos\/2023\/1\/21\/16\/77300\/house-77300-2025-04-09-12-47-35-298e44cd8005e9431fcce4262e02dcc0aa39f8d3-648560.jpg","https:\/\/s3gw.at.shab.cloud\/production\/houses\/photos\/2023\/1\/21\/16\/77300\/house-77300-2025-04-09-12-47-36-d32ecfdf920caecda0b50c3f8972e13eb8280e4e-947300.jpg","https:\/\/s3gw.at.shab.cloud\/production\/houses\/photos\/2023\/1\/21\/16\/77300\/house-77300-2025-04-09-12-47-36-4c6adf1a08158663507492b2c93817afaced3fc0-951244.jpg","https:\/\/s3gw.at.shab.cloud\/production\/houses\/photos\/2023\/1\/21\/16\/77300\/house-77300-2025-04-09-12-47-37-76696b5fece6a74a60a867bbce750ab1ea1fa363-129868.jpg","https:\/\/s3gw.at.shab.cloud\/production\/houses\/photos\/2023\/1\/21\/16\/77300\/house-77300-2025-04-09-12-47-38-a8abf04ac9fb10c37a218e1e5b46f824e9ba3900-154326.jpg"],"capacity_min":2,"capacity_max":4,"pool":0,"parking":0,"wifi":1,"kitchen":1,"western_toilet":1,"iranian_toilet":1,"bathroom":1,"heating":1,"cooling":1,"jacuzzi":0,"television":1,"furniture":0,"breakfast":0}
{"id":103309,"title":"اقامتگاه بومگردی خانه سبز یزد اتاق 5","url":"https:\/\/www.shab.ir\/houses\/show\/103309","source":"shab","address":"یزد, محله برخوردار,","price":1000000,"area":13,"rating":4.56,"image_links":["https:\/\/s3gw.at.shab.cloud\/production\/houses\/photos\/2023\/12\/19\/14\/103309\/house-103309-2024-12-02-02-19-44-5fb5bf36094f1701b0383630262c2a24b37bcb5a-735027.jpg","https:\/\/s3gw.at.shab.cloud\/production\/houses\/photos\/2023\/12\/19\/14\/103309\/house-103309-2024-12-02-03-07-58-6ed6fd778d3ed35d9428f83e0bf5bbb9c6b6daa0-151437.jpg","https:\/\/s3gw.at.shab.cloud\/production\/houses\/photos\/2023\/12\/19\/14\/103309\/house-103309-2024-12-02-02-46-24-2ccb029708bc2e792a4b93f0834f2fc727db8468-990270.jpg","https:\/\/s3gw.at.shab.cloud\/production\/houses\/photos\/2023\/12\/19\/14\/103309\/house-103309-2024-12-02-02-19-44-46207f431fa0185c9a45ed7d7e30fe7514276864-617142.jpg","https:\/\/s3gw.at.shab.cloud\/production\/houses\/photos\/2023\/12\/19\/14\/103309\/house-103309-2024-12-02-02-19-45-e0e1fbb1967c889503560d8c7098bbf68980e8b3-715286.jpg","https:\/\/s3gw.at.shab.cloud\/production\/houses\/photos\/2023\/12\/19\/14\/103309\/house-103309-2024-12-02-02-19-46-1c2aff5da82f518ee9aa164f11698d8cee1daf81-375263.jpg","https:\/\/s3gw.at.shab.cloud\/production\/houses\/photos\/2023\/12\/19\/14\/103309\/house-103309-2024-12-02-02-19-51-074a93a2eaecbd700050e596139dd9f0edc250a8-382654.jpg","https:\/\/s3gw.at.shab.cloud\/production\/houses\/photos\/2023\/12\/19\/14\/103309\/house-103309-2024-12-02-02-19-51-d24e6032426803e739d0a857fabe175e154e63d4-185873.jpg","https:\/\/s3gw.at.shab.cloud\/production\/houses\/photos\/2023\/12\/19\/14\/103309\/house-103309-2025-04-07-11-29-36-fb6328ab1f2090cf9cdb90bbcb632aa7adefdcc9-941684.jpg","https:\/\/s3gw.at.shab.cloud\/production\/houses\/photos\/2023\/12\/19\/14\/103309\/house-103309-2025-04-07-11-29-37-c52ab4730ee7a1e671f20d45fd6a462e6c13be60-512922.jpg","https:\/\/s3gw.at.shab.cloud\/production\/houses\/photos\/2023\/12\/19\/14\/103309\/house-103309-2025-04-07-11-29-38-cd9906f8c02c01100ccc5ff427c702972481cc56-634982.jpg","https:\/\/s3gw.at.shab.cloud\/production\/houses\/photos\/2023\/12\/19\/14\/103309\/house-103309-2025-04-07-11-29-38-5998c0dcaebe3e0fe2a1c714561aeaf6494eb885-436972.jpg","https:\/\/s3gw.at.shab.cloud\/production\/houses\/photos\/2023\/12\/19\/14\/103309\/house-103309-2025-04-07-11-29-39-d025251a1c05615bccfdb926680e1c16851c88c4-641830.jpg","https:\/\/s3gw.at.shab.cloud\/production\/houses\/photos\/2023\/12\/19\/14\/103309\/house-103309-2025-04-07-11-29-40-c5dd8126e773f39f8a84c96fee647e21b06c114c-319927.jpg","https:\/\/s3gw.at.shab.cloud\/production\/houses\/photos\/2023\/12\/19\/14\/103309\/house-103309-2025-04-07-11-29-40-c270d55007bb7af0bf527cc02cc446fab234c1a9-967577.jpg","https:\/\/s3gw.at.shab.cloud\/production\/houses\/photos\/2023\/12\/19\/14\/103309\/house-103309-2025-04-07-11-29-41-c8b51b62550b9cc733d184df3bbbd9d1aed667b9-812272.jpg","https:\/\/s3gw.at.shab.cloud\/production\/houses\/photos\/2023\/12\/19\/14\/103309\/house-103309-2025-04-07-11-29-41-b30e15b792f283bf56b274dc97a82fd1c3b01d87-297264.jpg","https:\/\/s3gw.at.shab.cloud\/production\/houses\/photos\/2023\/12\/19\/14\/103309\/house-103309-2025-04-07-11-29-42-1cc93b659bfa69bafc1019b844b1635580fd6707-715885.jpg","https:\/\/s3gw.at.shab.cloud\/production\/houses\/photos\/2023\/12\/19\/14\/103309\/house-103309-2025-04-07-11-29-43-5040f7d4c58b55048db996982a79d8d175dbcb56-715864.jpg","https:\/\/s3gw.at.shab.cloud\/production\/houses\/photos\/2023\/12\/19\/14\/103309\/house-103309-2025-04-07-11-29-43-bce686afb3bb95f21a3b93067b6ec0cb80aa4011-261258.jpg","https:\/\/s3gw.at.shab.cloud\/production\/houses\/photos\/2023\/12\/19\/14\/103309\/house-103309-2025-04-07-11-29-44-13d194b77c4629c8d930b78e98929eab83367c04-946308.jpg"],"capacity_min":5,"capacity_max":6,"pool":0,"parking":0,"wifi":0,"kitchen":1,"western_toilet":1,"iranian_toilet":1,"bathroom":1,"heating":1,"cooling":1,"jacuzzi":0,"television":0,"furniture":0,"breakfast":0}
{"id":149100,"title":"اقامتگاه باوان یزد واحد 101 یا 201","url":"https:\/\/www.shab.ir\/houses\/show\/149100","source":"shab","address":"یزد, حسینیان,","price":461000,"area":25,"rating":4.8,"image_links":["https:\/\/s3gw.at.shab.cloud\/production\/houses\/photos\/2025\/2\/12\/17\/149100\/house-149100-2025-02-25-02-33-18-f0f1f71037b40b3b7fbb2db0fb5cca1e5e8c27ad-146055.jpg","https:\/\/s3gw.at.shab.cloud\/production\/houses\/photos\/2025\/2\/12\/17\/149100\/house-149100-2025-04-19-10-34-53-beda1dcc3e3def8c9ac60ec34d2d9c686f5868b5-963114.jpg","https:\/\/s3gw.at.shab.cloud\/production\/houses\/photos\/2025\/2\/12\/17\/149100\/house-149100-2025-04-19-10-34-52-b38a5e8baf2dbfe8f084e545e5908430d13beca3-562893.jpg","https:\/\/s3gw.at.shab.cloud\/production\/houses\/photos\/2025\/2\/12\/17\/149100\/house-149100-2025-04-19-10-34-54-8638e76bb5d10b40bdaf92b15246dbc8dcb1208f-656114.jpg","https:\/\/s3gw.at.shab.cloud\/production\/houses\/photos\/2025\/2\/12\/17\/149100\/house-149100-2025-04-19-10-34-54-960935e0d141fbda816fca782b6ac6a158cd074c-25434.jpg","https:\/\/s3gw.at.shab.cloud\/production\/houses\/photos\/2025\/2\/12\/17\/149100\/house-149100-2025-04-19-10-34-56-ef9472595d15b0f8e0b15283651b724db8511536-26087.jpg","https:\/\/s3gw.at.shab.cloud\/production\/houses\/photos\/2025\/2\/12\/17\/149100\/house-149100-2025-02-25-04-57-14-0e76292794888d4f1fa75fb3aff4ca27c58f56a6-214806.jpg","https:\/\/s3gw.at.shab.cloud\/production\/houses\/photos\/2025\/2\/12\/17\/149100\/house-149100-2025-02-25-04-57-14-0e76292794888d4f1fa75fb3aff4ca27c58f56a6-303120.jpg","https:\/\/s3gw.at.shab.cloud\/production\/houses\/photos\/2025\/2\/12\/17\/149100\/house-149100-2025-04-19-10-34-55-65e2eb9b701bca925edb071b9d5d486017f49e4c-423548.jpg"],"capacity_min":2,"capacity_max":3,"pool":0,"parking":0,"wifi":0,"kitchen":1,"western_toilet":1,"iranian_toilet":0,"bathroom":1,"heating":1,"cooling":1,"jacuzzi":0,"television":0,"furniture":0,"breakfast":0}
{"id":135635,"title":"اقامتگاه بومگردی نیلوفر بی اتاق 7","url":"https:\/\/www.shab.ir\/houses\/show\/135635","source":"shab","address":"یزد, فهادان,","price":1200000,"area":40,"rating":4.87,"image_links":["https:\/\/s3gw.at.shab.cloud\/production\/houses\/photos\/2024\/10\/7\/11\/135635\/house-135635-2024-10-08-01-14-39-29a7d6e966d2810e4814a3dbff8eb79dd16a9569-874495.jpg","https:\/\/s3gw.at.shab.cloud\/production\/houses\/photos\/2024\/10\/7\/11\/135635\/house-135635-2024-10-08-01-14-40-dd5c962c19e6a1ee0e9e555fd2d7e68188a3b834-891696.jpg","https:\/\/s3gw.at.shab.cloud\/production\/houses\/photos\/2024\/10\/7\/11\/135635\/house-135635-2024-10-08-01-14-40-f54a4d24bd3220bf85fa52addfa43148977614e8-741635.jpg","https:\/\/s3gw.at.shab.cloud\/production\/houses\/photos\/2024\/10\/7\/11\/135635\/house-135635-2024-10-08-01-14-41-80776ac85b652026d1bcf1a7c8e05d89d246adee-777957.jpg","https:\/\/s3gw.at.shab.cloud\/production\/houses\/photos\/2024\/10\/7\/11\/135635\/house-135635-2024-10-08-01-14-41-cbf074f21233d2e48577b2522951df4f83694762-38949.jpg","https:\/\/s3gw.at.shab.cloud\/production\/houses\/photos\/2024\/10\/7\/11\/135635\/house-135635-2024-10-08-01-14-42-0e76292794888d4f1fa75fb3aff4ca27c58f56a6-17001.jpg","https:\/\/s3gw.at.shab.cloud\/production\/houses\/photos\/2024\/10\/7\/11\/135635\/house-135635-2024-10-08-01-14-42-0e76292794888d4f1fa75fb3aff4ca27c58f56a6-693349.jpg","https:\/\/s3gw.at.shab.cloud\/production\/houses\/photos\/2024\/10\/7\/11\/135635\/house-135635-2024-10-08-01-14-43-0e76292794888d4f1fa75fb3aff4ca27c58f56a6-170655.jpg","https:\/\/s3gw.at.shab.cloud\/production\/houses\/photos\/2024\/10\/7\/11\/135635\/house-135635-2024-10-08-01-14-44-0e76292794888d4f1fa75fb3aff4ca27c58f56a6-452033.jpg","https:\/\/s3gw.at.shab.cloud\/production\/houses\/photos\/2024\/10\/7\/11\/135635\/house-135635-2024-10-08-01-14-45-0e76292794888d4f1fa75fb3aff4ca27c58f56a6-827723.jpg","https:\/\/s3gw.at.shab.cloud\/production\/houses\/photos\/2024\/10\/7\/11\/135635\/house-135635-2024-10-08-01-14-45-0e76292794888d4f1fa75fb3aff4ca27c58f56a6-581837.jpg","https:\/\/s3gw.at.shab.cloud\/production\/houses\/photos\/2024\/10\/7\/11\/135635\/house-135635-2024-10-08-01-14-46-0e76292794888d4f1fa75fb3aff4ca27c58f56a6-930620.jpg","https:\/\/s3gw.at.shab.cloud\/production\/houses\/photos\/2024\/10\/7\/11\/135635\/house-135635-2024-10-08-01-14-47-0e76292794888d4f1fa75fb3aff4ca27c58f56a6-388513.jpg","https:\/\/s3gw.at.shab.cloud\/production\/houses\/photos\/2024\/10\/7\/11\/135635\/house-135635-2024-10-08-01-14-48-0e76292794888d4f1fa75fb3aff4ca27c58f56a6-39731.jpg","https:\/\/s3gw.at.shab.cloud\/production\/houses\/photos\/2024\/10\/7\/11\/135635\/house-135635-2024-10-08-01-14-48-0e76292794888d4f1fa75fb3aff4ca27c58f56a6-105323.jpg","https:\/\/s3gw.at.shab.cloud\/production\/houses\/photos\/2024\/10\/7\/11\/135635\/house-135635-2024-10-08-01-14-49-0e76292794888d4f1fa75fb3aff4ca27c58f56a6-197929.jpg","https:\/\/s3gw.at.shab.cloud\/production\/houses\/photos\/2024\/10\/7\/11\/135635\/house-135635-2024-10-08-01-14-50-0e76292794888d4f1fa75fb3aff4ca27c58f56a6-91867.jpg"],"capacity_min":2,"capacity_max":5,"pool":0,"parking":0,"wifi":0,"kitchen":1,"western_toilet":0,"iranian_toilet":0,"bathroom":0,"heating":1,"cooling":1,"jacuzzi":0,"television":1,"furniture":0,"breakfast":1}
{"id":135633,"title":"اقامتگاه بومگردی نیلوفر بی اتاق 5","url":"https:\/\/www.shab.ir\/houses\/show\/135633","source":"shab","address":"یزد, فهادان,","price":1200000,"area":20,"rating":5.0,"image_links":["https:\/\/s3gw.at.shab.cloud\/production\/houses\/photos\/2024\/10\/7\/11\/135633\/house-135633-2024-10-08-01-03-38-3925a355bbf3bd1539184f36e16a806064233cf3-855193.jpg","https:\/\/s3gw.at.shab.cloud\/production\/houses\/photos\/2024\/10\/7\/11\/135633\/house-135633-2024-10-08-01-03-38-ff6438b3599346091d8a44a7f38d8807b2c41e24-821017.jpg","https:\/\/s3gw.at.shab.cloud\/production\/houses\/photos\/2024\/10\/7\/11\/135633\/house-135633-2024-10-08-01-03-39-0e76292794888d4f1fa75fb3aff4ca27c58f56a6-355978.jpg","https:\/\/s3gw.at.shab.cloud\/production\/houses\/photos\/2024\/10\/7\/11\/135633\/house-135633-2024-10-08-01-03-39-0e76292794888d4f1fa75fb3aff4ca27c58f56a6-210437.jpg","https:\/\/s3gw.at.shab.cloud\/production\/houses\/photos\/2024\/10\/7\/11\/135633\/house-135633-2024-10-08-01-03-40-0e76292794888d4f1fa75fb3aff4ca27c58f56a6-863579.jpg","https:\/\/s3gw.at.shab.cloud\/production\/houses\/photos\/2024\/10\/7\/11\/135633\/house-135633-2024-10-08-01-03-41-0e76292794888d4f1fa75fb3aff4ca27c58f56a6-146596.jpg","https:\/\/s3gw.at.shab.cloud\/production\/houses\/photos\/2024\/10\/7\/11\/135633\/house-135633-2024-10-08-01-03-41-d8f7b0e9b1cbbe81bb34ee7e5fa34a3f227bb084-720159.jpg","https:\/\/s3gw.at.shab.cloud\/production\/houses\/photos\/2024\/10\/7\/11\/135633\/house-135633-2024-10-08-01-03-42-17a27707382d75d791a6e8cba0171488269be8c5-80424.jpg","https:\/\/s3gw.at.shab.cloud\/production\/houses\/photos\/2024\/10\/7\/11\/135633\/house-135633-2024-10-08-01-03-43-3cef944f0f18336fbccd8dd49566190e8937ef33-400645.jpg","https:\/\/s3gw.at.shab.cloud\/production\/houses\/photos\/2024\/10\/7\/11\/135633\/house-135633-2024-10-08-01-03-43-55c394a855f236042682c8240297b348b3911fd6-572475.jpg","https:\/\/s3gw.at.shab.cloud\/production\/houses\/photos\/2024\/10\/7\/11\/135633\/house-135633-2024-10-08-01-03-44-0e76292794888d4f1fa75fb3aff4ca27c58f56a6-791061.jpg","https:\/\/s3gw.at.shab.cloud\/production\/houses\/photos\/2024\/10\/7\/11\/135633\/house-135633-2024-10-08-01-03-45-0e76292794888d4f1fa75fb3aff4ca27c58f56a6-48962.jpg","https:\/\/s3gw.at.shab.cloud\/production\/houses\/photos\/2024\/10\/7\/11\/135633\/house-135633-2024-10-08-01-03-45-0e76292794888d4f1fa75fb3aff4ca27c58f56a6-282535.jpg","https:\/\/s3gw.at.shab.cloud\/production\/houses\/photos\/2024\/10\/7\/11\/135633\/house-135633-2024-10-08-01-03-46-0e76292794888d4f1fa75fb3aff4ca27c58f56a6-199242.jpg","https:\/\/s3gw.at.shab.cloud\/production\/houses\/photos\/2024\/10\/7\/11\/135633\/house-135633-2024-10-08-01-03-47-0e76292794888d4f1fa75fb3aff4ca27c58f56a6-177385.jpg","https:\/\/s3gw.at.shab.cloud\/production\/houses\/photos\/2024\/10\/7\/11\/135633\/house-135633-2024-10-08-01-03-47-0e76292794888d4f1fa75fb3aff4ca27c58f56a6-992169.jpg","https:\/\/s3gw.at.shab.cloud\/production\/houses\/photos\/2024\/10\/7\/11\/135633\/house-135633-2024-10-08-01-03-48-0e76292794888d4f1fa75fb3aff4ca27c58f56a6-695397.jpg"],"capacity_min":2,"capacity_max":5,"pool":0,"parking":0,"wifi":0,"kitchen":1,"western_toilet":0,"iranian_toilet":0,"bathroom":0,"heating":1,"cooling":1,"jacuzzi":0,"television":1,"furniture":0,"breakfast":1}
{"id":135634,"title":"اقامتگاه بومگردی نیلوفر بی اتاق 6","url":"https:\/\/www.shab.ir\/houses\/show\/135634","source":"shab","address":"یزد, فهادان,","price":1200000,"area":20,"rating":4.9,"image_links":["https:\/\/s3gw.at.shab.cloud\/production\/houses\/photos\/2024\/10\/7\/11\/135634\/house-135634-2024-10-08-01-10-10-53f58a35f057005b04cd53b36380f44cb52590c3-392444.jpg","https:\/\/s3gw.at.shab.cloud\/production\/houses\/photos\/2024\/10\/7\/11\/135634\/house-135634-2024-10-08-01-10-10-1bd61edba08d0a1ac6d9e4201e695d4343901aa0-606287.jpg","https:\/\/s3gw.at.shab.cloud\/production\/houses\/photos\/2024\/10\/7\/11\/135634\/house-135634-2024-10-08-01-10-14-18b4f40ed1156d31a6c107922b4d90061858151f-529061.jpg","https:\/\/s3gw.at.shab.cloud\/production\/houses\/photos\/2024\/10\/7\/11\/135634\/house-135634-2024-10-08-01-10-14-0e76292794888d4f1fa75fb3aff4ca27c58f56a6-307497.jpg","https:\/\/s3gw.at.shab.cloud\/production\/houses\/photos\/2024\/10\/7\/11\/135634\/house-135634-2024-10-08-01-10-15-55c394a855f236042682c8240297b348b3911fd6-752976.jpg","https:\/\/s3gw.at.shab.cloud\/production\/houses\/photos\/2024\/10\/7\/11\/135634\/house-135634-2024-10-08-01-10-15-e9cf391e35c3aeff0a78631dca63e80be55f6180-945071.jpg","https:\/\/s3gw.at.shab.cloud\/production\/houses\/photos\/2024\/10\/7\/11\/135634\/house-135634-2024-10-08-01-10-16-0e76292794888d4f1fa75fb3aff4ca27c58f56a6-591131.jpg","https:\/\/s3gw.at.shab.cloud\/production\/houses\/photos\/2024\/10\/7\/11\/135634\/house-135634-2024-10-08-01-10-17-0e76292794888d4f1fa75fb3aff4ca27c58f56a6-207664.jpg","https:\/\/s3gw.at.shab.cloud\/production\/houses\/photos\/2024\/10\/7\/11\/135634\/house-135634-2024-10-08-01-10-17-0e76292794888d4f1fa75fb3aff4ca27c58f56a6-23385.jpg","https:\/\/s3gw.at.shab.cloud\/production\/houses\/photos\/2024\/10\/7\/11\/135634\/house-135634-2024-10-08-01-10-18-0e76292794888d4f1fa75fb3aff4ca27c58f56a6-338146.jpg","https:\/\/s3gw.at.shab.cloud\/production\/houses\/photos\/2024\/10\/7\/11\/135634\/house-135634-2024-10-08-01-10-19-0e76292794888d4f1fa75fb3aff4ca27c58f56a6-681848.jpg","https:\/\/s3gw.at.shab.cloud\/production\/houses\/photos\/2024\/10\/7\/11\/135634\/house-135634-2024-10-08-01-10-19-0e76292794888d4f1fa75fb3aff4ca27c58f56a6-623497.jpg","https:\/\/s3gw.at.shab.cloud\/production\/houses\/photos\/2024\/10\/7\/11\/135634\/house-135634-2024-10-08-01-10-20-0e76292794888d4f1fa75fb3aff4ca27c58f56a6-661641.jpg","https:\/\/s3gw.at.shab.cloud\/production\/houses\/photos\/2024\/10\/7\/11\/135634\/house-135634-2025-04-11-12-33-08-0e76292794888d4f1fa75fb3aff4ca27c58f56a6-99516.jpg","https:\/\/s3gw.at.shab.cloud\/production\/houses\/photos\/2024\/10\/7\/11\/135634\/house-135634-2025-04-11-12-33-15-0e76292794888d4f1fa75fb3aff4ca27c58f56a6-412497.jpg","https:\/\/s3gw.at.shab.cloud\/production\/houses\/photos\/2024\/10\/7\/11\/135634\/house-135634-2025-04-11-12-33-21-0e76292794888d4f1fa75fb3aff4ca27c58f56a6-117805.jpg"],"capacity_min":2,"capacity_max":5,"pool":0,"parking":0,"wifi":0,"kitchen":1,"western_toilet":0,"iranian_toilet":0,"bathroom":0,"heating":1,"cooling":1,"jacuzzi":0,"television":1,"furniture":0,"breakfast":1}
{"id":103308,"title":"اقامتگاه بومگردی خانه سبز یزد اتاق 4","url":"https:\/\/www.shab.ir\/houses\/show\/103308","source":"shab","address":"یزد, محله برخوردار,","price":1000000,"area":18,"rating":4.65,"image_links":["https:\/\/s3gw.at.shab.cloud\/production\/houses\/photos\/2023\/12\/19\/14\/103308\/house-103308-2024-12-02-02-52-39-d24e6032426803e739d0a857fabe175e154e63d4-415137.jpg","https:\/\/s3gw.at.shab.cloud\/production\/houses\/photos\/2023\/12\/19\/14\/103308\/house-103308-2024-12-02-02-52-32-2ccb029708bc2e792a4b93f0834f2fc727db8468-278573.jpg","https:\/\/s3gw.at.shab.cloud\/production\/houses\/photos\/2023\/12\/19\/14\/103308\/house-103308-2024-12-02-02-52-32-a9ea40624f195a309fb4a261f93dcd8e53abe848-887343.jpg","https:\/\/s3gw.at.shab.cloud\/production\/houses\/photos\/2023\/12\/19\/14\/103308\/house-103308-2024-12-02-02-52-34-46207f431fa0185c9a45ed7d7e30fe7514276864-647179.jpg","https:\/\/s3gw.at.shab.cloud\/production\/houses\/photos\/2023\/12\/19\/14\/103308\/house-103308-2024-12-02-02-52-35-5fb5bf36094f1701b0383630262c2a24b37bcb5a-287267.jpg","https:\/\/s3gw.at.shab.cloud\/production\/houses\/photos\/2023\/12\/19\/14\/103308\/house-103308-2024-12-02-02-52-36-1c2aff5da82f518ee9aa164f11698d8cee1daf81-847386.jpg","https:\/\/s3gw.at.shab.cloud\/production\/houses\/photos\/2023\/12\/19\/14\/103308\/house-103308-2024-12-02-02-52-36-d5081c45727d265e3b8da9a2d8b0c9da483c1467-692967.jpg","https:\/\/s3gw.at.shab.cloud\/production\/houses\/photos\/2023\/12\/19\/14\/103308\/house-103308-2024-12-02-02-52-37-e3ce2305ba2fa0fd8103db5295ee64eed9171ee0-655456.jpg","https:\/\/s3gw.at.shab.cloud\/production\/houses\/photos\/2023\/12\/19\/14\/103308\/house-103308-2024-12-02-02-52-39-074a93a2eaecbd700050e596139dd9f0edc250a8-114546.jpg","https:\/\/s3gw.at.shab.cloud\/production\/houses\/photos\/2023\/12\/19\/14\/103308\/house-103308-2025-04-07-11-25-09-fb6328ab1f2090cf9cdb90bbcb632aa7adefdcc9-848620.jpg","https:\/\/s3gw.at.shab.cloud\/production\/houses\/photos\/2023\/12\/19\/14\/103308\/house-103308-2025-04-07-11-25-09-c52ab4730ee7a1e671f20d45fd6a462e6c13be60-33527.jpg","https:\/\/s3gw.at.shab.cloud\/production\/houses\/photos\/2023\/12\/19\/14\/103308\/house-103308-2025-04-07-11-25-10-5998c0dcaebe3e0fe2a1c714561aeaf6494eb885-205544.jpg","https:\/\/s3gw.at.shab.cloud\/production\/houses\/photos\/2023\/12\/19\/14\/103308\/house-103308-2025-04-07-11-25-11-cd9906f8c02c01100ccc5ff427c702972481cc56-701045.jpg","https:\/\/s3gw.at.shab.cloud\/production\/houses\/photos\/2023\/12\/19\/14\/103308\/house-103308-2025-04-07-11-25-11-d025251a1c05615bccfdb926680e1c16851c88c4-773001.jpg","https:\/\/s3gw.at.shab.cloud\/production\/houses\/photos\/2023\/12\/19\/14\/103308\/house-103308-2025-04-07-11-25-12-c5dd8126e773f39f8a84c96fee647e21b06c114c-347362.jpg","https:\/\/s3gw.at.shab.cloud\/production\/houses\/photos\/2023\/12\/19\/14\/103308\/house-103308-2025-04-07-11-25-12-b8edac3ece97c4cb8d8c540318b10630a2edc1ac-710785.jpg","https:\/\/s3gw.at.shab.cloud\/production\/houses\/photos\/2023\/12\/19\/14\/103308\/house-103308-2025-04-07-11-25-13-ab2a0525eaa2d73074fb834d4a41fc0cc0db9833-454021.jpg","https:\/\/s3gw.at.shab.cloud\/production\/houses\/photos\/2023\/12\/19\/14\/103308\/house-103308-2025-04-07-11-25-13-e87fc59042516c016781cc64eacff09b31296907-671344.jpg","https:\/\/s3gw.at.shab.cloud\/production\/houses\/photos\/2023\/12\/19\/14\/103308\/house-103308-2025-04-07-11-25-14-bc3b0a64d7255b6ca630110c0ededc3c8f888540-855448.jpg","https:\/\/s3gw.at.shab.cloud\/production\/houses\/photos\/2023\/12\/19\/14\/103308\/house-103308-2025-04-07-11-25-14-1775242c1b53fab6ae32f5c5d032b1db104f8e40-16964.jpg","https:\/\/s3gw.at.shab.cloud\/production\/houses\/photos\/2023\/12\/19\/14\/103308\/house-103308-2025-04-07-11-25-15-87db3e8de5998fe78fb563fcba13fda28f8c896a-1002.jpg","https:\/\/s3gw.at.shab.cloud\/production\/houses\/photos\/2023\/12\/19\/14\/103308\/house-103308-2025-04-07-11-25-16-c13ccb9f9b3073237bcca6c6e73b05385a96fd9a-53013.jpg","https:\/\/s3gw.at.shab.cloud\/production\/houses\/photos\/2023\/12\/19\/14\/103308\/house-103308-2025-04-07-11-25-16-13d194b77c4629c8d930b78e98929eab83367c04-853091.jpg","https:\/\/s3gw.at.shab.cloud\/production\/houses\/photos\/2023\/12\/19\/14\/103308\/house-103308-2025-04-07-11-25-17-7966eab2969cf3dc1443759d08573a4d85751464-612745.jpg"],"capacity_min":4,"capacity_max":5,"pool":0,"parking":0,"wifi":0,"kitchen":1,"western_toilet":1,"iranian_toilet":1,"bathroom":1,"heating":1,"cooling":1,"jacuzzi":0,"television":0,"furniture":0,"breakfast":0}
{"id":135631,"title":"اقامتگاه بومگردی نیلوفر بی اتاق 3","url":"https:\/\/www.shab.ir\/houses\/show\/135631","source":"shab","address":"یزد, فهادان,","price":2500000,"area":60,"rating":5.0,"image_links":["https:\/\/s3gw.at.shab.cloud\/production\/houses\/photos\/2024\/10\/7\/11\/135631\/house-135631-2024-10-08-12-49-56-0e76292794888d4f1fa75fb3aff4ca27c58f56a6-779203.jpg","https:\/\/s3gw.at.shab.cloud\/production\/houses\/photos\/2024\/10\/7\/11\/135631\/house-135631-2024-10-08-12-49-57-6ce9b42a69657d7ccd19cae00a60eb710c8d8191-190289.jpg","https:\/\/s3gw.at.shab.cloud\/production\/houses\/photos\/2024\/10\/7\/11\/135631\/house-135631-2024-10-08-12-49-58-0e76292794888d4f1fa75fb3aff4ca27c58f56a6-136660.jpg","https:\/\/s3gw.at.shab.cloud\/production\/houses\/photos\/2024\/10\/7\/11\/135631\/house-135631-2024-10-08-12-50-00-0e76292794888d4f1fa75fb3aff4ca27c58f56a6-258281.jpg","https:\/\/s3gw.at.shab.cloud\/production\/houses\/photos\/2024\/10\/7\/11\/135631\/house-135631-2024-10-08-12-50-00-0e76292794888d4f1fa75fb3aff4ca27c58f56a6-165841.jpg","https:\/\/s3gw.at.shab.cloud\/production\/houses\/photos\/2024\/10\/7\/11\/135631\/house-135631-2024-10-08-12-50-01-e9cf391e35c3aeff0a78631dca63e80be55f6180-260295.jpg","https:\/\/s3gw.at.shab.cloud\/production\/houses\/photos\/2024\/10\/7\/11\/135631\/house-135631-2024-10-08-12-50-01-55c394a855f236042682c8240297b348b3911fd6-787755.jpg","https:\/\/s3gw.at.shab.cloud\/production\/houses\/photos\/2024\/10\/7\/11\/135631\/house-135631-2024-10-08-12-50-02-3cef944f0f18336fbccd8dd49566190e8937ef33-288377.jpg","https:\/\/s3gw.at.shab.cloud\/production\/houses\/photos\/2024\/10\/7\/11\/135631\/house-135631-2024-10-08-12-50-02-0e76292794888d4f1fa75fb3aff4ca27c58f56a6-461734.jpg","https:\/\/s3gw.at.shab.cloud\/production\/houses\/photos\/2024\/10\/7\/11\/135631\/house-135631-2024-10-08-12-50-03-0e76292794888d4f1fa75fb3aff4ca27c58f56a6-499728.jpg","https:\/\/s3gw.at.shab.cloud\/production\/houses\/photos\/2024\/10\/7\/11\/135631\/house-135631-2024-10-08-12-50-04-0e76292794888d4f1fa75fb3aff4ca27c58f56a6-54744.jpg","https:\/\/s3gw.at.shab.cloud\/production\/houses\/photos\/2024\/10\/7\/11\/135631\/house-135631-2024-10-08-12-50-04-0e76292794888d4f1fa75fb3aff4ca27c58f56a6-29822.jpg"],"capacity_min":4,"capacity_max":7,"pool":0,"parking":0,"wifi":0,"kitchen":1,"western_toilet":1,"iranian_toilet":0,"bathroom":1,"heating":1,"cooling":1,"jacuzzi":0,"television":1,"furniture":1,"breakfast":1}
