{"id":15977,"title":"اقامتگاه بومگردی دوسنگی ویست اتاق 4","url":"https:\/\/www.shab.ir\/houses\/show\/15977","source":"shab","address":"خوانسار, روستای ویست,","price":450000,"area":500,"rating":4.82,"image_links":["https:\/\/s3gw.at.shab.cloud\/production\/houses\/photos\/2019\/2\/18\/11\/15977\/house-15977-2019-02-18-11-52-13-0fd0bcfb44f83e7d5ac7a8922578276b9af48746.jpg","https:\/\/s3gw.at.shab.cloud\/production\/houses\/photos\/2019\/2\/18\/11\/15977\/house-15977-2019-02-18-11-52-54-0fd0bcfb44f83e7d5ac7a8922578276b9af48746.jpg","https:\/\/s3gw.at.shab.cloud\/production\/houses\/photos\/2019\/2\/18\/11\/15977\/house-15977-2019-02-18-11-53-34-0fd0bcfb44f83e7d5ac7a8922578276b9af48746.jpg","https:\/\/s3gw.at.shab.cloud\/production\/houses\/photos\/2019\/2\/18\/11\/15977\/house-15977-2019-02-18-11-53-56-0fd0bcfb44f83e7d5ac7a8922578276b9af48746.jpg","https:\/\/s3gw.at.shab.cloud\/production\/houses\/photos\/2019\/2\/18\/11\/15977\/house-15977-2019-02-18-11-54-14-0fd0bcfb44f83e7d5ac7a8922578276b9af48746.jpg","https:\/\/s3gw.at.shab.cloud\/production\/houses\/photos\/2019\/2\/18\/11\/15977\/house-15977-2024-10-23-07-52-54-b8afdda994c7420596a380f2c83fee90947a8f4b-955152.jpg","https:\/\/s3gw.at.shab.cloud\/production\/houses\/photos\/2019\/2\/18\/11\/15977\/house-15977-2024-10-23-07-52-54-51485e83b0a88bca6b855c5061f21a9520c1d4fe-430881.jpg","https:\/\/s3gw.at.shab.cloud\/production\/houses\/photos\/2019\/2\/18\/11\/15977\/house-15977-2024-10-23-07-52-55-7b2058a70654668504c9675621e6b9d19412dce4-47520.jpg","https:\/\/s3gw.at.shab.cloud\/production\/houses\/photos\/2019\/2\/18\/11\/15977\/house-15977-2024-10-23-07-52-55-3104761579df1eb7199ea591b43e0e111d838f8a-584482.jpg","https:\/\/s3gw.at.shab.cloud\/production\/houses\/photos\/2019\/2\/18\/11\/15977\/house-15977-2024-10-23-07-52-56-fa4c3c9a3fbb2ad0e994a50dc5c0d0114f8979ce-838778.jpg","https:\/\/s3gw.at.shab.cloud\/production\/houses\/photos\/2019\/2\/18\/11\/15977\/house-15977-2024-10-23-07-52-56-a694995dc85d147f9937794a0e922553cb6b08ee-235411.jpg","https:\/\/s3gw.at.shab.cloud\/production\/houses\/photos\/2019\/2\/18\/11\/15977\/house-15977-2024-10-23-07-52-57-f8066c95b4bf1ccb2b7ed9d06eaefb7230dcb501-158321.jpg","https:\/\/s3gw.at.shab.cloud\/production\/houses\/photos\/2019\/2\/18\/11\/15977\/house-15977-2024-10-23-07-52-57-0ea68e0e7bae5a03396387a1586555925353162a-442879.jpg","https:\/\/s3gw.at.shab.cloud\/production\/houses\/photos\/2019\/2\/18\/11\/15977\/house-15977-2024-10-23-07-52-57-11fa56a79b4ba6c706e80e2d5c0275d8a2b8da02-784390.jpg","https:\/\/s3gw.at.shab.cloud\/production\/houses\/photos\/2019\/2\/18\/11\/15977\/house-15977-2024-10-23-07-52-58-cdaa820bd4990cbea98931876cf927ca990735a2-419587.jpg"],"capacity_min":4,"capacity_max":6,"pool":0,"parking":0,"wifi":0,"kitchen":0,"western_toilet":0,"iranian_toilet":0,"bathroom":0,"heating":0,"cooling":0,"jacuzzi":0,"television":0,"furniture":0,"breakfast":0}
