{"id":27777,"title":"اقامتگاه بومگردی خانه ما اتاق 1","url":"https:\/\/www.shab.ir\/houses\/show\/27777","source":"shab","address":"اسدآباد, ملحمدره,","price":1000000,"area":15,"rating":5.0,"image_links":["https:\/\/s3gw.at.shab.cloud\/production\/houses\/photos\/2019\/7\/23\/13\/27777\/house-27777-2025-03-28-11-48-09-5a53c9634e5d4c8a2f19f93127acaa819e4366f2-403670.jpg","https:\/\/s3gw.at.shab.cloud\/production\/houses\/photos\/2019\/7\/23\/13\/27777\/house-27777-2025-03-28-11-48-10-62f213addd946497122b47ce93b46de7998d321c-111169.jpg","https:\/\/s3gw.at.shab.cloud\/production\/houses\/photos\/2019\/7\/23\/13\/27777\/house-27777-2025-03-28-11-48-10-1796fee30a85202f7d154d391535dff6c28e9948-735978.jpg","https:\/\/s3gw.at.shab.cloud\/production\/houses\/photos\/2019\/7\/23\/13\/27777\/house-27777-2025-03-28-11-48-10-f1be2cd9cd86179b1331a96f90a4048c2bcbd3b5-102161.jpg","https:\/\/s3gw.at.shab.cloud\/production\/houses\/photos\/2019\/7\/23\/13\/27777\/house-27777-2025-03-28-11-48-10-b15bc886027aba8ce82441e62e694ec763fae745-600623.jpg","https:\/\/s3gw.at.shab.cloud\/production\/houses\/photos\/2019\/7\/23\/13\/27777\/house-27777-2025-03-28-11-48-11-ff3a5f713875f9faff57ff1826627a3e0a34b7b2-31755.jpg","https:\/\/s3gw.at.shab.cloud\/production\/houses\/photos\/2019\/7\/23\/13\/27777\/house-27777-2025-03-28-11-48-12-95795b0e6e9bc7921405ba3911790b289850efe3-951368.jpg","https:\/\/s3gw.at.shab.cloud\/production\/houses\/photos\/2019\/7\/23\/13\/27777\/house-27777-2025-03-28-11-48-12-34a3343a9aca6a080a68f4a2f15d77a9a8232132-226105.jpg","https:\/\/s3gw.at.shab.cloud\/production\/houses\/photos\/2019\/7\/23\/13\/27777\/house-27777-2025-03-28-11-48-13-e081dd12f7bce115d9752413e11d2c8aadf88137-56271.jpg","https:\/\/s3gw.at.shab.cloud\/production\/houses\/photos\/2019\/7\/23\/13\/27777\/house-27777-2025-03-28-11-48-14-166c4635d8d100424dd72689039ee5aa8c8c73b4-140086.jpg"],"capacity_min":5,"capacity_max":15,"pool":0,"parking":0,"wifi":1,"kitchen":0,"western_toilet":0,"iranian_toilet":0,"bathroom":0,"heating":0,"cooling":0,"jacuzzi":0,"television":0,"furniture":0,"breakfast":1}
