
[
    {
        "title": "اجاره بوم گردی ساحلی خماسی هنگام - واحد سه تخته 2 هنگام",
        "img_links": [
            "https://cdn.jabama.com/image/890x492/jabama-images/1242623/6da35dc6-ed20-4d9f-ba65-c65145409030.jpg",
            "https://cdn.jabama.com/image/383x240/jabama-images/4462596/457e1d5d-fb9d-4d11-897f-a9c893fe8ed8.jfif",
            "https://cdn.jabama.com/image/383x240/jabama-images/1242623/ed4f4079-b20b-4bc4-92de-38cbd4d8f364.jpg",
            "https://cdn.jabama.com/image/383x240/jabama-images/1242623/f6f86cca-f678-4373-9fde-3fb9eec36b09.jpg",
            "https://cdn.jabama.com/image/383x240/jabama-images/1242623/28212ff9-f776-4602-afeb-d5024a28c0c1.jpg"
        ],
        "metr": "۳۰ متر زیربنا",
        "address": "استان هرمزگان، هنگام",
        "price": "2,330,000 تومان",
        "facilities": [
            "منظره به دریا",
            "آنتن‌دهی موبایل",
            "سیستم سرمایشی",
            "سیستم گرمایشی",
            "وعده غذایی",
            "سم‌پاشی دوره‌ای",
            "آنتن‌دهی موبایل",
            "سیستم سرمایشی",
            "سیستم گرمایشی",
            "مبلمان",
            "آب",
            "برق",
            "گاز",
            "اينترنت (Wifi)",
            "سرویس بهداشتی ایرانی",
            "سرویس بهداشتی فرنگی",
            "حمام",
            "یخچال",
            "منظره به دریا",
            "منظره به حیاط اقامتگاه",
            "وعده غذایی",
            "سم‌پاشی دوره‌ای",
            "کافی شاپ",
            "فروشگاه",
            "سرویس رفت‌وآمد",
            "خدمات پزشکی",
            "نگهبان",
            "دوربین مداربسته",
            "جعبه کمک‌های اولیه",
            "کپسول آتش نشانی"
        ],
        "rating": "5",
        "rules": [
            "پذیرش ۲۴ ساعته مهمان.",
            "پذیرش گروه‌های مجردی (فقط آقایان یا خانم‌ها) فراهم است.",
            "همراه داشتن کارت ملی الزامی می باشد",
            "استعمال دخانیات مجاز نیست.",
            "ورود حیوانات خانگی مجاز نیست.",
            "برگزاری مراسم مجاز نیست."
        ],
        "checkin_time": "02:00 (بعدازظهر)",
        "checkout_time": "12:00 (ظهر)",
        "host_name": "مرتضی موغلی",
        "capacity": "ظرفیت تا ۴ نفر (۳ نفر پایه + تا ۱ نفر اضافه)"
    }
]