[
    {
        "id": "traditional-520978",
        "url": "https://www.jabama.com/stay/traditional-520978",
        "title": "اقامتگاه سنتی سیمرغ - واحد 103",
        "img_links": [
            "https://cdn.jabama.com/image/383x240/jabama-images/931110/715bbf9e-081b-48a8-ba1b-5b81c400e0c1.jpg",
            "https://cdn.jabama.com/image/383x240/jabama-images/931110/e0ea4463-4607-492d-b381-16a9af8d3240.jpg",
            "https://cdn.jabama.com/image/890x492/jabama-images/931110/3e467389-d032-4130-95e3-2380e3825574.jpg",
            "https://cdn.jabama.com/image/383x240/jabama-images/931110/11013009-d6f0-4dd3-9f78-0623861a5a44.jpg",
            "https://cdn.jabama.com/image/383x240/jabama-images/931110/5e5d0e8b-7e9a-4a5d-885a-6f00ce3b4290.jpg"
        ],
        "metr": "۱۸ متر زیربنا",
        "address": "استان فارس، شیراز",
        "price": "2,240,000 تومان",
        "facilities": [
            "پارکینگ",
            "آنتن‌دهی موبایل",
            "سیستم سرمایشی",
            "سیستم گرمایشی",
            "وعده غذایی",
            "کافی شاپ"
        ],
        "rating": "4.8",
        "rules": [
            "پذیرش ۲۴ ساعته مهمان.",
            "پذیرش گروه‌های مجردی (فقط آقایان یا خانم‌ها) فراهم است.",
            "همراه داشتن مدارک محرمیت الزامی است.",
            "همراه داشتن کارت ملی الزامی می باشد",
            "استعمال دخانیات مجاز نیست.",
            "ورود حیوانات خانگی مجاز نیست.",
            "برگزاری مراسم مجاز نیست."
        ],
        "checkin_time": "02:00 (بعدازظهر)",
        "checkout_time": "12:00 (ظهر)",
        "host_name": "پیمان اختری",
        "capacity": "ظرفیت تا ۴ نفر (۳ نفر پایه + تا ۱ نفر اضافه)"
    },
    {
        "id": "ecotourism-540599",
        "url": "https://www.jabama.com/stay/ecotourism-540599",
        "title": "اجاره بوم گردی کوهپایه - واحد 4 رشت",
        "img_links": [],
        "metr": "unknown",
        "address": "unknown",
        "price": "unknown",
        "facilities": [],
        "rating": "unknown",
        "rules": [],
        "checkin_time": "unknown",
        "checkout_time": "unknown",
        "host_name": "unknown",
        "capacity": "unknown"
    },
    {
        "id": "traditional-371196",
        "url": "https://www.jabama.com/stay/traditional-371196",
        "title": "اقامتگاه سنتی خانه معمار - واحد پنج دری پایین",
        "img_links": [],
        "metr": "unknown",
        "address": "unknown",
        "price": "unknown",
        "facilities": [],
        "rating": "unknown",
        "rules": [],
        "checkin_time": "unknown",
        "checkout_time": "unknown",
        "host_name": "unknown",
        "capacity": "unknown"
    },
    {
        "id": "ecotourism-540597",
        "url": "https://www.jabama.com/stay/ecotourism-540597",
        "title": "اجاره بوم گردی کوهپایه - واحد 2 رشت",
        "img_links": [],
        "metr": "unknown",
        "address": "unknown",
        "price": "unknown",
        "facilities": [],
        "rating": "unknown",
        "rules": [],
        "checkin_time": "unknown",
        "checkout_time": "unknown",
        "host_name": "unknown",
        "capacity": "unknown"
    },
    {
        "id": "ecotourism-408236",
        "url": "https://www.jabama.com/stay/ecotourism-408236",
        "title": "اجاره بوم گردی پلنگ خیل - واحد روح نواز 2 بهشهر",
        "img_links": [],
        "metr": "unknown",
        "address": "unknown",
        "price": "unknown",
        "facilities": [],
        "rating": "unknown",
        "rules": [],
        "checkin_time": "unknown",
        "checkout_time": "unknown",
        "host_name": "unknown",
        "capacity": "unknown"
    },
    {
        "id": "ecotourism-84679",
        "url": "https://www.jabama.com/stay/ecotourism-84679",
        "title": "اجاره بوم گردی ماه سلطان - واحد شه بانو شیراز",
        "img_links": [],
        "metr": "unknown",
        "address": "unknown",
        "price": "unknown",
        "facilities": [],
        "rating": "unknown",
        "rules": [],
        "checkin_time": "unknown",
        "checkout_time": "unknown",
        "host_name": "unknown",
        "capacity": "unknown"
    },
    {
        "id": "traditional-402358",
        "url": "https://www.jabama.com/stay/traditional-402358",
        "title": "اقامتگاه سنتی بوتیک هتل دیمه - واحد گوشواره",
        "img_links": [],
        "metr": "unknown",
        "address": "unknown",
        "price": "unknown",
        "facilities": [],
        "rating": "unknown",
        "rules": [],
        "checkin_time": "unknown",
        "checkout_time": "unknown",
        "host_name": "unknown",
        "capacity": "unknown"
    },
    {
        "id": "ecotourism-583499",
        "url": "https://www.jabama.com/stay/ecotourism-583499",
        "title": "اجاره بوم گردی ویشه راش - واحد 1 شیرگاه",
        "img_links": [],
        "metr": "unknown",
        "address": "unknown",
        "price": "unknown",
        "facilities": [],
        "rating": "unknown",
        "rules": [],
        "checkin_time": "unknown",
        "checkout_time": "unknown",
        "host_name": "unknown",
        "capacity": "unknown"
    },
    {
        "id": "ecotourism-426104",
        "url": "https://www.jabama.com/stay/ecotourism-426104",
        "title": "اجاره بوم گردی سرای سپنج - واحد گنبد یزد",
        "img_links": [],
        "metr": "unknown",
        "address": "unknown",
        "price": "unknown",
        "facilities": [],
        "rating": "unknown",
        "rules": [],
        "checkin_time": "unknown",
        "checkout_time": "unknown",
        "host_name": "unknown",
        "capacity": "unknown"
    },
    {
        "id": "ecotourism-516418",
        "url": "https://www.jabama.com/stay/ecotourism-516418",
        "title": "اجاره بوم گردی سرای بابا حاجی - واحد جهاز بوم دلوار",
        "img_links": [],
        "metr": "unknown",
        "address": "unknown",
        "price": "unknown",
        "facilities": [],
        "rating": "unknown",
        "rules": [],
        "checkin_time": "unknown",
        "checkout_time": "unknown",
        "host_name": "unknown",
        "capacity": "unknown"
    },
    {
        "id": "ecotourism-387448",
        "url": "https://www.jabama.com/stay/ecotourism-387448",
        "title": "اجاره بوم گردی چمی سو - تلارخونه واحد یک چوبر",
        "img_links": [],
        "metr": "unknown",
        "address": "unknown",
        "price": "unknown",
        "facilities": [],
        "rating": "unknown",
        "rules": [],
        "checkin_time": "unknown",
        "checkout_time": "unknown",
        "host_name": "unknown",
        "capacity": "unknown"
    },
    {
        "id": "ecotourism-564710",
        "url": "https://www.jabama.com/stay/ecotourism-564710",
        "title": "اجاره بوم گردی قنات ابراهیم آباد - واحد خونه عروس اراک",
        "img_links": [],
        "metr": "unknown",
        "address": "unknown",
        "price": "unknown",
        "facilities": [],
        "rating": "unknown",
        "rules": [],
        "checkin_time": "unknown",
        "checkout_time": "unknown",
        "host_name": "unknown",
        "capacity": "unknown"
    },
    {
        "id": "traditional-404625",
        "url": "https://www.jabama.com/stay/traditional-404625",
        "title": "اقامتگاه سنتی دوخوابه کاکوله",
        "img_links": [],
        "metr": "unknown",
        "address": "unknown",
        "price": "unknown",
        "facilities": [],
        "rating": "unknown",
        "rules": [],
        "checkin_time": "unknown",
        "checkout_time": "unknown",
        "host_name": "unknown",
        "capacity": "unknown"
    },
    {
        "id": "traditional-384577",
        "url": "https://www.jabama.com/stay/traditional-384577",
        "title": "اقامتگاه سنتی صخره ای کندوان - واحد خان",
        "img_links": [],
        "metr": "unknown",
        "address": "unknown",
        "price": "unknown",
        "facilities": [],
        "rating": "unknown",
        "rules": [],
        "checkin_time": "unknown",
        "checkout_time": "unknown",
        "host_name": "unknown",
        "capacity": "unknown"
    },
    {
        "id": "traditional-675606",
        "url": "https://www.jabama.com/stay/traditional-675606",
        "title": "اقامتگاه سنتی رُباب - واحد بَربط",
        "img_links": [],
        "metr": "unknown",
        "address": "unknown",
        "price": "unknown",
        "facilities": [],
        "rating": "unknown",
        "rules": [],
        "checkin_time": "unknown",
        "checkout_time": "unknown",
        "host_name": "unknown",
        "capacity": "unknown"
    },
    {
        "id": "ecotourism-80792",
        "url": "https://www.jabama.com/stay/ecotourism-80792",
        "title": "اجاره بوم گردی سرای اساس - واحد 3 سوادکوه",
        "img_links": [],
        "metr": "unknown",
        "address": "unknown",
        "price": "unknown",
        "facilities": [],
        "rating": "unknown",
        "rules": [],
        "checkin_time": "unknown",
        "checkout_time": "unknown",
        "host_name": "unknown",
        "capacity": "unknown"
    },
    {
        "id": "ecotourism-92158",
        "url": "https://www.jabama.com/stay/ecotourism-92158",
        "title": "اجاره بوم گردی دوخوابه صخره ای تورال کندوان اسکو",
        "img_links": [],
        "metr": "unknown",
        "address": "unknown",
        "price": "unknown",
        "facilities": [],
        "rating": "unknown",
        "rules": [],
        "checkin_time": "unknown",
        "checkout_time": "unknown",
        "host_name": "unknown",
        "capacity": "unknown"
    },
    {
        "id": "ecotourism-80797",
        "url": "https://www.jabama.com/stay/ecotourism-80797",
        "title": "اجاره بوم گردی سرای اساس - واحد 1 سوادکوه",
        "img_links": [],
        "metr": "unknown",
        "address": "unknown",
        "price": "unknown",
        "facilities": [],
        "rating": "unknown",
        "rules": [],
        "checkin_time": "unknown",
        "checkout_time": "unknown",
        "host_name": "unknown",
        "capacity": "unknown"
    },
    {
        "id": "ecotourism-488267",
        "url": "https://www.jabama.com/stay/ecotourism-488267",
        "title": "اجاره بوم گردی دنیز - واحد 40 سوادکوه",
        "img_links": [],
        "metr": "unknown",
        "address": "unknown",
        "price": "unknown",
        "facilities": [],
        "rating": "unknown",
        "rules": [],
        "checkin_time": "unknown",
        "checkout_time": "unknown",
        "host_name": "unknown",
        "capacity": "unknown"
    },
    {
        "id": "ecotourism-360649",
        "url": "https://www.jabama.com/stay/ecotourism-360649",
        "title": "اجاره بوم گردی الهه - واحد ترمه یزد",
        "img_links": [],
        "metr": "unknown",
        "address": "unknown",
        "price": "unknown",
        "facilities": [],
        "rating": "unknown",
        "rules": [],
        "checkin_time": "unknown",
        "checkout_time": "unknown",
        "host_name": "unknown",
        "capacity": "unknown"
    },
    {
        "id": "ecotourism-659827",
        "url": "https://www.jabama.com/stay/ecotourism-659827",
        "title": "اجاره بوم گردی حورا - واحد جبیر قشم",
        "img_links": [],
        "metr": "unknown",
        "address": "unknown",
        "price": "unknown",
        "facilities": [],
        "rating": "unknown",
        "rules": [],
        "checkin_time": "unknown",
        "checkout_time": "unknown",
        "host_name": "unknown",
        "capacity": "unknown"
    },
    {
        "id": "ecotourism-659824",
        "url": "https://www.jabama.com/stay/ecotourism-659824",
        "title": "اجاره بوم گردی حورا - واحد هانیل قشم",
        "img_links": [],
        "metr": "unknown",
        "address": "unknown",
        "price": "unknown",
        "facilities": [],
        "rating": "unknown",
        "rules": [],
        "checkin_time": "unknown",
        "checkout_time": "unknown",
        "host_name": "unknown",
        "capacity": "unknown"
    },
    {
        "id": "traditional-393771",
        "url": "https://www.jabama.com/stay/traditional-393771",
        "title": "اقامتگاه سنتی آب - واحد کچا",
        "img_links": [],
        "metr": "unknown",
        "address": "unknown",
        "price": "unknown",
        "facilities": [],
        "rating": "unknown",
        "rules": [],
        "checkin_time": "unknown",
        "checkout_time": "unknown",
        "host_name": "unknown",
        "capacity": "unknown"
    },
    {
        "id": "ecotourism-384175",
        "url": "https://www.jabama.com/stay/ecotourism-384175",
        "title": "اجاره بوم گردی تلار سر - واحد چیچینی رشت",
        "img_links": [],
        "metr": "unknown",
        "address": "unknown",
        "price": "unknown",
        "facilities": [],
        "rating": "unknown",
        "rules": [],
        "checkin_time": "unknown",
        "checkout_time": "unknown",
        "host_name": "unknown",
        "capacity": "unknown"
    },
    {
        "id": "traditional-484763",
        "url": "https://www.jabama.com/stay/traditional-484763",
        "title": "اقامتگاه سنتی استارسو - واحد عمارت درختان تل تلی",
        "img_links": [],
        "metr": "unknown",
        "address": "unknown",
        "price": "unknown",
        "facilities": [],
        "rating": "unknown",
        "rules": [],
        "checkin_time": "unknown",
        "checkout_time": "unknown",
        "host_name": "unknown",
        "capacity": "unknown"
    },
    {
        "id": "ecotourism-477125",
        "url": "https://www.jabama.com/stay/ecotourism-477125",
        "title": "اجاره بوم گردی آوای باران - واحد ۱ رضوانشهر",
        "img_links": [],
        "metr": "unknown",
        "address": "unknown",
        "price": "unknown",
        "facilities": [],
        "rating": "unknown",
        "rules": [],
        "checkin_time": "unknown",
        "checkout_time": "unknown",
        "host_name": "unknown",
        "capacity": "unknown"
    },
    {
        "id": "ecotourism-500119",
        "url": "https://www.jabama.com/stay/ecotourism-500119",
        "title": "اجاره بوم گردی کوهپایه - واحد 1 رشت",
        "img_links": [],
        "metr": "unknown",
        "address": "unknown",
        "price": "unknown",
        "facilities": [],
        "rating": "unknown",
        "rules": [],
        "checkin_time": "unknown",
        "checkout_time": "unknown",
        "host_name": "unknown",
        "capacity": "unknown"
    },
    {
        "id": "ecotourism-682341",
        "url": "https://www.jabama.com/stay/ecotourism-682341",
        "title": "اجاره بوم گردی یک خوابه استخردار نخل سفید - واحد ماج هرمز",
        "img_links": [],
        "metr": "unknown",
        "address": "unknown",
        "price": "unknown",
        "facilities": [],
        "rating": "unknown",
        "rules": [],
        "checkin_time": "unknown",
        "checkout_time": "unknown",
        "host_name": "unknown",
        "capacity": "unknown"
    },
    {
        "id": "traditional-534870",
        "url": "https://www.jabama.com/stay/traditional-534870",
        "title": "اقامتگاه سنتی توراندخت - واحد سرداب",
        "img_links": [],
        "metr": "unknown",
        "address": "unknown",
        "price": "unknown",
        "facilities": [],
        "rating": "unknown",
        "rules": [],
        "checkin_time": "unknown",
        "checkout_time": "unknown",
        "host_name": "unknown",
        "capacity": "unknown"
    },
    {
        "id": "ecotourism-91440",
        "url": "https://www.jabama.com/stay/ecotourism-91440",
        "title": "اجاره بوم گردی شهرزاد - واحد یک تخته یزد",
        "img_links": [],
        "metr": "unknown",
        "address": "unknown",
        "price": "unknown",
        "facilities": [],
        "rating": "unknown",
        "rules": [],
        "checkin_time": "unknown",
        "checkout_time": "unknown",
        "host_name": "unknown",
        "capacity": "unknown"
    },
    {
        "id": "ecotourism-339142",
        "url": "https://www.jabama.com/stay/ecotourism-339142",
        "title": "اجاره بوم گردی ناخدا علی - واحد گل محمدی قشم",
        "img_links": [],
        "metr": "unknown",
        "address": "unknown",
        "price": "unknown",
        "facilities": [],
        "rating": "unknown",
        "rules": [],
        "checkin_time": "unknown",
        "checkout_time": "unknown",
        "host_name": "unknown",
        "capacity": "unknown"
    },
    {
        "id": "ecotourism-549486",
        "url": "https://www.jabama.com/stay/ecotourism-549486",
        "title": "اجاره بوم گردی میرزا - واحد 5 VIP قشم",
        "img_links": [],
        "metr": "unknown",
        "address": "unknown",
        "price": "unknown",
        "facilities": [],
        "rating": "unknown",
        "rules": [],
        "checkin_time": "unknown",
        "checkout_time": "unknown",
        "host_name": "unknown",
        "capacity": "unknown"
    },
    {
        "id": "traditional-613779",
        "url": "https://www.jabama.com/stay/traditional-613779",
        "title": "اقامتگاه سنتی نارنج - واحد سرو",
        "img_links": [],
        "metr": "unknown",
        "address": "unknown",
        "price": "unknown",
        "facilities": [],
        "rating": "unknown",
        "rules": [],
        "checkin_time": "unknown",
        "checkout_time": "unknown",
        "host_name": "unknown",
        "capacity": "unknown"
    },
    {
        "id": "traditional-540916",
        "url": "https://www.jabama.com/stay/traditional-540916",
        "title": "اقامتگاه سنتی گیلدا - واحد 1",
        "img_links": [],
        "metr": "unknown",
        "address": "unknown",
        "price": "unknown",
        "facilities": [],
        "rating": "unknown",
        "rules": [],
        "checkin_time": "unknown",
        "checkout_time": "unknown",
        "host_name": "unknown",
        "capacity": "unknown"
    },
    {
        "id": "traditional-454551",
        "url": "https://www.jabama.com/stay/traditional-454551",
        "title": "اقامتگاه سنتی یک خوابه دم زنون اساس",
        "img_links": [],
        "metr": "unknown",
        "address": "unknown",
        "price": "unknown",
        "facilities": [],
        "rating": "unknown",
        "rules": [],
        "checkin_time": "unknown",
        "checkout_time": "unknown",
        "host_name": "unknown",
        "capacity": "unknown"
    },
    {
        "id": "ecotourism-521073",
        "url": "https://www.jabama.com/stay/ecotourism-521073",
        "title": "اجاره بوم گردی الوند جنوب بندر مقام - واحد 1 پارسیان",
        "img_links": [],
        "metr": "unknown",
        "address": "unknown",
        "price": "unknown",
        "facilities": [],
        "rating": "unknown",
        "rules": [],
        "checkin_time": "unknown",
        "checkout_time": "unknown",
        "host_name": "unknown",
        "capacity": "unknown"
    },
    {
        "id": "ecotourism-90312",
        "url": "https://www.jabama.com/stay/ecotourism-90312",
        "title": "اجاره بوم گردی محلی قلعه - سه تخته الموت",
        "img_links": [],
        "metr": "unknown",
        "address": "unknown",
        "price": "unknown",
        "facilities": [],
        "rating": "unknown",
        "rules": [],
        "checkin_time": "unknown",
        "checkout_time": "unknown",
        "host_name": "unknown",
        "capacity": "unknown"
    },
    {
        "id": "traditional-91008",
        "url": "https://www.jabama.com/stay/traditional-91008",
        "title": "اقامتگاه سنتی ثنا - واحد 3",
        "img_links": [],
        "metr": "unknown",
        "address": "unknown",
        "price": "unknown",
        "facilities": [],
        "rating": "unknown",
        "rules": [],
        "checkin_time": "unknown",
        "checkout_time": "unknown",
        "host_name": "unknown",
        "capacity": "unknown"
    },
    {
        "id": "ecotourism-501510",
        "url": "https://www.jabama.com/stay/ecotourism-501510",
        "title": "اجاره بوم گردی یک خوابه آریا مهر برفی ساری",
        "img_links": [],
        "metr": "unknown",
        "address": "unknown",
        "price": "unknown",
        "facilities": [],
        "rating": "unknown",
        "rules": [],
        "checkin_time": "unknown",
        "checkout_time": "unknown",
        "host_name": "unknown",
        "capacity": "unknown"
    },
    {
        "id": "traditional-449258",
        "url": "https://www.jabama.com/stay/traditional-449258",
        "title": "اقامتگاه سنتی نیایش سوته دلان - واحد 7",
        "img_links": [],
        "metr": "unknown",
        "address": "unknown",
        "price": "unknown",
        "facilities": [],
        "rating": "unknown",
        "rules": [],
        "checkin_time": "unknown",
        "checkout_time": "unknown",
        "host_name": "unknown",
        "capacity": "unknown"
    },
    {
        "id": "ecotourism-626767",
        "url": "https://www.jabama.com/stay/ecotourism-626767",
        "title": "اجاره بوم گردی بیجار کنار - واحد 3 رشت",
        "img_links": [],
        "metr": "unknown",
        "address": "unknown",
        "price": "unknown",
        "facilities": [],
        "rating": "unknown",
        "rules": [],
        "checkin_time": "unknown",
        "checkout_time": "unknown",
        "host_name": "unknown",
        "capacity": "unknown"
    },
    {
        "id": "ecotourism-456734",
        "url": "https://www.jabama.com/stay/ecotourism-456734",
        "title": "اجاره بوم گردی سرای کربلایی فریدون - واحد سایه نشین 4 گلپایگان",
        "img_links": [],
        "metr": "unknown",
        "address": "unknown",
        "price": "unknown",
        "facilities": [],
        "rating": "unknown",
        "rules": [],
        "checkin_time": "unknown",
        "checkout_time": "unknown",
        "host_name": "unknown",
        "capacity": "unknown"
    },
    {
        "id": "ecotourism-659825",
        "url": "https://www.jabama.com/stay/ecotourism-659825",
        "title": "اجاره بوم گردی حورا - واحد جهله قشم",
        "img_links": [],
        "metr": "unknown",
        "address": "unknown",
        "price": "unknown",
        "facilities": [],
        "rating": "unknown",
        "rules": [],
        "checkin_time": "unknown",
        "checkout_time": "unknown",
        "host_name": "unknown",
        "capacity": "unknown"
    },
    {
        "id": "ecotourism-397658",
        "url": "https://www.jabama.com/stay/ecotourism-397658",
        "title": "اجاره بوم گردی ستاره گیلان - واحد ستاره ۵ رودبار",
        "img_links": [],
        "metr": "unknown",
        "address": "unknown",
        "price": "unknown",
        "facilities": [],
        "rating": "unknown",
        "rules": [],
        "checkin_time": "unknown",
        "checkout_time": "unknown",
        "host_name": "unknown",
        "capacity": "unknown"
    },
    {
        "id": "ecotourism-449709",
        "url": "https://www.jabama.com/stay/ecotourism-449709",
        "title": "اجاره بوم گردی دوکاج - واحد دوتخته 9 یزد",
        "img_links": [],
        "metr": "unknown",
        "address": "unknown",
        "price": "unknown",
        "facilities": [],
        "rating": "unknown",
        "rules": [],
        "checkin_time": "unknown",
        "checkout_time": "unknown",
        "host_name": "unknown",
        "capacity": "unknown"
    },
    {
        "id": "traditional-593050",
        "url": "https://www.jabama.com/stay/traditional-593050",
        "title": "اقامتگاه سنتی نیما و نیکان - واحد ارغوان",
        "img_links": [],
        "metr": "unknown",
        "address": "unknown",
        "price": "unknown",
        "facilities": [],
        "rating": "unknown",
        "rules": [],
        "checkin_time": "unknown",
        "checkout_time": "unknown",
        "host_name": "unknown",
        "capacity": "unknown"
    },
    {
        "id": "ecotourism-561412",
        "url": "https://www.jabama.com/stay/ecotourism-561412",
        "title": "اجاره بوم گردی بانوی گیلان - واحد پامچال رشت",
        "img_links": [],
        "metr": "unknown",
        "address": "unknown",
        "price": "unknown",
        "facilities": [],
        "rating": "unknown",
        "rules": [],
        "checkin_time": "unknown",
        "checkout_time": "unknown",
        "host_name": "unknown",
        "capacity": "unknown"
    },
    {
        "id": "traditional-540914",
        "url": "https://www.jabama.com/stay/traditional-540914",
        "title": "اقامتگاه سنتی گیلدا - واحد 4",
        "img_links": [],
        "metr": "unknown",
        "address": "unknown",
        "price": "unknown",
        "facilities": [],
        "rating": "unknown",
        "rules": [],
        "checkin_time": "unknown",
        "checkout_time": "unknown",
        "host_name": "unknown",
        "capacity": "unknown"
    },
    {
        "id": "ecotourism-449682",
        "url": "https://www.jabama.com/stay/ecotourism-449682",
        "title": "اجاره بوم گردی سنتی دوکاج - واحد دوتخته 8 یزد",
        "img_links": [],
        "metr": "unknown",
        "address": "unknown",
        "price": "unknown",
        "facilities": [],
        "rating": "unknown",
        "rules": [],
        "checkin_time": "unknown",
        "checkout_time": "unknown",
        "host_name": "unknown",
        "capacity": "unknown"
    },
    {
        "id": "ecotourism-91476",
        "url": "https://www.jabama.com/stay/ecotourism-91476",
        "title": "اجاره بوم گردی فروردین - واحد رِمس یزد",
        "img_links": [],
        "metr": "unknown",
        "address": "unknown",
        "price": "unknown",
        "facilities": [],
        "rating": "unknown",
        "rules": [],
        "checkin_time": "unknown",
        "checkout_time": "unknown",
        "host_name": "unknown",
        "capacity": "unknown"
    },
    {
        "id": "ecotourism-327639",
        "url": "https://www.jabama.com/stay/ecotourism-327639",
        "title": "اجاره بوم گردی حاج علی - واحد 4 بندر گز",
        "img_links": [],
        "metr": "unknown",
        "address": "unknown",
        "price": "unknown",
        "facilities": [],
        "rating": "unknown",
        "rules": [],
        "checkin_time": "unknown",
        "checkout_time": "unknown",
        "host_name": "unknown",
        "capacity": "unknown"
    },
    {
        "id": "traditional-91012",
        "url": "https://www.jabama.com/stay/traditional-91012",
        "title": "اقامتگاه سنتی ثنا - واحد دوتخته همکف",
        "img_links": [],
        "metr": "unknown",
        "address": "unknown",
        "price": "unknown",
        "facilities": [],
        "rating": "unknown",
        "rules": [],
        "checkin_time": "unknown",
        "checkout_time": "unknown",
        "host_name": "unknown",
        "capacity": "unknown"
    },
    {
        "id": "ecotourism-607593",
        "url": "https://www.jabama.com/stay/ecotourism-607593",
        "title": "اجاره بوم گردی فلت باغ خورشید 1 سامان",
        "img_links": [],
        "metr": "unknown",
        "address": "unknown",
        "price": "unknown",
        "facilities": [],
        "rating": "unknown",
        "rules": [],
        "checkin_time": "unknown",
        "checkout_time": "unknown",
        "host_name": "unknown",
        "capacity": "unknown"
    },
    {
        "id": "traditional-705398",
        "url": "https://www.jabama.com/stay/traditional-705398",
        "title": "اقامتگاه سنتی خانه خورشید حصار - واحد سرو",
        "img_links": [],
        "metr": "unknown",
        "address": "unknown",
        "price": "unknown",
        "facilities": [],
        "rating": "unknown",
        "rules": [],
        "checkin_time": "unknown",
        "checkout_time": "unknown",
        "host_name": "unknown",
        "capacity": "unknown"
    },
    {
        "id": "ecotourism-665491",
        "url": "https://www.jabama.com/stay/ecotourism-665491",
        "title": "اجاره بوم گردی سه خوابه ساحلی خانه مرجان قشم",
        "img_links": [],
        "metr": "unknown",
        "address": "unknown",
        "price": "unknown",
        "facilities": [],
        "rating": "unknown",
        "rules": [],
        "checkin_time": "unknown",
        "checkout_time": "unknown",
        "host_name": "unknown",
        "capacity": "unknown"
    },
    {
        "id": "ecotourism-80631",
        "url": "https://www.jabama.com/stay/ecotourism-80631",
        "title": "اجاره بوم گردی شب های کاغذی - واحد 5 ابوزیدآباد",
        "img_links": [],
        "metr": "unknown",
        "address": "unknown",
        "price": "unknown",
        "facilities": [],
        "rating": "unknown",
        "rules": [],
        "checkin_time": "unknown",
        "checkout_time": "unknown",
        "host_name": "unknown",
        "capacity": "unknown"
    },
    {
        "id": "ecotourism-665485",
        "url": "https://www.jabama.com/stay/ecotourism-665485",
        "title": "اجاره بوم گردی دوخوابه ساحلی لافت 17 قشم",
        "img_links": [],
        "metr": "unknown",
        "address": "unknown",
        "price": "unknown",
        "facilities": [],
        "rating": "unknown",
        "rules": [],
        "checkin_time": "unknown",
        "checkout_time": "unknown",
        "host_name": "unknown",
        "capacity": "unknown"
    },
    {
        "id": "ecotourism-545281",
        "url": "https://www.jabama.com/stay/ecotourism-545281",
        "title": "اجاره بوم گردی باغ طاها - واحد 4 کنارک",
        "img_links": [],
        "metr": "unknown",
        "address": "unknown",
        "price": "unknown",
        "facilities": [],
        "rating": "unknown",
        "rules": [],
        "checkin_time": "unknown",
        "checkout_time": "unknown",
        "host_name": "unknown",
        "capacity": "unknown"
    },
    {
        "id": "ecotourism-665487",
        "url": "https://www.jabama.com/stay/ecotourism-665487",
        "title": "اجاره بوم گردی دوخوابه ساحلی خانه سعدی قشم",
        "img_links": [],
        "metr": "unknown",
        "address": "unknown",
        "price": "unknown",
        "facilities": [],
        "rating": "unknown",
        "rules": [],
        "checkin_time": "unknown",
        "checkout_time": "unknown",
        "host_name": "unknown",
        "capacity": "unknown"
    },
    {
        "id": "ecotourism-324538",
        "url": "https://www.jabama.com/stay/ecotourism-324538",
        "title": "اجاره بوم گردی دوخوابه سنتی گلبند رودبار",
        "img_links": [],
        "metr": "unknown",
        "address": "unknown",
        "price": "unknown",
        "facilities": [],
        "rating": "unknown",
        "rules": [],
        "checkin_time": "unknown",
        "checkout_time": "unknown",
        "host_name": "unknown",
        "capacity": "unknown"
    },
    {
        "id": "ecotourism-595936",
        "url": "https://www.jabama.com/stay/ecotourism-595936",
        "title": "اجاره بوم گردی رودخانه کوهستان - واحد 6 رستم آباد",
        "img_links": [],
        "metr": "unknown",
        "address": "unknown",
        "price": "unknown",
        "facilities": [],
        "rating": "unknown",
        "rules": [],
        "checkin_time": "unknown",
        "checkout_time": "unknown",
        "host_name": "unknown",
        "capacity": "unknown"
    },
    {
        "id": "ecotourism-678925",
        "url": "https://www.jabama.com/stay/ecotourism-678925",
        "title": "اجاره بوم گردی حصیر - واحد فلت نور و نمک قشم",
        "img_links": [],
        "metr": "unknown",
        "address": "unknown",
        "price": "unknown",
        "facilities": [],
        "rating": "unknown",
        "rules": [],
        "checkin_time": "unknown",
        "checkout_time": "unknown",
        "host_name": "unknown",
        "capacity": "unknown"
    },
    {
        "id": "traditional-492293",
        "url": "https://www.jabama.com/stay/traditional-492293",
        "title": "اقامتگاه سنتی ملک التجار - واحد حوض خانه",
        "img_links": [],
        "metr": "unknown",
        "address": "unknown",
        "price": "unknown",
        "facilities": [],
        "rating": "unknown",
        "rules": [],
        "checkin_time": "unknown",
        "checkout_time": "unknown",
        "host_name": "unknown",
        "capacity": "unknown"
    },
    {
        "id": "ecotourism-432817",
        "url": "https://www.jabama.com/stay/ecotourism-432817",
        "title": "اجاره بوم گردی پرچین نومل - واحد پنج افرا گرگان",
        "img_links": [],
        "metr": "unknown",
        "address": "unknown",
        "price": "unknown",
        "facilities": [],
        "rating": "unknown",
        "rules": [],
        "checkin_time": "unknown",
        "checkout_time": "unknown",
        "host_name": "unknown",
        "capacity": "unknown"
    },
    {
        "id": "ecotourism-665493",
        "url": "https://www.jabama.com/stay/ecotourism-665493",
        "title": "اجاره بوم گردی دوخوابه ساحلی استخردار خانه روشن قشم",
        "img_links": [],
        "metr": "unknown",
        "address": "unknown",
        "price": "unknown",
        "facilities": [],
        "rating": "unknown",
        "rules": [],
        "checkin_time": "unknown",
        "checkout_time": "unknown",
        "host_name": "unknown",
        "capacity": "unknown"
    },
    {
        "id": "ecotourism-516415",
        "url": "https://www.jabama.com/stay/ecotourism-516415",
        "title": "اجاره بوم گردی سرای بابا حاجی - واحد ناخدا دلوار",
        "img_links": [],
        "metr": "unknown",
        "address": "unknown",
        "price": "unknown",
        "facilities": [],
        "rating": "unknown",
        "rules": [],
        "checkin_time": "unknown",
        "checkout_time": "unknown",
        "host_name": "unknown",
        "capacity": "unknown"
    },
    {
        "id": "traditional-675612",
        "url": "https://www.jabama.com/stay/traditional-675612",
        "title": "اقامتگاه سنتی رُباب - واحد تار",
        "img_links": [],
        "metr": "unknown",
        "address": "unknown",
        "price": "unknown",
        "facilities": [],
        "rating": "unknown",
        "rules": [],
        "checkin_time": "unknown",
        "checkout_time": "unknown",
        "host_name": "unknown",
        "capacity": "unknown"
    },
    {
        "id": "traditional-534871",
        "url": "https://www.jabama.com/stay/traditional-534871",
        "title": "اقامتگاه سنتی توراندخت - واحد پنج دری",
        "img_links": [],
        "metr": "unknown",
        "address": "unknown",
        "price": "unknown",
        "facilities": [],
        "rating": "unknown",
        "rules": [],
        "checkin_time": "unknown",
        "checkout_time": "unknown",
        "host_name": "unknown",
        "capacity": "unknown"
    },
    {
        "id": "traditional-714700",
        "url": "https://www.jabama.com/stay/traditional-714700",
        "title": "اقامتگاه سنتی سرای ریواس - واحد 3",
        "img_links": [],
        "metr": "unknown",
        "address": "unknown",
        "price": "unknown",
        "facilities": [],
        "rating": "unknown",
        "rules": [],
        "checkin_time": "unknown",
        "checkout_time": "unknown",
        "host_name": "unknown",
        "capacity": "unknown"
    },
    {
        "id": "traditional-600741",
        "url": "https://www.jabama.com/stay/traditional-600741",
        "title": "اقامتگاه سنتی بالی - واحد 7",
        "img_links": [],
        "metr": "unknown",
        "address": "unknown",
        "price": "unknown",
        "facilities": [],
        "rating": "unknown",
        "rules": [],
        "checkin_time": "unknown",
        "checkout_time": "unknown",
        "host_name": "unknown",
        "capacity": "unknown"
    },
    {
        "id": "ecotourism-662499",
        "url": "https://www.jabama.com/stay/ecotourism-662499",
        "title": "اجاره بوم گردی الوندجنوب بندر مقام - واحد ۳ پارسیان",
        "img_links": [],
        "metr": "unknown",
        "address": "unknown",
        "price": "unknown",
        "facilities": [],
        "rating": "unknown",
        "rules": [],
        "checkin_time": "unknown",
        "checkout_time": "unknown",
        "host_name": "unknown",
        "capacity": "unknown"
    },
    {
        "id": "traditional-484759",
        "url": "https://www.jabama.com/stay/traditional-484759",
        "title": "اقامتگاه سنتی استارسو - واحد عمارت پرندگان زيک",
        "img_links": [],
        "metr": "unknown",
        "address": "unknown",
        "price": "unknown",
        "facilities": [],
        "rating": "unknown",
        "rules": [],
        "checkin_time": "unknown",
        "checkout_time": "unknown",
        "host_name": "unknown",
        "capacity": "unknown"
    },
    {
        "id": "traditional-593051",
        "url": "https://www.jabama.com/stay/traditional-593051",
        "title": "اقامتگاه سنتی نیما و نیکان - واحد کلاه فرنگی",
        "img_links": [],
        "metr": "unknown",
        "address": "unknown",
        "price": "unknown",
        "facilities": [],
        "rating": "unknown",
        "rules": [],
        "checkin_time": "unknown",
        "checkout_time": "unknown",
        "host_name": "unknown",
        "capacity": "unknown"
    },
    {
        "id": "traditional-484760",
        "url": "https://www.jabama.com/stay/traditional-484760",
        "title": "اقامتگاه سنتی استارسو - واحد عمارت پرندگان داركتن",
        "img_links": [],
        "metr": "unknown",
        "address": "unknown",
        "price": "unknown",
        "facilities": [],
        "rating": "unknown",
        "rules": [],
        "checkin_time": "unknown",
        "checkout_time": "unknown",
        "host_name": "unknown",
        "capacity": "unknown"
    },
    {
        "id": "ecotourism-659826",
        "url": "https://www.jabama.com/stay/ecotourism-659826",
        "title": "اجاره بوم گردی حورا - واحد هاف قشم",
        "img_links": [],
        "metr": "unknown",
        "address": "unknown",
        "price": "unknown",
        "facilities": [],
        "rating": "unknown",
        "rules": [],
        "checkin_time": "unknown",
        "checkout_time": "unknown",
        "host_name": "unknown",
        "capacity": "unknown"
    },
    {
        "id": "traditional-673197",
        "url": "https://www.jabama.com/stay/traditional-673197",
        "title": "اقامتگاه سنتی رُباب - واحد دَمام",
        "img_links": [],
        "metr": "unknown",
        "address": "unknown",
        "price": "unknown",
        "facilities": [],
        "rating": "unknown",
        "rules": [],
        "checkin_time": "unknown",
        "checkout_time": "unknown",
        "host_name": "unknown",
        "capacity": "unknown"
    },
    {
        "id": "ecotourism-372747",
        "url": "https://www.jabama.com/stay/ecotourism-372747",
        "title": "اجاره بوم گردی الهه - واحد یاس یزد",
        "img_links": [],
        "metr": "unknown",
        "address": "unknown",
        "price": "unknown",
        "facilities": [],
        "rating": "unknown",
        "rules": [],
        "checkin_time": "unknown",
        "checkout_time": "unknown",
        "host_name": "unknown",
        "capacity": "unknown"
    },
    {
        "id": "traditional-670048",
        "url": "https://www.jabama.com/stay/traditional-670048",
        "title": "اقامتگاه سنتی طلوع - واحد 2",
        "img_links": [],
        "metr": "unknown",
        "address": "unknown",
        "price": "unknown",
        "facilities": [],
        "rating": "unknown",
        "rules": [],
        "checkin_time": "unknown",
        "checkout_time": "unknown",
        "host_name": "unknown",
        "capacity": "unknown"
    },
    {
        "id": "ecotourism-489047",
        "url": "https://www.jabama.com/stay/ecotourism-489047",
        "title": "اجاره بوم گردی نوررر - نور - واحد 1 هرمز",
        "img_links": [],
        "metr": "unknown",
        "address": "unknown",
        "price": "unknown",
        "facilities": [],
        "rating": "unknown",
        "rules": [],
        "checkin_time": "unknown",
        "checkout_time": "unknown",
        "host_name": "unknown",
        "capacity": "unknown"
    },
    {
        "id": "ecotourism-611746",
        "url": "https://www.jabama.com/stay/ecotourism-611746",
        "title": "اجاره بوم گردی زربانو - واحد 1 رامسر",
        "img_links": [],
        "metr": "unknown",
        "address": "unknown",
        "price": "unknown",
        "facilities": [],
        "rating": "unknown",
        "rules": [],
        "checkin_time": "unknown",
        "checkout_time": "unknown",
        "host_name": "unknown",
        "capacity": "unknown"
    }
]